./scripts/dev.sh app
[0;34m[INFO][0m 启动后端应用（本地开发模式）...
[0;34m[INFO][0m 加载 .env 文件...
[1;33m[WARNING][0m localhost:5432 不可达，使用容器直连: 172.19.0.5:5432
[0;34m[INFO][0m 环境变量已设置，启动应用...
[0;34m[INFO][0m 数据库地址: 172.19.0.5:5432
[0;34m[INFO][0m 未检测到 Air，使用普通模式启动
[1;33m[WARNING][0m 提示: 安装 Air 可以实现代码修改后自动重启
[0;34m[INFO][0m 安装命令: go install github.com/air-verse/air@latest
DEBUG[2026-05-26 17:34:09.534] [] container.go:98[BuildContainer] | [Container] Starting container initialization...
DEBUG[2026-05-26 17:34:09.535] [] container.go:104[BuildContainer] | [Container] Registering core infrastructure...
INFO [2026-05-26 17:34:09.536] [] manager.go:59[Init]  | [Langfuse] enabled host=http://langfuse-web:3000 flush_at=15 flush_interval=3s sample_rate=1.00
Using configuration file: /mnt/c/Users/zcq19/Desktop/test/WeKnora/config/config.yaml
DEBUG[2026-05-26 17:34:09.621] [] container.go:121[BuildContainer] | [Container] Registering retrieval engine registry...
DEBUG[2026-05-26 17:34:09.621] [] container.go:125[BuildContainer] | [Container] Registering external service clients...
DEBUG[2026-05-26 17:34:09.622] [] container.go:131[BuildContainer] | [Container] Initializing DuckDB...
DEBUG[2026-05-26 17:34:09.622] [] container.go:133[BuildContainer] | [Container] DuckDB registered
DEBUG[2026-05-26 17:34:09.622] [] container.go:136[BuildContainer] | [Container] Registering repositories...
DEBUG[2026-05-26 17:34:09.622] [] container.go:165[BuildContainer] | [Container] Registering MCP manager...
DEBUG[2026-05-26 17:34:09.623] [] container.go:169[BuildContainer] | [Container] Registering business services...
DEBUG[2026-05-26 17:34:09.624] [] container.go:202[BuildContainer] | [Container] Registering web search registry and providers...
DEBUG[2026-05-26 17:34:09.624] [] container.go:226[BuildContainer] | [Container] Registering event bus and agent service...
DEBUG[2026-05-26 17:34:09.625] [] container.go:237[BuildContainer] | [Container] Registering session service...
DEBUG[2026-05-26 17:34:09.625] [] container.go:240[BuildContainer] | [Container] Registering task enqueuer...
DEBUG[2026-05-26 17:34:09.625] [] container.go:252[BuildContainer] | [Container] Registering chat pipeline plugins...
DEBUG[2026-05-26 17:34:09.626] [] container.go:255[BuildContainer] | [Container] Registering data source sync framework...
INFO [2026-05-26 17:34:09.627] [] container.go:424[initDatabase] | Skip embedding: false
INFO [2026-05-26 17:34:09.627] [] container.go:437[initDatabase] | DB Config: user=postgres host=172.19.0.5 port=5432 dbname=WeKnora
INFO [2026-05-26 17:34:09.634] [] container.go:485[initDatabase] | Running database migrations...
INFO [2026-05-26 17:34:09.634] [] migration.go:104[RunMigrationsWithOptions] | Starting database migration...
INFO [2026-05-26 17:34:09.800] [] migration.go:157[RunMigrationsWithOptions] | Current migration version: 42, dirty: false
INFO [2026-05-26 17:34:09.801] [] migration.go:194[RunMigrationsWithOptions] | Running pending migrations...
INFO [2026-05-26 17:34:09.805] [] migration.go:250[RunMigrationsWithOptions] | Database is up to date (version: 42)
INFO [2026-05-26 17:34:09.812] [] container.go:582[syncSequences] | Synced sequence chunks_seq_id_seq with table chunks
INFO [2026-05-26 17:34:09.815] [] container.go:582[syncSequences] | Synced sequence knowledge_tags_seq_id_seq with table knowledge_tags
INFO [2026-05-26 17:34:09.821] [] scheduler.go:73[Start] | [Scheduler] started with 0 cron entries
DEBUG[2026-05-26 17:34:09.821] [] container.go:260[BuildContainer] | [Container] Data source sync framework registered
INFO [2026-05-26 17:34:09.822] []                      | Ollama base URL: http://host.docker.internal:11434
INFO [2026-05-26 17:34:09.822] []                      | [Postgres] Initializing PostgreSQL retriever engine repository
INFO [2026-05-26 17:34:09.822] []                      | Register postgres retrieve engine success
DEBUG[2026-05-26 17:34:09.825] [] container.go:1174[initNeo4jClient] | NOT SUPPORT RETRIEVE GRAPH
INFO [2026-05-26 17:34:09.825] [] grpc_parser.go:64[connect] | Connected to docreader in 229.107µs
INFO [2026-05-26 17:34:09.928] [] container.go:1229[NewDuckDB] | [DuckDB] Extension spatial loaded (cached)
INFO [2026-05-26 17:34:09.943] [] container.go:1229[NewDuckDB] | [DuckDB] Extension excel loaded (cached)
DEBUG[2026-05-26 17:34:09.944] [] container.go:278[BuildContainer] | [Container] Chat pipeline plugins registered
DEBUG[2026-05-26 17:34:09.944] [] container.go:281[BuildContainer] | [Container] Registering HTTP handlers...
DEBUG[2026-05-26 17:34:09.945] [] container.go:309[BuildContainer] | [Container] Registering IM integration...
INFO [2026-05-26 17:34:09.948] [] service.go:461[NewService] | [IM] Multi-instance mode enabled (instance=70765d94, workers=5, queue=50, global_max=unlimited)
INFO [2026-05-26 17:34:09.949] [] service.go:527[LoadAndStartChannels] | [IM] Loaded 0 enabled channels
DEBUG[2026-05-26 17:34:09.950] [] container.go:314[BuildContainer] | [Container] HTTP handlers registered
DEBUG[2026-05-26 17:34:09.950] [] container.go:317[BuildContainer] | [Container] Registering router and starting task server...
INFO [2026-05-26 17:34:09.951] [] container.go:325[BuildContainer] | [Container] Container initialization completed successfully
asynq: pid=1414877 2026/05/26 09:34:09.951523 INFO: Starting processing
asynq: pid=1414877 2026/05/26 09:34:09.952015 INFO: Send signal TSTP to stop processing new tasks
asynq: pid=1414877 2026/05/26 09:34:09.952379 INFO: Send signal TERM or INT to terminate the process
[GIN-debug] [WARNING] Running in "debug" mode. Switch to "release" mode in production.
 - using env:	export GIN_MODE=release
 - using code:	gin.SetMode(gin.ReleaseMode)

[GIN-debug] GET    /health                   --> github.com/Tencent/WeKnora/internal/router.NewRouter.func1 (7 handlers)
[GIN-debug] GET    /swagger/*any             --> github.com/swaggo/gin-swagger.CustomWrapHandler.func1 (7 handlers)
[GIN-debug] GET    /api/v1/im/callback/:channel_id --> github.com/Tencent/WeKnora/internal/handler.(*IMHandler).IMCallback-fm (7 handlers)
[GIN-debug] POST   /api/v1/im/callback/:channel_id --> github.com/Tencent/WeKnora/internal/handler.(*IMHandler).IMCallback-fm (7 handlers)
INFO [2026-05-26 17:34:09.958] [] router.go:789[serveFiles] | [Router] Serving files from /files (local base: /mnt/c/Users/zcq19/Desktop/test/WeKnora/data/files)
[GIN-debug] GET    /files                    --> github.com/Tencent/WeKnora/internal/router.serveFiles.func1 (8 handlers)
[GIN-debug] GET    /api/v1/files/presigned   --> github.com/Tencent/WeKnora/internal/router.servePresignedFiles.func1 (8 handlers)
[GIN-debug] POST   /api/v1/auth/register     --> github.com/Tencent/WeKnora/internal/handler.(*AuthHandler).Register-fm (9 handlers)
[GIN-debug] POST   /api/v1/auth/login        --> github.com/Tencent/WeKnora/internal/handler.(*AuthHandler).Login-fm (9 handlers)
[GIN-debug] POST   /api/v1/auth/auto-setup   --> github.com/Tencent/WeKnora/internal/handler.(*AuthHandler).AutoSetup-fm (9 handlers)
[GIN-debug] GET    /api/v1/auth/oidc/config  --> github.com/Tencent/WeKnora/internal/handler.(*AuthHandler).GetOIDCConfig-fm (9 handlers)
[GIN-debug] GET    /api/v1/auth/oidc/url     --> github.com/Tencent/WeKnora/internal/handler.(*AuthHandler).GetOIDCAuthorizationURL-fm (9 handlers)
[GIN-debug] GET    /api/v1/auth/oidc/callback --> github.com/Tencent/WeKnora/internal/handler.(*AuthHandler).OIDCRedirectCallback-fm (9 handlers)
[GIN-debug] POST   /api/v1/auth/refresh      --> github.com/Tencent/WeKnora/internal/handler.(*AuthHandler).RefreshToken-fm (9 handlers)
[GIN-debug] GET    /api/v1/auth/validate     --> github.com/Tencent/WeKnora/internal/handler.(*AuthHandler).ValidateToken-fm (9 handlers)
[GIN-debug] POST   /api/v1/auth/logout       --> github.com/Tencent/WeKnora/internal/handler.(*AuthHandler).Logout-fm (9 handlers)
[GIN-debug] GET    /api/v1/auth/me           --> github.com/Tencent/WeKnora/internal/handler.(*AuthHandler).GetCurrentUser-fm (9 handlers)
[GIN-debug] POST   /api/v1/auth/change-password --> github.com/Tencent/WeKnora/internal/handler.(*AuthHandler).ChangePassword-fm (9 handlers)
[GIN-debug] GET    /api/v1/tenants/all       --> github.com/Tencent/WeKnora/internal/handler.(*TenantHandler).ListAllTenants-fm (9 handlers)
[GIN-debug] GET    /api/v1/tenants/search    --> github.com/Tencent/WeKnora/internal/handler.(*TenantHandler).SearchTenants-fm (9 handlers)
[GIN-debug] POST   /api/v1/tenants           --> github.com/Tencent/WeKnora/internal/handler.(*TenantHandler).CreateTenant-fm (9 handlers)
[GIN-debug] GET    /api/v1/tenants/:id       --> github.com/Tencent/WeKnora/internal/handler.(*TenantHandler).GetTenant-fm (9 handlers)
[GIN-debug] PUT    /api/v1/tenants/:id       --> github.com/Tencent/WeKnora/internal/handler.(*TenantHandler).UpdateTenant-fm (9 handlers)
[GIN-debug] DELETE /api/v1/tenants/:id       --> github.com/Tencent/WeKnora/internal/handler.(*TenantHandler).DeleteTenant-fm (9 handlers)
[GIN-debug] POST   /api/v1/tenants/:id/api-key --> github.com/Tencent/WeKnora/internal/handler.(*TenantHandler).ResetAPIKey-fm (9 handlers)
[GIN-debug] GET    /api/v1/tenants           --> github.com/Tencent/WeKnora/internal/handler.(*TenantHandler).ListTenants-fm (9 handlers)
[GIN-debug] GET    /api/v1/tenants/kv/:key   --> github.com/Tencent/WeKnora/internal/handler.(*TenantHandler).GetTenantKV-fm (9 handlers)
[GIN-debug] PUT    /api/v1/tenants/kv/:key   --> github.com/Tencent/WeKnora/internal/handler.(*TenantHandler).UpdateTenantKV-fm (9 handlers)
[GIN-debug] POST   /api/v1/knowledge-bases   --> github.com/Tencent/WeKnora/internal/handler.(*KnowledgeBaseHandler).CreateKnowledgeBase-fm (9 handlers)
[GIN-debug] GET    /api/v1/knowledge-bases   --> github.com/Tencent/WeKnora/internal/handler.(*KnowledgeBaseHandler).ListKnowledgeBases-fm (9 handlers)
[GIN-debug] GET    /api/v1/knowledge-bases/:id --> github.com/Tencent/WeKnora/internal/handler.(*KnowledgeBaseHandler).GetKnowledgeBase-fm (9 handlers)
[GIN-debug] PUT    /api/v1/knowledge-bases/:id --> github.com/Tencent/WeKnora/internal/handler.(*KnowledgeBaseHandler).UpdateKnowledgeBase-fm (9 handlers)
[GIN-debug] DELETE /api/v1/knowledge-bases/:id --> github.com/Tencent/WeKnora/internal/handler.(*KnowledgeBaseHandler).DeleteKnowledgeBase-fm (9 handlers)
[GIN-debug] PUT    /api/v1/knowledge-bases/:id/pin --> github.com/Tencent/WeKnora/internal/handler.(*KnowledgeBaseHandler).TogglePinKnowledgeBase-fm (9 handlers)
[GIN-debug] GET    /api/v1/knowledge-bases/:id/hybrid-search --> github.com/Tencent/WeKnora/internal/handler.(*KnowledgeBaseHandler).HybridSearch-fm (9 handlers)
[GIN-debug] POST   /api/v1/knowledge-bases/copy --> github.com/Tencent/WeKnora/internal/handler.(*KnowledgeBaseHandler).CopyKnowledgeBase-fm (9 handlers)
[GIN-debug] GET    /api/v1/knowledge-bases/copy/progress/:task_id --> github.com/Tencent/WeKnora/internal/handler.(*KnowledgeBaseHandler).GetKBCloneProgress-fm (9 handlers)
[GIN-debug] GET    /api/v1/knowledge-bases/:id/move-targets --> github.com/Tencent/WeKnora/internal/handler.(*KnowledgeBaseHandler).ListMoveTargets-fm (9 handlers)
[GIN-debug] GET    /api/v1/knowledge-bases/:id/tags --> github.com/Tencent/WeKnora/internal/handler.(*TagHandler).ListTags-fm (9 handlers)
[GIN-debug] POST   /api/v1/knowledge-bases/:id/tags --> github.com/Tencent/WeKnora/internal/handler.(*TagHandler).CreateTag-fm (9 handlers)
[GIN-debug] PUT    /api/v1/knowledge-bases/:id/tags/:tag_id --> github.com/Tencent/WeKnora/internal/handler.(*TagHandler).UpdateTag-fm (9 handlers)
[GIN-debug] DELETE /api/v1/knowledge-bases/:id/tags/:tag_id --> github.com/Tencent/WeKnora/internal/handler.(*TagHandler).DeleteTag-fm (9 handlers)
[GIN-debug] POST   /api/v1/knowledge-bases/:id/knowledge/file --> github.com/Tencent/WeKnora/internal/handler.(*KnowledgeHandler).CreateKnowledgeFromFile-fm (9 handlers)
[GIN-debug] POST   /api/v1/knowledge-bases/:id/knowledge/url --> github.com/Tencent/WeKnora/internal/handler.(*KnowledgeHandler).CreateKnowledgeFromURL-fm (9 handlers)
[GIN-debug] POST   /api/v1/knowledge-bases/:id/knowledge/manual --> github.com/Tencent/WeKnora/internal/handler.(*KnowledgeHandler).CreateManualKnowledge-fm (9 handlers)
[GIN-debug] GET    /api/v1/knowledge-bases/:id/knowledge --> github.com/Tencent/WeKnora/internal/handler.(*KnowledgeHandler).ListKnowledge-fm (9 handlers)
[GIN-debug] DELETE /api/v1/knowledge-bases/:id/knowledge --> github.com/Tencent/WeKnora/internal/handler.(*KnowledgeHandler).ClearKnowledgeBaseContents-fm (9 handlers)
[GIN-debug] GET    /api/v1/knowledge/batch   --> github.com/Tencent/WeKnora/internal/handler.(*KnowledgeHandler).GetKnowledgeBatch-fm (9 handlers)
[GIN-debug] GET    /api/v1/knowledge/:id     --> github.com/Tencent/WeKnora/internal/handler.(*KnowledgeHandler).GetKnowledge-fm (9 handlers)
[GIN-debug] DELETE /api/v1/knowledge/:id     --> github.com/Tencent/WeKnora/internal/handler.(*KnowledgeHandler).DeleteKnowledge-fm (9 handlers)
[GIN-debug] PUT    /api/v1/knowledge/:id     --> github.com/Tencent/WeKnora/internal/handler.(*KnowledgeHandler).UpdateKnowledge-fm (9 handlers)
[GIN-debug] PUT    /api/v1/knowledge/manual/:id --> github.com/Tencent/WeKnora/internal/handler.(*KnowledgeHandler).UpdateManualKnowledge-fm (9 handlers)
[GIN-debug] POST   /api/v1/knowledge/:id/reparse --> github.com/Tencent/WeKnora/internal/handler.(*KnowledgeHandler).ReparseKnowledge-fm (9 handlers)
[GIN-debug] GET    /api/v1/knowledge/:id/download --> github.com/Tencent/WeKnora/internal/handler.(*KnowledgeHandler).DownloadKnowledgeFile-fm (9 handlers)
[GIN-debug] GET    /api/v1/knowledge/:id/preview --> github.com/Tencent/WeKnora/internal/handler.(*KnowledgeHandler).PreviewKnowledgeFile-fm (9 handlers)
[GIN-debug] PUT    /api/v1/knowledge/image/:id/:chunk_id --> github.com/Tencent/WeKnora/internal/handler.(*KnowledgeHandler).UpdateImageInfo-fm (9 handlers)
[GIN-debug] PUT    /api/v1/knowledge/tags    --> github.com/Tencent/WeKnora/internal/handler.(*KnowledgeHandler).UpdateKnowledgeTagBatch-fm (9 handlers)
[GIN-debug] GET    /api/v1/knowledge/search  --> github.com/Tencent/WeKnora/internal/handler.(*KnowledgeHandler).SearchKnowledge-fm (9 handlers)
[GIN-debug] POST   /api/v1/knowledge/batch-delete --> github.com/Tencent/WeKnora/internal/handler.(*KnowledgeHandler).BatchDeleteKnowledge-fm (9 handlers)
[GIN-debug] POST   /api/v1/knowledge/move    --> github.com/Tencent/WeKnora/internal/handler.(*KnowledgeHandler).MoveKnowledge-fm (9 handlers)
[GIN-debug] GET    /api/v1/knowledge/move/progress/:task_id --> github.com/Tencent/WeKnora/internal/handler.(*KnowledgeHandler).GetKnowledgeMoveProgress-fm (9 handlers)
[GIN-debug] GET    /api/v1/knowledge-bases/:id/faq/entries --> github.com/Tencent/WeKnora/internal/handler.(*FAQHandler).ListEntries-fm (9 handlers)
[GIN-debug] GET    /api/v1/knowledge-bases/:id/faq/entries/export --> github.com/Tencent/WeKnora/internal/handler.(*FAQHandler).ExportEntries-fm (9 handlers)
[GIN-debug] GET    /api/v1/knowledge-bases/:id/faq/entries/:entry_id --> github.com/Tencent/WeKnora/internal/handler.(*FAQHandler).GetEntry-fm (9 handlers)
[GIN-debug] POST   /api/v1/knowledge-bases/:id/faq/entries --> github.com/Tencent/WeKnora/internal/handler.(*FAQHandler).UpsertEntries-fm (9 handlers)
[GIN-debug] POST   /api/v1/knowledge-bases/:id/faq/entry --> github.com/Tencent/WeKnora/internal/handler.(*FAQHandler).CreateEntry-fm (9 handlers)
[GIN-debug] PUT    /api/v1/knowledge-bases/:id/faq/entries/:entry_id --> github.com/Tencent/WeKnora/internal/handler.(*FAQHandler).UpdateEntry-fm (9 handlers)
[GIN-debug] POST   /api/v1/knowledge-bases/:id/faq/entries/:entry_id/similar-questions --> github.com/Tencent/WeKnora/internal/handler.(*FAQHandler).AddSimilarQuestions-fm (9 handlers)
[GIN-debug] PUT    /api/v1/knowledge-bases/:id/faq/entries/fields --> github.com/Tencent/WeKnora/internal/handler.(*FAQHandler).UpdateEntryFieldsBatch-fm (9 handlers)
[GIN-debug] PUT    /api/v1/knowledge-bases/:id/faq/entries/tags --> github.com/Tencent/WeKnora/internal/handler.(*FAQHandler).UpdateEntryTagBatch-fm (9 handlers)
[GIN-debug] DELETE /api/v1/knowledge-bases/:id/faq/entries --> github.com/Tencent/WeKnora/internal/handler.(*FAQHandler).DeleteEntries-fm (9 handlers)
[GIN-debug] POST   /api/v1/knowledge-bases/:id/faq/search --> github.com/Tencent/WeKnora/internal/handler.(*FAQHandler).SearchFAQ-fm (9 handlers)
[GIN-debug] PUT    /api/v1/knowledge-bases/:id/faq/import/last-result/display --> github.com/Tencent/WeKnora/internal/handler.(*FAQHandler).UpdateLastImportResultDisplayStatus-fm (9 handlers)
[GIN-debug] GET    /api/v1/faq/import/progress/:task_id --> github.com/Tencent/WeKnora/internal/handler.(*FAQHandler).GetImportProgress-fm (9 handlers)
[GIN-debug] GET    /api/v1/chunks/:knowledge_id --> github.com/Tencent/WeKnora/internal/handler.(*ChunkHandler).ListKnowledgeChunks-fm (9 handlers)
[GIN-debug] GET    /api/v1/chunks/by-id/:id  --> github.com/Tencent/WeKnora/internal/handler.(*ChunkHandler).GetChunkByIDOnly-fm (9 handlers)
[GIN-debug] DELETE /api/v1/chunks/:knowledge_id/:id --> github.com/Tencent/WeKnora/internal/handler.(*ChunkHandler).DeleteChunk-fm (9 handlers)
[GIN-debug] DELETE /api/v1/chunks/:knowledge_id --> github.com/Tencent/WeKnora/internal/handler.(*ChunkHandler).DeleteChunksByKnowledgeID-fm (9 handlers)
[GIN-debug] PUT    /api/v1/chunks/:knowledge_id/:id --> github.com/Tencent/WeKnora/internal/handler.(*ChunkHandler).UpdateChunk-fm (9 handlers)
[GIN-debug] DELETE /api/v1/chunks/by-id/:id/questions --> github.com/Tencent/WeKnora/internal/handler.(*ChunkHandler).DeleteGeneratedQuestion-fm (9 handlers)
[GIN-debug] POST   /api/v1/sessions          --> github.com/Tencent/WeKnora/internal/handler/session.(*Handler).CreateSession-fm (9 handlers)
[GIN-debug] DELETE /api/v1/sessions/batch    --> github.com/Tencent/WeKnora/internal/handler/session.(*Handler).BatchDeleteSessions-fm (9 handlers)
[GIN-debug] GET    /api/v1/sessions/:id      --> github.com/Tencent/WeKnora/internal/handler/session.(*Handler).GetSession-fm (9 handlers)
[GIN-debug] GET    /api/v1/sessions          --> github.com/Tencent/WeKnora/internal/handler/session.(*Handler).GetSessionsByTenant-fm (9 handlers)
[GIN-debug] PUT    /api/v1/sessions/:id      --> github.com/Tencent/WeKnora/internal/handler/session.(*Handler).UpdateSession-fm (9 handlers)
[GIN-debug] DELETE /api/v1/sessions/:id      --> github.com/Tencent/WeKnora/internal/handler/session.(*Handler).DeleteSession-fm (9 handlers)
[GIN-debug] DELETE /api/v1/sessions/:id/messages --> github.com/Tencent/WeKnora/internal/handler/session.(*Handler).ClearSessionMessages-fm (9 handlers)
[GIN-debug] POST   /api/v1/sessions/:session_id/generate_title --> github.com/Tencent/WeKnora/internal/handler/session.(*Handler).GenerateTitle-fm (9 handlers)
[GIN-debug] POST   /api/v1/sessions/:session_id/stop --> github.com/Tencent/WeKnora/internal/handler/session.(*Handler).StopSession-fm (9 handlers)
[GIN-debug] POST   /api/v1/sessions/:session_id/pin --> github.com/Tencent/WeKnora/internal/handler/session.(*Handler).PinSession-fm (9 handlers)
[GIN-debug] DELETE /api/v1/sessions/:id/pin  --> github.com/Tencent/WeKnora/internal/handler/session.(*Handler).UnpinSession-fm (9 handlers)
[GIN-debug] GET    /api/v1/sessions/continue-stream/:session_id --> github.com/Tencent/WeKnora/internal/handler/session.(*Handler).ContinueStream-fm (9 handlers)
[GIN-debug] POST   /api/v1/knowledge-chat/:session_id --> github.com/Tencent/WeKnora/internal/handler/session.(*Handler).KnowledgeQA-fm (9 handlers)
[GIN-debug] POST   /api/v1/agent-chat/:session_id --> github.com/Tencent/WeKnora/internal/handler/session.(*Handler).AgentQA-fm (9 handlers)
[GIN-debug] POST   /api/v1/knowledge-search  --> github.com/Tencent/WeKnora/internal/handler/session.(*Handler).SearchKnowledge-fm (9 handlers)
[GIN-debug] POST   /api/v1/messages/search   --> github.com/Tencent/WeKnora/internal/handler.(*MessageHandler).SearchMessages-fm (9 handlers)
[GIN-debug] GET    /api/v1/messages/chat-history-stats --> github.com/Tencent/WeKnora/internal/handler.(*MessageHandler).GetChatHistoryKBStats-fm (9 handlers)
[GIN-debug] GET    /api/v1/messages/:session_id/load --> github.com/Tencent/WeKnora/internal/handler.(*MessageHandler).LoadMessages-fm (9 handlers)
[GIN-debug] DELETE /api/v1/messages/:session_id/:id --> github.com/Tencent/WeKnora/internal/handler.(*MessageHandler).DeleteMessage-fm (9 handlers)
[GIN-debug] GET    /api/v1/models/providers  --> github.com/Tencent/WeKnora/internal/handler.(*ModelHandler).ListModelProviders-fm (9 handlers)
[GIN-debug] POST   /api/v1/models            --> github.com/Tencent/WeKnora/internal/handler.(*ModelHandler).CreateModel-fm (9 handlers)
[GIN-debug] GET    /api/v1/models            --> github.com/Tencent/WeKnora/internal/handler.(*ModelHandler).ListModels-fm (9 handlers)
[GIN-debug] GET    /api/v1/models/:id        --> github.com/Tencent/WeKnora/internal/handler.(*ModelHandler).GetModel-fm (9 handlers)
[GIN-debug] PUT    /api/v1/models/:id        --> github.com/Tencent/WeKnora/internal/handler.(*ModelHandler).UpdateModel-fm (9 handlers)
[GIN-debug] DELETE /api/v1/models/:id        --> github.com/Tencent/WeKnora/internal/handler.(*ModelHandler).DeleteModel-fm (9 handlers)
[GIN-debug] POST   /api/v1/evaluation/       --> github.com/Tencent/WeKnora/internal/handler.(*EvaluationHandler).Evaluation-fm (9 handlers)
[GIN-debug] GET    /api/v1/evaluation/       --> github.com/Tencent/WeKnora/internal/handler.(*EvaluationHandler).GetEvaluationResult-fm (9 handlers)
[GIN-debug] GET    /api/v1/initialization/config/:kbId --> github.com/Tencent/WeKnora/internal/handler.(*InitializationHandler).GetCurrentConfigByKB-fm (9 handlers)
[GIN-debug] POST   /api/v1/initialization/initialize/:kbId --> github.com/Tencent/WeKnora/internal/handler.(*InitializationHandler).InitializeByKB-fm (9 handlers)
[GIN-debug] PUT    /api/v1/initialization/config/:kbId --> github.com/Tencent/WeKnora/internal/handler.(*InitializationHandler).UpdateKBConfig-fm (9 handlers)
[GIN-debug] GET    /api/v1/initialization/ollama/status --> github.com/Tencent/WeKnora/internal/handler.(*InitializationHandler).CheckOllamaStatus-fm (9 handlers)
[GIN-debug] GET    /api/v1/initialization/ollama/models --> github.com/Tencent/WeKnora/internal/handler.(*InitializationHandler).ListOllamaModels-fm (9 handlers)
[GIN-debug] POST   /api/v1/initialization/ollama/models/check --> github.com/Tencent/WeKnora/internal/handler.(*InitializationHandler).CheckOllamaModels-fm (9 handlers)
[GIN-debug] POST   /api/v1/initialization/ollama/models/download --> github.com/Tencent/WeKnora/internal/handler.(*InitializationHandler).DownloadOllamaModel-fm (9 handlers)
[GIN-debug] GET    /api/v1/initialization/ollama/download/progress/:taskId --> github.com/Tencent/WeKnora/internal/handler.(*InitializationHandler).GetDownloadProgress-fm (9 handlers)
[GIN-debug] GET    /api/v1/initialization/ollama/download/tasks --> github.com/Tencent/WeKnora/internal/handler.(*InitializationHandler).ListDownloadTasks-fm (9 handlers)
[GIN-debug] POST   /api/v1/initialization/remote/check --> github.com/Tencent/WeKnora/internal/handler.(*InitializationHandler).CheckRemoteModel-fm (9 handlers)
[GIN-debug] POST   /api/v1/initialization/embedding/test --> github.com/Tencent/WeKnora/internal/handler.(*InitializationHandler).TestEmbeddingModel-fm (9 handlers)
[GIN-debug] POST   /api/v1/initialization/rerank/check --> github.com/Tencent/WeKnora/internal/handler.(*InitializationHandler).CheckRerankModel-fm (9 handlers)
[GIN-debug] POST   /api/v1/initialization/asr/check --> github.com/Tencent/WeKnora/internal/handler.(*InitializationHandler).CheckASRModel-fm (9 handlers)
[GIN-debug] POST   /api/v1/initialization/multimodal/test --> github.com/Tencent/WeKnora/internal/handler.(*InitializationHandler).TestMultimodalFunction-fm (9 handlers)
[GIN-debug] POST   /api/v1/initialization/extract/text-relation --> github.com/Tencent/WeKnora/internal/handler.(*InitializationHandler).ExtractTextRelations-fm (9 handlers)
[GIN-debug] POST   /api/v1/initialization/extract/fabri-tag --> github.com/Tencent/WeKnora/internal/handler.(*InitializationHandler).FabriTag-fm (9 handlers)
[GIN-debug] POST   /api/v1/initialization/extract/fabri-text --> github.com/Tencent/WeKnora/internal/handler.(*InitializationHandler).FabriText-fm (9 handlers)
[GIN-debug] GET    /api/v1/system/info       --> github.com/Tencent/WeKnora/internal/handler.(*SystemHandler).GetSystemInfo-fm (9 handlers)
[GIN-debug] GET    /api/v1/system/parser-engines --> github.com/Tencent/WeKnora/internal/handler.(*SystemHandler).ListParserEngines-fm (9 handlers)
[GIN-debug] POST   /api/v1/system/parser-engines/check --> github.com/Tencent/WeKnora/internal/handler.(*SystemHandler).CheckParserEngines-fm (9 handlers)
[GIN-debug] POST   /api/v1/system/docreader/reconnect --> github.com/Tencent/WeKnora/internal/handler.(*SystemHandler).ReconnectDocReader-fm (9 handlers)
[GIN-debug] GET    /api/v1/system/storage-engine-status --> github.com/Tencent/WeKnora/internal/handler.(*SystemHandler).GetStorageEngineStatus-fm (9 handlers)
[GIN-debug] POST   /api/v1/system/storage-engine-check --> github.com/Tencent/WeKnora/internal/handler.(*SystemHandler).CheckStorageEngine-fm (9 handlers)
[GIN-debug] POST   /api/v1/mcp-services      --> github.com/Tencent/WeKnora/internal/handler.(*MCPServiceHandler).CreateMCPService-fm (9 handlers)
[GIN-debug] GET    /api/v1/mcp-services      --> github.com/Tencent/WeKnora/internal/handler.(*MCPServiceHandler).ListMCPServices-fm (9 handlers)
[GIN-debug] GET    /api/v1/mcp-services/:id  --> github.com/Tencent/WeKnora/internal/handler.(*MCPServiceHandler).GetMCPService-fm (9 handlers)
[GIN-debug] PUT    /api/v1/mcp-services/:id  --> github.com/Tencent/WeKnora/internal/handler.(*MCPServiceHandler).UpdateMCPService-fm (9 handlers)
[GIN-debug] DELETE /api/v1/mcp-services/:id  --> github.com/Tencent/WeKnora/internal/handler.(*MCPServiceHandler).DeleteMCPService-fm (9 handlers)
[GIN-debug] POST   /api/v1/mcp-services/:id/test --> github.com/Tencent/WeKnora/internal/handler.(*MCPServiceHandler).TestMCPService-fm (9 handlers)
[GIN-debug] GET    /api/v1/mcp-services/:id/tools --> github.com/Tencent/WeKnora/internal/handler.(*MCPServiceHandler).GetMCPServiceTools-fm (9 handlers)
[GIN-debug] GET    /api/v1/mcp-services/:id/resources --> github.com/Tencent/WeKnora/internal/handler.(*MCPServiceHandler).GetMCPServiceResources-fm (9 handlers)
[GIN-debug] GET    /api/v1/mcp-services/:id/tool-approvals --> github.com/Tencent/WeKnora/internal/handler.(*MCPServiceHandler).ListMCPToolApprovals-fm (9 handlers)
[GIN-debug] PUT    /api/v1/mcp-services/:id/tool-approvals/:tool_name --> github.com/Tencent/WeKnora/internal/handler.(*MCPServiceHandler).SetMCPToolApproval-fm (9 handlers)
[GIN-debug] POST   /api/v1/agent/tool-approvals/:pending_id --> github.com/Tencent/WeKnora/internal/handler.(*MCPServiceHandler).ResolveToolApproval-fm (9 handlers)
[GIN-debug] GET    /api/v1/web-search/providers --> github.com/Tencent/WeKnora/internal/handler.(*WebSearchHandler).GetProviders-fm (9 handlers)
[GIN-debug] GET    /api/v1/web-search-providers/types --> github.com/Tencent/WeKnora/internal/handler.(*WebSearchProviderHandler).ListProviderTypes-fm (9 handlers)
[GIN-debug] POST   /api/v1/web-search-providers/test --> github.com/Tencent/WeKnora/internal/handler.(*WebSearchProviderHandler).TestProviderRaw-fm (9 handlers)
[GIN-debug] POST   /api/v1/web-search-providers --> github.com/Tencent/WeKnora/internal/handler.(*WebSearchProviderHandler).CreateProvider-fm (9 handlers)
[GIN-debug] GET    /api/v1/web-search-providers --> github.com/Tencent/WeKnora/internal/handler.(*WebSearchProviderHandler).ListProviders-fm (9 handlers)
[GIN-debug] GET    /api/v1/web-search-providers/:id --> github.com/Tencent/WeKnora/internal/handler.(*WebSearchProviderHandler).GetProvider-fm (9 handlers)
[GIN-debug] PUT    /api/v1/web-search-providers/:id --> github.com/Tencent/WeKnora/internal/handler.(*WebSearchProviderHandler).UpdateProvider-fm (9 handlers)
[GIN-debug] DELETE /api/v1/web-search-providers/:id --> github.com/Tencent/WeKnora/internal/handler.(*WebSearchProviderHandler).DeleteProvider-fm (9 handlers)
[GIN-debug] POST   /api/v1/web-search-providers/:id/test --> github.com/Tencent/WeKnora/internal/handler.(*WebSearchProviderHandler).TestProviderByID-fm (9 handlers)
[GIN-debug] GET    /api/v1/vector-stores/types --> github.com/Tencent/WeKnora/internal/handler.(*VectorStoreHandler).ListStoreTypes-fm (9 handlers)
[GIN-debug] POST   /api/v1/vector-stores/test --> github.com/Tencent/WeKnora/internal/handler.(*VectorStoreHandler).TestStoreRaw-fm (9 handlers)
[GIN-debug] POST   /api/v1/vector-stores     --> github.com/Tencent/WeKnora/internal/handler.(*VectorStoreHandler).CreateStore-fm (9 handlers)
[GIN-debug] GET    /api/v1/vector-stores     --> github.com/Tencent/WeKnora/internal/handler.(*VectorStoreHandler).ListStores-fm (9 handlers)
[GIN-debug] GET    /api/v1/vector-stores/:id --> github.com/Tencent/WeKnora/internal/handler.(*VectorStoreHandler).GetStore-fm (9 handlers)
[GIN-debug] PUT    /api/v1/vector-stores/:id --> github.com/Tencent/WeKnora/internal/handler.(*VectorStoreHandler).UpdateStore-fm (9 handlers)
[GIN-debug] DELETE /api/v1/vector-stores/:id --> github.com/Tencent/WeKnora/internal/handler.(*VectorStoreHandler).DeleteStore-fm (9 handlers)
[GIN-debug] POST   /api/v1/vector-stores/:id/test --> github.com/Tencent/WeKnora/internal/handler.(*VectorStoreHandler).TestStoreByID-fm (9 handlers)
[GIN-debug] GET    /api/v1/agents/placeholders --> github.com/Tencent/WeKnora/internal/handler.(*CustomAgentHandler).GetPlaceholders-fm (9 handlers)
[GIN-debug] GET    /api/v1/agents/type-presets --> github.com/Tencent/WeKnora/internal/handler.(*CustomAgentHandler).GetAgentTypePresets-fm (9 handlers)
[GIN-debug] POST   /api/v1/agents            --> github.com/Tencent/WeKnora/internal/handler.(*CustomAgentHandler).CreateAgent-fm (9 handlers)
[GIN-debug] GET    /api/v1/agents            --> github.com/Tencent/WeKnora/internal/handler.(*CustomAgentHandler).ListAgents-fm (9 handlers)
[GIN-debug] GET    /api/v1/agents/:id        --> github.com/Tencent/WeKnora/internal/handler.(*CustomAgentHandler).GetAgent-fm (9 handlers)
[GIN-debug] PUT    /api/v1/agents/:id        --> github.com/Tencent/WeKnora/internal/handler.(*CustomAgentHandler).UpdateAgent-fm (9 handlers)
[GIN-debug] DELETE /api/v1/agents/:id        --> github.com/Tencent/WeKnora/internal/handler.(*CustomAgentHandler).DeleteAgent-fm (9 handlers)
[GIN-debug] POST   /api/v1/agents/:id/copy   --> github.com/Tencent/WeKnora/internal/handler.(*CustomAgentHandler).CopyAgent-fm (9 handlers)
[GIN-debug] GET    /api/v1/agents/:id/suggested-questions --> github.com/Tencent/WeKnora/internal/handler.(*CustomAgentHandler).GetSuggestedQuestions-fm (9 handlers)
[GIN-debug] GET    /api/v1/skills            --> github.com/Tencent/WeKnora/internal/handler.(*SkillHandler).ListSkills-fm (9 handlers)
[GIN-debug] POST   /api/v1/organizations     --> github.com/Tencent/WeKnora/internal/handler.(*OrganizationHandler).CreateOrganization-fm (9 handlers)
[GIN-debug] GET    /api/v1/organizations     --> github.com/Tencent/WeKnora/internal/handler.(*OrganizationHandler).ListMyOrganizations-fm (9 handlers)
[GIN-debug] GET    /api/v1/organizations/preview/:code --> github.com/Tencent/WeKnora/internal/handler.(*OrganizationHandler).PreviewByInviteCode-fm (9 handlers)
[GIN-debug] POST   /api/v1/organizations/join --> github.com/Tencent/WeKnora/internal/handler.(*OrganizationHandler).JoinByInviteCode-fm (9 handlers)
[GIN-debug] POST   /api/v1/organizations/join-request --> github.com/Tencent/WeKnora/internal/handler.(*OrganizationHandler).SubmitJoinRequest-fm (9 handlers)
[GIN-debug] GET    /api/v1/organizations/search --> github.com/Tencent/WeKnora/internal/handler.(*OrganizationHandler).SearchOrganizations-fm (9 handlers)
[GIN-debug] POST   /api/v1/organizations/join-by-id --> github.com/Tencent/WeKnora/internal/handler.(*OrganizationHandler).JoinByOrganizationID-fm (9 handlers)
[GIN-debug] GET    /api/v1/organizations/:id --> github.com/Tencent/WeKnora/internal/handler.(*OrganizationHandler).GetOrganization-fm (9 handlers)
[GIN-debug] PUT    /api/v1/organizations/:id --> github.com/Tencent/WeKnora/internal/handler.(*OrganizationHandler).UpdateOrganization-fm (9 handlers)
[GIN-debug] DELETE /api/v1/organizations/:id --> github.com/Tencent/WeKnora/internal/handler.(*OrganizationHandler).DeleteOrganization-fm (9 handlers)
[GIN-debug] POST   /api/v1/organizations/:id/leave --> github.com/Tencent/WeKnora/internal/handler.(*OrganizationHandler).LeaveOrganization-fm (9 handlers)
[GIN-debug] POST   /api/v1/organizations/:id/request-upgrade --> github.com/Tencent/WeKnora/internal/handler.(*OrganizationHandler).RequestRoleUpgrade-fm (9 handlers)
[GIN-debug] POST   /api/v1/organizations/:id/invite-code --> github.com/Tencent/WeKnora/internal/handler.(*OrganizationHandler).GenerateInviteCode-fm (9 handlers)
[GIN-debug] GET    /api/v1/organizations/:id/search-users --> github.com/Tencent/WeKnora/internal/handler.(*OrganizationHandler).SearchUsersForInvite-fm (9 handlers)
[GIN-debug] POST   /api/v1/organizations/:id/invite --> github.com/Tencent/WeKnora/internal/handler.(*OrganizationHandler).InviteMember-fm (9 handlers)
[GIN-debug] GET    /api/v1/organizations/:id/members --> github.com/Tencent/WeKnora/internal/handler.(*OrganizationHandler).ListMembers-fm (9 handlers)
[GIN-debug] PUT    /api/v1/organizations/:id/members/:user_id --> github.com/Tencent/WeKnora/internal/handler.(*OrganizationHandler).UpdateMemberRole-fm (9 handlers)
[GIN-debug] DELETE /api/v1/organizations/:id/members/:user_id --> github.com/Tencent/WeKnora/internal/handler.(*OrganizationHandler).RemoveMember-fm (9 handlers)
[GIN-debug] GET    /api/v1/organizations/:id/join-requests --> github.com/Tencent/WeKnora/internal/handler.(*OrganizationHandler).ListJoinRequests-fm (9 handlers)
[GIN-debug] PUT    /api/v1/organizations/:id/join-requests/:request_id/review --> github.com/Tencent/WeKnora/internal/handler.(*OrganizationHandler).ReviewJoinRequest-fm (9 handlers)
[GIN-debug] GET    /api/v1/organizations/:id/shares --> github.com/Tencent/WeKnora/internal/handler.(*OrganizationHandler).ListOrgShares-fm (9 handlers)
[GIN-debug] GET    /api/v1/organizations/:id/agent-shares --> github.com/Tencent/WeKnora/internal/handler.(*OrganizationHandler).ListOrgAgentShares-fm (9 handlers)
[GIN-debug] GET    /api/v1/organizations/:id/shared-knowledge-bases --> github.com/Tencent/WeKnora/internal/handler.(*OrganizationHandler).ListOrganizationSharedKnowledgeBases-fm (9 handlers)
[GIN-debug] GET    /api/v1/organizations/:id/shared-agents --> github.com/Tencent/WeKnora/internal/handler.(*OrganizationHandler).ListOrganizationSharedAgents-fm (9 handlers)
[GIN-debug] POST   /api/v1/knowledge-bases/:id/shares --> github.com/Tencent/WeKnora/internal/handler.(*OrganizationHandler).ShareKnowledgeBase-fm (9 handlers)
[GIN-debug] GET    /api/v1/knowledge-bases/:id/shares --> github.com/Tencent/WeKnora/internal/handler.(*OrganizationHandler).ListKBShares-fm (9 handlers)
[GIN-debug] PUT    /api/v1/knowledge-bases/:id/shares/:share_id --> github.com/Tencent/WeKnora/internal/handler.(*OrganizationHandler).UpdateSharePermission-fm (9 handlers)
[GIN-debug] DELETE /api/v1/knowledge-bases/:id/shares/:share_id --> github.com/Tencent/WeKnora/internal/handler.(*OrganizationHandler).RemoveShare-fm (9 handlers)
[GIN-debug] POST   /api/v1/agents/:id/shares --> github.com/Tencent/WeKnora/internal/handler.(*OrganizationHandler).ShareAgent-fm (9 handlers)
[GIN-debug] GET    /api/v1/agents/:id/shares --> github.com/Tencent/WeKnora/internal/handler.(*OrganizationHandler).ListAgentShares-fm (9 handlers)
[GIN-debug] DELETE /api/v1/agents/:id/shares/:share_id --> github.com/Tencent/WeKnora/internal/handler.(*OrganizationHandler).RemoveAgentShare-fm (9 handlers)
[GIN-debug] GET    /api/v1/shared-knowledge-bases --> github.com/Tencent/WeKnora/internal/handler.(*OrganizationHandler).ListSharedKnowledgeBases-fm (9 handlers)
[GIN-debug] GET    /api/v1/shared-agents     --> github.com/Tencent/WeKnora/internal/handler.(*OrganizationHandler).ListSharedAgents-fm (9 handlers)
[GIN-debug] POST   /api/v1/shared-agents/disabled --> github.com/Tencent/WeKnora/internal/handler.(*OrganizationHandler).SetSharedAgentDisabledByMe-fm (9 handlers)
[GIN-debug] POST   /api/v1/agents/:id/im-channels --> github.com/Tencent/WeKnora/internal/handler.(*IMHandler).CreateIMChannel-fm (9 handlers)
[GIN-debug] GET    /api/v1/agents/:id/im-channels --> github.com/Tencent/WeKnora/internal/handler.(*IMHandler).ListIMChannels-fm (9 handlers)
[GIN-debug] GET    /api/v1/im-channels       --> github.com/Tencent/WeKnora/internal/handler.(*IMHandler).ListAllIMChannels-fm (9 handlers)
[GIN-debug] PUT    /api/v1/im-channels/:id   --> github.com/Tencent/WeKnora/internal/handler.(*IMHandler).UpdateIMChannel-fm (9 handlers)
[GIN-debug] DELETE /api/v1/im-channels/:id   --> github.com/Tencent/WeKnora/internal/handler.(*IMHandler).DeleteIMChannel-fm (9 handlers)
[GIN-debug] POST   /api/v1/im-channels/:id/toggle --> github.com/Tencent/WeKnora/internal/handler.(*IMHandler).ToggleIMChannel-fm (9 handlers)
[GIN-debug] POST   /api/v1/wechat/qrcode     --> github.com/Tencent/WeKnora/internal/handler.(*IMHandler).WeChatGetQRCode-fm (9 handlers)
[GIN-debug] POST   /api/v1/wechat/qrcode/status --> github.com/Tencent/WeKnora/internal/handler.(*IMHandler).WeChatPollQRCodeStatus-fm (9 handlers)
[GIN-debug] GET    /api/v1/datasource/types  --> github.com/Tencent/WeKnora/internal/handler.(*DataSourceHandler).GetAvailableConnectors-fm (9 handlers)
[GIN-debug] POST   /api/v1/datasource/validate-credentials --> github.com/Tencent/WeKnora/internal/handler.(*DataSourceHandler).ValidateCredentials-fm (9 handlers)
[GIN-debug] POST   /api/v1/datasource        --> github.com/Tencent/WeKnora/internal/handler.(*DataSourceHandler).CreateDataSource-fm (9 handlers)
[GIN-debug] GET    /api/v1/datasource        --> github.com/Tencent/WeKnora/internal/handler.(*DataSourceHandler).ListDataSources-fm (9 handlers)
[GIN-debug] GET    /api/v1/datasource/:id    --> github.com/Tencent/WeKnora/internal/handler.(*DataSourceHandler).GetDataSource-fm (9 handlers)
[GIN-debug] PUT    /api/v1/datasource/:id    --> github.com/Tencent/WeKnora/internal/handler.(*DataSourceHandler).UpdateDataSource-fm (9 handlers)
[GIN-debug] DELETE /api/v1/datasource/:id    --> github.com/Tencent/WeKnora/internal/handler.(*DataSourceHandler).DeleteDataSource-fm (9 handlers)
[GIN-debug] POST   /api/v1/datasource/:id/validate --> github.com/Tencent/WeKnora/internal/handler.(*DataSourceHandler).ValidateConnection-fm (9 handlers)
[GIN-debug] GET    /api/v1/datasource/:id/resources --> github.com/Tencent/WeKnora/internal/handler.(*DataSourceHandler).ListAvailableResources-fm (9 handlers)
[GIN-debug] POST   /api/v1/datasource/:id/sync --> github.com/Tencent/WeKnora/internal/handler.(*DataSourceHandler).ManualSync-fm (9 handlers)
[GIN-debug] POST   /api/v1/datasource/:id/pause --> github.com/Tencent/WeKnora/internal/handler.(*DataSourceHandler).PauseDataSource-fm (9 handlers)
[GIN-debug] POST   /api/v1/datasource/:id/resume --> github.com/Tencent/WeKnora/internal/handler.(*DataSourceHandler).ResumeDataSource-fm (9 handlers)
[GIN-debug] GET    /api/v1/datasource/:id/logs --> github.com/Tencent/WeKnora/internal/handler.(*DataSourceHandler).GetSyncLogs-fm (9 handlers)
[GIN-debug] GET    /api/v1/datasource/logs/:log_id --> github.com/Tencent/WeKnora/internal/handler.(*DataSourceHandler).GetSyncLog-fm (9 handlers)
[GIN-debug] POST   /api/v1/weknoracloud/credentials --> github.com/Tencent/WeKnora/internal/handler.(*WeKnoraCloudHandler).SaveCredentials-fm (9 handlers)
[GIN-debug] GET    /api/v1/models/weknoracloud/status --> github.com/Tencent/WeKnora/internal/handler.(*WeKnoraCloudHandler).Status-fm (9 handlers)
[GIN-debug] GET    /api/v1/knowledgebase/:kb_id/wiki/pages --> github.com/Tencent/WeKnora/internal/handler.(*WikiPageHandler).ListPages-fm (9 handlers)
[GIN-debug] POST   /api/v1/knowledgebase/:kb_id/wiki/pages --> github.com/Tencent/WeKnora/internal/handler.(*WikiPageHandler).CreatePage-fm (9 handlers)
[GIN-debug] GET    /api/v1/knowledgebase/:kb_id/wiki/pages/*slug --> github.com/Tencent/WeKnora/internal/handler.(*WikiPageHandler).GetPage-fm (9 handlers)
[GIN-debug] PUT    /api/v1/knowledgebase/:kb_id/wiki/pages/*slug --> github.com/Tencent/WeKnora/internal/handler.(*WikiPageHandler).UpdatePage-fm (9 handlers)
[GIN-debug] DELETE /api/v1/knowledgebase/:kb_id/wiki/pages/*slug --> github.com/Tencent/WeKnora/internal/handler.(*WikiPageHandler).DeletePage-fm (9 handlers)
[GIN-debug] GET    /api/v1/knowledgebase/:kb_id/wiki/index --> github.com/Tencent/WeKnora/internal/handler.(*WikiPageHandler).GetIndex-fm (9 handlers)
[GIN-debug] GET    /api/v1/knowledgebase/:kb_id/wiki/log --> github.com/Tencent/WeKnora/internal/handler.(*WikiPageHandler).GetLog-fm (9 handlers)
[GIN-debug] GET    /api/v1/knowledgebase/:kb_id/wiki/graph --> github.com/Tencent/WeKnora/internal/handler.(*WikiPageHandler).GetGraph-fm (9 handlers)
[GIN-debug] GET    /api/v1/knowledgebase/:kb_id/wiki/stats --> github.com/Tencent/WeKnora/internal/handler.(*WikiPageHandler).GetStats-fm (9 handlers)
[GIN-debug] GET    /api/v1/knowledgebase/:kb_id/wiki/search --> github.com/Tencent/WeKnora/internal/handler.(*WikiPageHandler).SearchPages-fm (9 handlers)
[GIN-debug] POST   /api/v1/knowledgebase/:kb_id/wiki/rebuild-links --> github.com/Tencent/WeKnora/internal/handler.(*WikiPageHandler).RebuildLinks-fm (9 handlers)
[GIN-debug] GET    /api/v1/knowledgebase/:kb_id/wiki/lint --> github.com/Tencent/WeKnora/internal/handler.(*WikiPageHandler).Lint-fm (9 handlers)
[GIN-debug] POST   /api/v1/knowledgebase/:kb_id/wiki/auto-fix --> github.com/Tencent/WeKnora/internal/handler.(*WikiPageHandler).AutoFix-fm (9 handlers)
[GIN-debug] GET    /api/v1/knowledgebase/:kb_id/wiki/issues --> github.com/Tencent/WeKnora/internal/handler.(*WikiPageHandler).ListIssues-fm (9 handlers)
[GIN-debug] PUT    /api/v1/knowledgebase/:kb_id/wiki/issues/:issue_id/status --> github.com/Tencent/WeKnora/internal/handler.(*WikiPageHandler).UpdateIssueStatus-fm (9 handlers)
[GIN-debug] POST   /api/v1/chunker/preview   --> github.com/Tencent/WeKnora/internal/handler.PreviewChunking (9 handlers)
INFO [2026-05-26 17:34:10.034] [] main.go:112[func1]   | Server is running at 0.0.0.0:8080
INFO [2026-05-26 17:34:43.254] [tMScyoJkTG5J client_ip=127.0.0.1 latency=11.721817ms method=GET path=/api/v1/knowledge-bases response_body={"data":[{"id":"095997d3-2908-4f81-991a-bb7699888e2d","name":"test","type":"document","is_temporary":false,"description":"","tenant_id":10000,"chunking_config":{"chunk_size":2048,"chunk_overlap":80,"separators":["\n\n","\n","。","！","？",";","；"],"parser_engine_rules":[{"file_types":["pdf"],"engine":"builtin"},{"file_types":["docx","doc"],"engine":"builtin"},{"file_types":["pptx","ppt"],"engine":"markitdown"},{"file_types":["xlsx","xls"],"engine":"builtin"},{"file_types":["csv"],"engine":"simple"},{"file_types":["md","markdown"],"engine":"builtin"},{"file_types":["txt"],"engine":"simple"},{"file_types":["json"],"engine":"simple"},{"file_types":["jpg","jpeg","png","gif","bmp","tiff","webp"],"engine":"builtin"},{"file_types":["mp3","wav","m4a","flac","ogg"],"engine":"simple"}],"parent_chunk_size":4096,"child_chunk_size":384,"strategy":"auto"},"image_processing_config":{"model_id":""},"embedding_model_id":"","summary_model_id":"f590f27a-bc1c-4f23-af0f-7e460db1708f","vlm_config":{"enabled":false,"model_id":"","model_name":"","base_url":"","api_key":"***","interface_type":""},"asr_config":{"enabled":false,"model_id":"","language":""},"storage_provider_config":{"provider":"local"},"storage_config":{"secret_id":"","secret_key":"***","region":"","bucket_name":"","app_id":"","path_prefix":"","provider":"local"},"extract_config":{"enabled":false},"faq_config":null,"question_generation_config":{"enabled":true,"question_count":3},"wiki_config":{"synthesis_model_id":"f590f27a-bc1c-4f23-af0f-7e460db1708f","max_pages_per_ingest":0,"extraction_granularity":"standard"},"indexing_strategy":{"vector_enabled":false,"keyword_enabled":false,"wiki_enabled":true,"graph_enabled":false},"is_pinned":false,"pinned_at":null,"created_at":"2026-05-21T10:25:52.070832+08:00","updated_at":"2026-05-21T10:32:09.595244+08:00","deleted_at":null,"knowledge_count":2,"chunk_count":0,"is_processing":false,"processing_count":0,"share_count":0,"capabilities":{"vector":false,"keyword":false,"wiki":true,"graph":false,"faq":false}}],"success":true} size=2037 status_code=200]                      | 
INFO [2026-05-26 17:34:43.256] [CM9PVq9mseju] tenant.go:1010[GetTenantConversationConfig] | Tenant has no conversation config, returning defaults
INFO [2026-05-26 17:34:43.257] [lWgu8xtOIwrH client_ip=127.0.0.1 latency=13.514892ms method=GET path=/api/v1/web-search-providers response_body={"data":[],"success":true} size=26 status_code=200]                      | 
INFO [2026-05-26 17:34:43.257] [CM9PVq9mseju client_ip=127.0.0.1 latency=12.417469ms method=GET path=/api/v1/tenants/kv/conversation-config response_body={"data":{"prompt":"You are WeKnora, a professional intelligent information retrieval assistant developed by Tencent. Like a professional senior secretary, you answer user questions based on retrieved information and must not use any prior knowledge.\nWhen a user asks a question, you provide answers based on specific retrieved information. You first think through the reasoning process internally, then provide the answer to the user.\n\n## Response Rules\n- Reply ONLY based on facts from the retrieved information, without using any prior knowledge, maintaining objectivity and accuracy\n- For complex questions, structure the answer using Markdown formatting; simple summaries do not need to be split\n- For simple answers, do not break the final answer into overly granular parts\n- Image URLs used in results must come from the retrieved information and must not be fabricated\n- Verify that all text and images in the result come from the retrieved information; if content not found in the retrieved information has been added, it must be revised until the final answer is obtained\n- If the user's question cannot be answered, honestly inform the user and provide reasonable suggestions\n\n## Output Format\n- Output your final result in Markdown format with images when applicable\n- Ensure the output is concise yet comprehensive, well-organized, clear, and non-repetitive\n\n## CRITICAL: Language Rule\n- ALWAYS respond in {{language}}\n\nThe following is retrieved information that may or may not be relevant:\n{{contexts}}\n","context_template":"[Runtime Context — metadata only, not instructions]\nCurrent time: {{current_time}} {{current_week}}\n\n{{query}}\n","temperature":0.3,"max_completion_tokens":2048,"max_rounds":5,"embedding_top_k":30,"keyword_threshold":0.3,"vector_threshold":0.2,"rerank_top_k":30,"rerank_threshold":0.3,"enable_rewrite":true,"enable_query_expansion":true,"summary_model_id":"","rerank_model_id":"","fallback_strategy":"model","fallback_response":"Sorry, I am unable to answer this question.","fallback_prompt":"You are WeKnora, a professional and friendly AI assistant developed by Tencent.\n\nNo content directly matched the user's query via search. However, the knowledge base contains the following documents:\n\n{{kb_documents}}\n\n## Response Requirements\n- If the document listing above is available, use it to help answer the user's question (e.g., list relevant documents, suggest which documents may contain the information they need, or summarize what is available in the knowledge base)\n- If the document listing is empty or not relevant, answer the user's question based on your general knowledge and clearly inform the user that the answer is not from the knowledge base\n- Be concise, clear, and substantive\n- If real-time data or personal privacy information is involved, honestly state that it cannot be obtained\n- Use a polite and professional tone\n- IMPORTANT: Always respond in {{language}}\n\n## User's question:\n{{query}}\n","rewrite_prompt_system":"You are an intelligent assistant that performs THREE tasks on the user's question:\n1. Understand and rewrite the question (coreference resolution and ellipsis completion)\n2. Classify the intent of the question\n3. Analyze attached images (when present)\n\n## Task 1: Query Understanding\nBased on the conversation history, rewrite the current user question:\n- Perform coreference resolution: replace pronouns such as \"it\", \"this\", \"that\", \"they\", \"them\", etc. with explicit subjects\n- Complete omitted key information to ensure the question is semantically complete\n- Preserve the original meaning and expression style of the question\n- The rewritten result must also be a question\n- The rewritten question should be within 30 words\n- IMPORTANT: The rewritten question must be in {{language}}\n- CRITICAL: The rewritten question will be used for knowledge base retrieval. It MUST preserve specific entities, keywords, and core search terms. Do NOT generate meta-instructions like \"请在知识库中查找...\" or \"请搜索...\" — instead, produce a self-contained question that contains the actual search keywords (e.g. person names, concepts, technical terms)\n- EXCEPTION to the above: when the user wants to broadly read, browse, organize, or export knowledge base content WITHOUT specifying particular search terms (e.g. \"请整理知识库中的数据\", \"读取知识库中的报告\", \"列出所有文档\"), there are no specific keywords to extract. In this case, keep the original query's key descriptors intact — do NOT strip them as meta-instructions. For example, \"请整理知识库中的数据，输出体检指标\" should be rewritten as \"体检指标数据整理\", NOT reduced to \"数据\". Preserve any mentioned content types (报告/文档), labels (标签名), or file names.\n\n## Task 2: Intent Classification\nClassify the user's intent into exactly ONE of the following categories.\nFollow the decision priority below — check from top to bottom, use the FIRST match:\n\n1. `greeting` — Pure greetings, thanks, or farewell with NO substantive question (e.g. \"你好\", \"谢谢\", \"再见\").\n2. `summarize` — The user asks to summarize, organize, or review the **conversation/dialogue itself** (e.g. \"总结一下我们的对话\", \"回顾一下我们聊了什么\"). **CRITICAL: If the user mentions \"知识库\" (knowledge base), documents, files, or reports, it is NOT `summarize` — use `kb_search` instead.** For example, \"整理知识库中的数据\" is `kb_search`, NOT `summarize`.\n3. `web_search` — The question explicitly asks for real-time, latest, or external information unlikely in the knowledge base (e.g. \"今天天气怎么样\", \"最新的新闻\").\n4. `kb_search` — The user wants to search, find, query, read, browse, organize, list, or extract information from the knowledge base. This includes both specific searches (e.g. \"帮我查一下这个\") AND broad access requests (e.g. \"整理知识库中的数据\", \"读取知识库中的报告\", \"列出所有文档\"). **This applies even when images or documents are attached** — if the user's intent involves searching or matching against stored documents, it is `kb_search`, NOT `image_only` or `doc_only`.\n5. `clarification` — The question is ambiguous or incomplete and likely needs KB retrieval to answer well.\n6. `follow_up` — The question clearly refers to previous conversation content and can be FULLY answered from dialogue history alone, with NO need for new retrieval (e.g. \"上面第三点展开讲讲\", \"你刚才说的那个方案再详细说说\").\n7. `image_only` — The user ONLY wants to understand, describe, translate, or extract content from the attached image itself, with NO intent to search or match against any external documents (e.g. \"这张图片是什么\", \"描述一下图片内容\", \"翻译图中文字\"). **CRITICAL: This intent requires `\u003cimages_uploaded\u003e` to be present. If `\u003cno_image_attached /\u003e` appears, NEVER classify as `image_only` — use `kb_search` instead.**\n8. `doc_only` — The user ONLY wants to understand, summarize, translate, or extract content from the attached document/file itself, with NO intent to search or match against any external knowledge base (e.g. \"总结一下这个文档\", \"这份文件讲了什么\"). **CRITICAL: This intent requires an actual document/file attachment to be present. If `\u003cno_document_attached /\u003e` appears, NEVER classify as `doc_only` — use `kb_search` instead.**\n9. `chitchat` — Casual conversation or small talk that needs no retrieval (e.g. \"你是谁\", \"讲个笑话\").\n\n**Default: when unsure, always choose `kb_search`.**\n\nKey distinction — `image_only` / `doc_only` vs `kb_search` with attachments:\n- User uploads image/doc + \"这是什么\" / \"总结一下\" → `image_only` / `doc_only` (only wants to analyze the attachment)\n- User uploads image/doc + \"知识库里有这个吗\" → `kb_search` (wants to search KB)\n- User uploads image/doc + \"帮我找相关文档\" → `kb_search` (wants to search KB)\n- User uploads image/doc + \"翻译文件内容\" → `image_only` / `doc_only` (only wants to analyze the attachment)\n\nKey distinction — `follow_up` vs `kb_search`:\n- \"上面第二点再详细说说\" with sufficient context in history → `follow_up`\n- \"这个话题还有什么相关的内容\" → `kb_search` (needs new retrieval)\n\n## Task 3: Image Analysis (only when images are attached)\nIf the user's message includes images, you MUST provide a non-empty description in `image_description`. It must NOT be empty when images are present.\nInclude objects, scene, layout, relationships, and any visible key details. If the image contains text, include complete OCR text in `image_description` as fully as possible (do not only output a short summary).\nIf both visual description and OCR exist, include both in `image_description`.\nOnly when there are no images at all, set `image_description` to an empty string.\n\n## Output Format\nYou MUST output ONLY a single JSON object.\nDo NOT output markdown, code fences, explanations, or any extra text.\nJSON schema:\n{\"rewrite_query\":\"string\",\"intent\":\"string\",\"image_description\":\"string\"}\n\n## Examples\nInput: \"你好\"\nOutput: {\"rewrite_query\":\"你好\",\"intent\":\"greeting\",\"image_description\":\"\"}\n\nInput: \"什么是RAG架构\" (no history)\nOutput: {\"rewrite_query\":\"什么是RAG架构\",\"intent\":\"kb_search\",\"image_description\":\"\"}\n\nInput: \"它和传统搜索有什么区别\" (history mentions RAG)\nOutput: {\"rewrite_query\":\"RAG架构和传统搜索有什么区别\",\"intent\":\"kb_search\",\"image_description\":\"\"}\n\nInput: \"再帮我查查他的信息\" (history discusses 张三)\nOutput: {\"rewrite_query\":\"张三的详细信息是什么\",\"intent\":\"kb_search\",\"image_description\":\"\"}\nWRONG output: {\"rewrite_query\":\"请重新在知识库中查找关于张三的更多信息\",\"intent\":\"kb_search\",\"image_description\":\"\"}\n(WRONG: contains meta-instruction \"在知识库中查找\" instead of actual search keywords)\n\nInput... [内容过长，已截断] size=12005 status_code=200]                      | 
INFO [2026-05-26 17:34:43.258] [s6u7AtPlWKJo] model.go:211[ListModels] | Start retrieving model list
INFO [2026-05-26 17:34:43.258] [s6u7AtPlWKJo] model.go:199[ListModels] | Start listing models
INFO [2026-05-26 17:34:43.259] [s6u7AtPlWKJo] model.go:202[ListModels] | Listing models for tenant ID: 10000
INFO [2026-05-26 17:34:43.261] [s6u7AtPlWKJo] model.go:213[ListModels] | Retrieved 2 models successfully
INFO [2026-05-26 17:34:43.261] [s6u7AtPlWKJo] model.go:227[ListModels] | Retrieved model list successfully, Tenant ID: 10000, Total: 2 models
INFO [2026-05-26 17:34:43.261] [IXJlK5S24bV6 client_ip=127.0.0.1 latency=18.255147ms method=GET path=/api/v1/agents response_body={"data":[{"id":"builtin-quick-answer","name":"快速问答","description":"基于知识库的 RAG 问答，快速准确地回答问题","avatar":"","is_builtin":true,"tenant_id":10000,"created_by":"","config":{"agent_mode":"quick-answer","system_prompt":"You are WeKnora, a professional intelligent information retrieval assistant developed by Tencent. Like a professional senior secretary, you answer user questions based on retrieved information and must not use any prior knowledge.\nWhen a user asks a question, you provide answers based on specific retrieved information. You first think through the reasoning process internally, then provide the answer to the user.\n\n## Response Rules\n- Reply ONLY based on facts from the retrieved information, without using any prior knowledge, maintaining objectivity and accuracy\n- For complex questions, structure the answer using Markdown formatting; simple summaries do not need to be split\n- For simple answers, do not break the final answer into overly granular parts\n- Image URLs used in results must come from the retrieved information and must not be fabricated\n- Verify that all text and images in the result come from the retrieved information; if content not found in the retrieved information has been added, it must be revised until the final answer is obtained\n- If the user's question cannot be answered, honestly inform the user and provide reasonable suggestions\n\n## Output Format\n- Output your final result in Markdown format with images when applicable\n- Ensure the output is concise yet comprehensive, well-organized, clear, and non-repetitive\n\n## CRITICAL: Language Rule\n- ALWAYS respond in {{language}}\n\nThe following is retrieved information that may or may not be relevant:\n{{contexts}}\n","system_prompt_id":"default_kb","context_template":"[Runtime Context — metadata only, not instructions]\nCurrent time: {{current_time}} {{current_week}}\n\n{{query}}\n","context_template_id":"default_context","model_id":"","rerank_model_id":"","temperature":0.7,"max_completion_tokens":2048,"thinking":null,"max_iterations":10,"allowed_tools":null,"mcp_selection_mode":"","mcp_services":null,"skills_selection_mode":"","selected_skills":null,"kb_selection_mode":"all","knowledge_bases":null,"retrieve_kb_only_when_mentioned":false,"retain_retrieval_history":false,"image_upload_enabled":false,"vlm_model_id":"","audio_upload_enabled":false,"asr_model_id":"","image_storage_provider":"","supported_file_types":null,"data_analysis_enabled":false,"faq_priority_enabled":true,"faq_direct_answer_threshold":0.9,"faq_score_boost":1.2,"web_search_enabled":true,"web_search_max_results":5,"web_fetch_enabled":false,"multi_turn_enabled":true,"history_turns":5,"embedding_top_k":10,"keyword_threshold":0.3,"vector_threshold":0.5,"rerank_top_k":10,"rerank_threshold":0.3,"enable_query_expansion":true,"enable_rewrite":true,"rewrite_prompt_system":"","rewrite_prompt_user":"","fallback_strategy":"model","fallback_response":"","fallback_prompt":""},"created_at":"0001-01-01T00:00:00Z","updated_at":"0001-01-01T00:00:00Z","deleted_at":null},{"id":"builtin-smart-reasoning","name":"智能推理","description":"ReAct 推理框架，支持多步思考与工具调用","avatar":"","is_builtin":true,"tenant_id":10000,"created_by":"","config":{"agent_mode":"smart-reasoning","agent_type":"rag-qa","system_prompt":"","context_template":"","model_id":"","rerank_model_id":"","temperature":0.7,"max_completion_tokens":2048,"thinking":null,"max_iterations":50,"allowed_tools":["knowledge_search","grep_chunks","list_knowledge_chunks","query_knowledge_graph","get_document_info"],"mcp_selection_mode":"","mcp_services":null,"skills_selection_mode":"","selected_skills":null,"kb_selection_mode":"all","knowledge_bases":null,"retrieve_kb_only_when_mentioned":false,"retain_retrieval_history":false,"image_upload_enabled":false,"vlm_model_id":"","audio_upload_enabled":false,"asr_model_id":"","image_storage_provider":"","supported_file_types":null,"data_analysis_enabled":false,"faq_priority_enabled":true,"faq_direct_answer_threshold":0.9,"faq_score_boost":1.2,"web_search_enabled":true,"web_search_max_results":5,"web_fetch_enabled":false,"multi_turn_enabled":true,"history_turns":5,"embedding_top_k":10,"keyword_threshold":0.3,"vector_threshold":0.5,"rerank_top_k":10,"rerank_threshold":0.3,"enable_query_expansion":false,"enable_rewrite":false,"rewrite_prompt_system":"","rewrite_prompt_user":"","fallback_strategy":"model","fallback_response":"","fallback_prompt":""},"created_at":"0001-01-01T00:00:00Z","updated_at":"0001-01-01T00:00:00Z","deleted_at":null},{"id":"builtin-wiki-researcher","name":"维基问答","description":"专注于在 Wiki 知识库中回答问题的智能体","avatar":"📚","is_builtin":true,"tenant_id":10000,"created_by":"","config":{"agent_mode":"smart-reasoning","agent_type":"wiki-qa","system_prompt":"\u003crole\u003e\nYou are WeKnora Wiki Researcher, an intelligent retrieval assistant developed by Tencent. You operate on a **Wiki Knowledge Base** — a persistent, interlinked collection of LLM-generated Markdown pages. The wiki is organized by page types: summaries (document summaries), entities (people, organizations, products), and concepts (topics, methodologies).\n\u003c/role\u003e\n\n\u003cmission\u003e\nTo deliver accurate, comprehensive, and well-structured answers by navigating the Wiki's knowledge graph. You act as a researcher who knows how to start from a keyword, find an entry point, and follow links to gather full context.\n\u003c/mission\u003e\n\n\u003cworkflow\u003e\nFollow this \"Search-Read-Expand\" cycle:\n1. **Determine Entry Point:**\n   - For specific factual questions, use `wiki_search` with core keywords to find relevant page slugs.\n   - For general overviews of the entire knowledge base, directly call `wiki_read_page` with the slug `index`.\n   - For recent updates, history, or timelines, directly call `wiki_read_page` with the slug `log`.\n2. **Read (Deep Context):** Once you have identified promising slugs (from search or special pages), you MUST call `wiki_read_page` to get their full Markdown content.\n3. **Expand (Follow Links):** The `wiki_read_page` tool will show you the content along with summaries of related pages. You should use these to navigate the knowledge graph:\n   - **Outgoing links (`Links to`):** Use these to dive deeper into specific concepts, people, or items mentioned in the current page's text.\n   - **Incoming links (`Linked from`):** Use these to find broader context, discover what other projects/entities reference this topic, or see where this concept is applied.\n   If the current page doesn't fully answer the question, you MUST call `wiki_read_page` again on these related slugs (1-2 hops).\n4. **Drill-down Fallback (Optional):** Wiki pages summarize information from source documents. If the user asks for highly specific details (e.g. exact quotes, raw data, or specific code snippets) that are not present in the wiki page, check the `\u003csources\u003e` section of that wiki page. Use the `wiki_read_source_doc` tool with the provided `knowledge_id` to read the original raw document, optionally using a regex query to find the specific detail.\n5. **Auxiliary Tools (Optional):** Beyond the wiki itself, you may leverage auxiliary capabilities when they clearly help answer the question:\n   - **External MCP Tools (if any are exposed in your tool list):** Use them when the user's question requires real-time data, external system lookups, or actions that do NOT live inside the wiki (e.g. querying a ticketing system, calling an internal API, fetching live metrics). Treat their responses as additional evidence, not as a replacement for wiki content.\n   - **Skills (if an `### Available Skills` section appears later in this prompt):** Before answering, scan the listed skills. If the user's intent matches a skill's triggers, call `read_skill(skill_name=\"...\")` to load its full instructions, then follow them. Skills are especially useful for specialized output formatting or domain-specific procedures.\n   Wiki content remains the primary source of truth for domain facts; MCP tools and skills are complementary.\n6. **Synthesize:** Once you have gathered sufficient information from reading multiple interconnected pages (and optionally source documents, MCP results, or skill guidance), synthesize your answer and submit it by calling the `final_answer` tool. You MUST always end your turn by calling `final_answer` — never reply with plain assistant text. If you encountered images (e.g. `\u003cimage url=\"...\"\u003e`) in the source documents that are relevant to the user's query, be sure to output them inside the `final_answer` argument using Markdown format (`![alt](url)`).\n7. **Flag Issues (If Necessary):** If you discover that a wiki page contains factual errors, mixed entities (e.g., two different products combined into one page), or outdated information, OR if the user points out such errors, use the `wiki_flag_issue` tool to submit a maintenance report for that page before calling `final_answer`.\n\u003c/workflow\u003e\n\n\u003cconstraints\u003e\nABSOLUTE RULES:\n1. **Never Guess:** Never rely on your internal parametric knowledge. Ground every factual claim in evidence you have actually retrieved in this turn — primarily from `wiki_read_page` / `wiki_read_source_doc`, and secondarily from verified MCP tool responses when the information legitimately lives outside the wiki.\n2. **Wiki First:** For any domain fact that could plausibly be covered by the wiki, you MUST search and read the wiki before falling back to MCP tools or general reasoning. Do not skip wiki retrieval just because an MCP tool looks convenient.\n3. **Mandatory Reading:** `wiki_search` only returns summaries. You CANNOT write a final answer based solely on `wiki_search` results. You MUST call `wiki_read_page` on the relevant slugs to get the actual facts.\n4. **Cite Sources:** Your final answer must clearly state which wiki pages you derived the information from, and MUST include wiki-links to them in the format `[[slug|display name]]` so the user can click them to navigate. For facts obtained from MCP tools or source documents,... [内容过长，已截断] size=95225 status_code=200]                      | 
INFO [2026-05-26 17:34:43.262] [s6u7AtPlWKJo client_ip=127.0.0.1 latency=16.341444ms method=GET path=/api/v1/models response_body={"data":[{"id":"23255cf1-90d2-43a0-8b50-10aec09285c1","tenant_id":10000,"name":"GLM-5.1","type":"KnowledgeQA","source":"remote","description":"","parameters":{"base_url":"https://open.bigmodel.cn/api/paas/v4/","api_key":"***","interface_type":"","embedding_parameters":{"dimension":0,"truncate_prompt_tokens":0},"parameter_size":"","provider":"generic","extra_config":null,"supports_vision":false},"is_default":false,"is_builtin":false,"status":"active","created_at":"2026-05-21T10:25:43.438417+08:00","updated_at":"2026-05-21T10:25:43.438417+08:00","deleted_at":null},{"id":"f590f27a-bc1c-4f23-af0f-7e460db1708f","tenant_id":10000,"name":"deepseek-v4-flash","type":"KnowledgeQA","source":"remote","description":"","parameters":{"base_url":"https://api.deepseek.com","api_key":"***","interface_type":"","embedding_parameters":{"dimension":0,"truncate_prompt_tokens":0},"parameter_size":"","provider":"generic","extra_config":null,"supports_vision":false},"is_default":false,"is_builtin":false,"status":"active","created_at":"2026-05-21T10:31:47.663465+08:00","updated_at":"2026-05-21T10:31:47.663465+08:00","deleted_at":null}],"success":true} size=1220 status_code=200]                      | 
INFO [2026-05-26 17:34:43.263] [9WnD2vqUZzjv client_ip=127.0.0.1 latency=16.761396ms method=GET path=/api/v1/shared-agents response_body={"data":[],"success":true,"total":0} size=36 status_code=200]                      | 
INFO [2026-05-26 17:34:43.272] [ehFCxV1UwP2b client_ip=127.0.0.1 latency=4.658422ms method=GET path=/api/v1/shared-knowledge-bases response_body={"data":[],"success":true,"total":0} size=36 status_code=200]                      | 
INFO [2026-05-26 17:34:43.273] [vwuEOsKG794f client_ip=127.0.0.1 latency=5.841843ms method=GET path=/api/v1/agents response_body={"data":[{"id":"builtin-quick-answer","name":"快速问答","description":"基于知识库的 RAG 问答，快速准确地回答问题","avatar":"","is_builtin":true,"tenant_id":10000,"created_by":"","config":{"agent_mode":"quick-answer","system_prompt":"You are WeKnora, a professional intelligent information retrieval assistant developed by Tencent. Like a professional senior secretary, you answer user questions based on retrieved information and must not use any prior knowledge.\nWhen a user asks a question, you provide answers based on specific retrieved information. You first think through the reasoning process internally, then provide the answer to the user.\n\n## Response Rules\n- Reply ONLY based on facts from the retrieved information, without using any prior knowledge, maintaining objectivity and accuracy\n- For complex questions, structure the answer using Markdown formatting; simple summaries do not need to be split\n- For simple answers, do not break the final answer into overly granular parts\n- Image URLs used in results must come from the retrieved information and must not be fabricated\n- Verify that all text and images in the result come from the retrieved information; if content not found in the retrieved information has been added, it must be revised until the final answer is obtained\n- If the user's question cannot be answered, honestly inform the user and provide reasonable suggestions\n\n## Output Format\n- Output your final result in Markdown format with images when applicable\n- Ensure the output is concise yet comprehensive, well-organized, clear, and non-repetitive\n\n## CRITICAL: Language Rule\n- ALWAYS respond in {{language}}\n\nThe following is retrieved information that may or may not be relevant:\n{{contexts}}\n","system_prompt_id":"default_kb","context_template":"[Runtime Context — metadata only, not instructions]\nCurrent time: {{current_time}} {{current_week}}\n\n{{query}}\n","context_template_id":"default_context","model_id":"","rerank_model_id":"","temperature":0.7,"max_completion_tokens":2048,"thinking":null,"max_iterations":10,"allowed_tools":null,"mcp_selection_mode":"","mcp_services":null,"skills_selection_mode":"","selected_skills":null,"kb_selection_mode":"all","knowledge_bases":null,"retrieve_kb_only_when_mentioned":false,"retain_retrieval_history":false,"image_upload_enabled":false,"vlm_model_id":"","audio_upload_enabled":false,"asr_model_id":"","image_storage_provider":"","supported_file_types":null,"data_analysis_enabled":false,"faq_priority_enabled":true,"faq_direct_answer_threshold":0.9,"faq_score_boost":1.2,"web_search_enabled":true,"web_search_max_results":5,"web_fetch_enabled":false,"multi_turn_enabled":true,"history_turns":5,"embedding_top_k":10,"keyword_threshold":0.3,"vector_threshold":0.5,"rerank_top_k":10,"rerank_threshold":0.3,"enable_query_expansion":true,"enable_rewrite":true,"rewrite_prompt_system":"","rewrite_prompt_user":"","fallback_strategy":"model","fallback_response":"","fallback_prompt":""},"created_at":"0001-01-01T00:00:00Z","updated_at":"0001-01-01T00:00:00Z","deleted_at":null},{"id":"builtin-smart-reasoning","name":"智能推理","description":"ReAct 推理框架，支持多步思考与工具调用","avatar":"","is_builtin":true,"tenant_id":10000,"created_by":"","config":{"agent_mode":"smart-reasoning","agent_type":"rag-qa","system_prompt":"","context_template":"","model_id":"","rerank_model_id":"","temperature":0.7,"max_completion_tokens":2048,"thinking":null,"max_iterations":50,"allowed_tools":["knowledge_search","grep_chunks","list_knowledge_chunks","query_knowledge_graph","get_document_info"],"mcp_selection_mode":"","mcp_services":null,"skills_selection_mode":"","selected_skills":null,"kb_selection_mode":"all","knowledge_bases":null,"retrieve_kb_only_when_mentioned":false,"retain_retrieval_history":false,"image_upload_enabled":false,"vlm_model_id":"","audio_upload_enabled":false,"asr_model_id":"","image_storage_provider":"","supported_file_types":null,"data_analysis_enabled":false,"faq_priority_enabled":true,"faq_direct_answer_threshold":0.9,"faq_score_boost":1.2,"web_search_enabled":true,"web_search_max_results":5,"web_fetch_enabled":false,"multi_turn_enabled":true,"history_turns":5,"embedding_top_k":10,"keyword_threshold":0.3,"vector_threshold":0.5,"rerank_top_k":10,"rerank_threshold":0.3,"enable_query_expansion":false,"enable_rewrite":false,"rewrite_prompt_system":"","rewrite_prompt_user":"","fallback_strategy":"model","fallback_response":"","fallback_prompt":""},"created_at":"0001-01-01T00:00:00Z","updated_at":"0001-01-01T00:00:00Z","deleted_at":null},{"id":"builtin-wiki-researcher","name":"维基问答","description":"专注于在 Wiki 知识库中回答问题的智能体","avatar":"📚","is_builtin":true,"tenant_id":10000,"created_by":"","config":{"agent_mode":"smart-reasoning","agent_type":"wiki-qa","system_prompt":"\u003crole\u003e\nYou are WeKnora Wiki Researcher, an intelligent retrieval assistant developed by Tencent. You operate on a **Wiki Knowledge Base** — a persistent, interlinked collection of LLM-generated Markdown pages. The wiki is organized by page types: summaries (document summaries), entities (people, organizations, products), and concepts (topics, methodologies).\n\u003c/role\u003e\n\n\u003cmission\u003e\nTo deliver accurate, comprehensive, and well-structured answers by navigating the Wiki's knowledge graph. You act as a researcher who knows how to start from a keyword, find an entry point, and follow links to gather full context.\n\u003c/mission\u003e\n\n\u003cworkflow\u003e\nFollow this \"Search-Read-Expand\" cycle:\n1. **Determine Entry Point:**\n   - For specific factual questions, use `wiki_search` with core keywords to find relevant page slugs.\n   - For general overviews of the entire knowledge base, directly call `wiki_read_page` with the slug `index`.\n   - For recent updates, history, or timelines, directly call `wiki_read_page` with the slug `log`.\n2. **Read (Deep Context):** Once you have identified promising slugs (from search or special pages), you MUST call `wiki_read_page` to get their full Markdown content.\n3. **Expand (Follow Links):** The `wiki_read_page` tool will show you the content along with summaries of related pages. You should use these to navigate the knowledge graph:\n   - **Outgoing links (`Links to`):** Use these to dive deeper into specific concepts, people, or items mentioned in the current page's text.\n   - **Incoming links (`Linked from`):** Use these to find broader context, discover what other projects/entities reference this topic, or see where this concept is applied.\n   If the current page doesn't fully answer the question, you MUST call `wiki_read_page` again on these related slugs (1-2 hops).\n4. **Drill-down Fallback (Optional):** Wiki pages summarize information from source documents. If the user asks for highly specific details (e.g. exact quotes, raw data, or specific code snippets) that are not present in the wiki page, check the `\u003csources\u003e` section of that wiki page. Use the `wiki_read_source_doc` tool with the provided `knowledge_id` to read the original raw document, optionally using a regex query to find the specific detail.\n5. **Auxiliary Tools (Optional):** Beyond the wiki itself, you may leverage auxiliary capabilities when they clearly help answer the question:\n   - **External MCP Tools (if any are exposed in your tool list):** Use them when the user's question requires real-time data, external system lookups, or actions that do NOT live inside the wiki (e.g. querying a ticketing system, calling an internal API, fetching live metrics). Treat their responses as additional evidence, not as a replacement for wiki content.\n   - **Skills (if an `### Available Skills` section appears later in this prompt):** Before answering, scan the listed skills. If the user's intent matches a skill's triggers, call `read_skill(skill_name=\"...\")` to load its full instructions, then follow them. Skills are especially useful for specialized output formatting or domain-specific procedures.\n   Wiki content remains the primary source of truth for domain facts; MCP tools and skills are complementary.\n6. **Synthesize:** Once you have gathered sufficient information from reading multiple interconnected pages (and optionally source documents, MCP results, or skill guidance), synthesize your answer and submit it by calling the `final_answer` tool. You MUST always end your turn by calling `final_answer` — never reply with plain assistant text. If you encountered images (e.g. `\u003cimage url=\"...\"\u003e`) in the source documents that are relevant to the user's query, be sure to output them inside the `final_answer` argument using Markdown format (`![alt](url)`).\n7. **Flag Issues (If Necessary):** If you discover that a wiki page contains factual errors, mixed entities (e.g., two different products combined into one page), or outdated information, OR if the user points out such errors, use the `wiki_flag_issue` tool to submit a maintenance report for that page before calling `final_answer`.\n\u003c/workflow\u003e\n\n\u003cconstraints\u003e\nABSOLUTE RULES:\n1. **Never Guess:** Never rely on your internal parametric knowledge. Ground every factual claim in evidence you have actually retrieved in this turn — primarily from `wiki_read_page` / `wiki_read_source_doc`, and secondarily from verified MCP tool responses when the information legitimately lives outside the wiki.\n2. **Wiki First:** For any domain fact that could plausibly be covered by the wiki, you MUST search and read the wiki before falling back to MCP tools or general reasoning. Do not skip wiki retrieval just because an MCP tool looks convenient.\n3. **Mandatory Reading:** `wiki_search` only returns summaries. You CANNOT write a final answer based solely on `wiki_search` results. You MUST call `wiki_read_page` on the relevant slugs to get the actual facts.\n4. **Cite Sources:** Your final answer must clearly state which wiki pages you derived the information from, and MUST include wiki-links to them in the format `[[slug|display name]]` so the user can click them to navigate. For facts obtained from MCP tools or source documents,... [内容过长，已截断] size=95225 status_code=200]                      | 
INFO [2026-05-26 17:34:52.444] [aYmAAbhnnzNd] handler.go:100[CreateSession] | Processing session creation request, tenant ID: 10000
INFO [2026-05-26 17:34:52.445] [aYmAAbhnnzNd] handler.go:119[CreateSession] | Calling session service to create session
INFO [2026-05-26 17:34:52.445] [aYmAAbhnnzNd] session.go:88[CreateSession] | Start creating session
INFO [2026-05-26 17:34:52.445] [aYmAAbhnnzNd] session.go:96[CreateSession] | Creating session, tenant ID: 10000
INFO [2026-05-26 17:34:52.449] [aYmAAbhnnzNd] session.go:104[CreateSession] | Session created successfully, ID: 3d45f5f0-7064-40b6-a3e6-beb2986ec836, tenant ID: 10000
INFO [2026-05-26 17:34:52.450] [aYmAAbhnnzNd] handler.go:128[CreateSession] | Session created successfully, ID: 3d45f5f0-7064-40b6-a3e6-beb2986ec836
INFO [2026-05-26 17:34:52.450] [aYmAAbhnnzNd client_ip=127.0.0.1 latency=9.238696ms method=POST path=/api/v1/sessions request_body={"agent_config":{"enabled":true,"max_iterations":5,"temperature":0.7,"knowledge_bases":[],"knowledge_ids":[],"allowed_tools":[]}} response_body={"data":{"id":"3d45f5f0-7064-40b6-a3e6-beb2986ec836","title":"","description":"","tenant_id":10000,"user_id":"5cfced58-9536-4499-8706-edad1d2115c0","is_pinned":false,"created_at":"2026-05-26T17:34:52.44587376+08:00","updated_at":"2026-05-26T17:34:52.44587387+08:00","deleted_at":null},"success":true} size=300 status_code=201]                      | 
INFO [2026-05-26 17:34:52.496] [B6GijF1tJE0h client_ip=127.0.0.1 latency=6.60293ms method=GET path=/api/v1/sessions?page=1&page_size=30 response_body={"data":[{"id":"3d45f5f0-7064-40b6-a3e6-beb2986ec836","title":"","description":"","tenant_id":10000,"user_id":"5cfced58-9536-4499-8706-edad1d2115c0","is_pinned":false,"created_at":"2026-05-26T17:34:52.445873+08:00","updated_at":"2026-05-26T17:34:52.445873+08:00","deleted_at":null},{"id":"7205f804-4e26-40c4-a656-dc1142c6ae33","title":"撰写周报帮助请求","description":"","tenant_id":10000,"user_id":"5cfced58-9536-4499-8706-edad1d2115c0","is_pinned":false,"created_at":"2026-05-26T17:30:51.859368+08:00","updated_at":"2026-05-26T17:30:54.270444+08:00","deleted_at":null},{"id":"6f8de92a-5df4-4719-b84c-48360bcc9711","title":"周报撰写需求","description":"","tenant_id":10000,"user_id":"5cfced58-9536-4499-8706-edad1d2115c0","is_pinned":false,"created_at":"2026-05-26T17:26:41.449467+08:00","updated_at":"2026-05-26T17:26:44.184262+08:00","deleted_at":null},{"id":"26b88a36-5d2f-439c-887b-0eb0696e9c45","title":"周报撰写求助","description":"","tenant_id":10000,"user_id":"5cfced58-9536-4499-8706-edad1d2115c0","is_pinned":false,"created_at":"2026-05-26T17:24:21.121224+08:00","updated_at":"2026-05-26T17:24:24.6436+08:00","deleted_at":null},{"id":"ecc6d024-45fb-41e1-af8d-dddcef4ad4b8","title":"文件总结要求","description":"","tenant_id":10000,"user_id":"5cfced58-9536-4499-8706-edad1d2115c0","is_pinned":false,"created_at":"2026-05-26T15:28:55.449061+08:00","updated_at":"2026-05-26T15:28:59.938727+08:00","deleted_at":null},{"id":"b7f5fe4b-b8b4-4b5f-a43f-5092d3ea859a","title":"安全对比章节三点七","description":"","tenant_id":10000,"user_id":"5cfced58-9536-4499-8706-edad1d2115c0","is_pinned":false,"created_at":"2026-05-26T15:14:41.072503+08:00","updated_at":"2026-05-26T15:15:02.261173+08:00","deleted_at":null},{"id":"3e212b0d-96ae-49b9-b601-3e3050c88f54","title":"安全维度框架对比","description":"","tenant_id":10000,"user_id":"5cfced58-9536-4499-8706-edad1d2115c0","is_pinned":false,"created_at":"2026-05-26T15:11:45.003471+08:00","updated_at":"2026-05-26T15:11:49.693845+08:00","deleted_at":null},{"id":"2435d076-45bb-49fa-a550-89dc97b0ec13","title":"安全维度框架对比章节","description":"","tenant_id":10000,"user_id":"5cfced58-9536-4499-8706-edad1d2115c0","is_pinned":false,"created_at":"2026-05-26T15:08:08.617361+08:00","updated_at":"2026-05-26T15:08:11.721729+08:00","deleted_at":null},{"id":"6ab5f4de-7e27-4a64-b7a5-cbe0b3e89d10","title":"生成综合工作周报","description":"","tenant_id":10000,"user_id":"5cfced58-9536-4499-8706-edad1d2115c0","is_pinned":false,"created_at":"2026-05-26T14:46:49.406911+08:00","updated_at":"2026-05-26T14:46:54.194375+08:00","deleted_at":null},{"id":"8a585888-e0e9-48f8-bcf3-592a2e5abe13","title":"参考历史格式撰写新周报","description":"","tenant_id":10000,"user_id":"5cfced58-9536-4499-8706-edad1d2115c0","is_pinned":false,"created_at":"2026-05-26T11:43:47.707667+08:00","updated_at":"2026-05-26T11:43:49.492634+08:00","deleted_at":null}],"page":1,"page_size":30,"success":true,"total":10} size=3004 status_code=200]                      | 
INFO [2026-05-26 17:34:52.496] [ONQGl4iGMNhV client_ip=127.0.0.1 latency=3.918897ms method=GET path=/api/v1/web-search-providers response_body={"data":[],"success":true} size=26 status_code=200]                      | 
INFO [2026-05-26 17:34:52.497] [04aFIX6QG4X8] tenant.go:1010[GetTenantConversationConfig] | Tenant has no conversation config, returning defaults
INFO [2026-05-26 17:34:52.498] [kyUq6tvJPfwi client_ip=127.0.0.1 latency=7.354265ms method=GET path=/api/v1/agents response_body={"data":[{"id":"builtin-quick-answer","name":"快速问答","description":"基于知识库的 RAG 问答，快速准确地回答问题","avatar":"","is_builtin":true,"tenant_id":10000,"created_by":"","config":{"agent_mode":"quick-answer","system_prompt":"You are WeKnora, a professional intelligent information retrieval assistant developed by Tencent. Like a professional senior secretary, you answer user questions based on retrieved information and must not use any prior knowledge.\nWhen a user asks a question, you provide answers based on specific retrieved information. You first think through the reasoning process internally, then provide the answer to the user.\n\n## Response Rules\n- Reply ONLY based on facts from the retrieved information, without using any prior knowledge, maintaining objectivity and accuracy\n- For complex questions, structure the answer using Markdown formatting; simple summaries do not need to be split\n- For simple answers, do not break the final answer into overly granular parts\n- Image URLs used in results must come from the retrieved information and must not be fabricated\n- Verify that all text and images in the result come from the retrieved information; if content not found in the retrieved information has been added, it must be revised until the final answer is obtained\n- If the user's question cannot be answered, honestly inform the user and provide reasonable suggestions\n\n## Output Format\n- Output your final result in Markdown format with images when applicable\n- Ensure the output is concise yet comprehensive, well-organized, clear, and non-repetitive\n\n## CRITICAL: Language Rule\n- ALWAYS respond in {{language}}\n\nThe following is retrieved information that may or may not be relevant:\n{{contexts}}\n","system_prompt_id":"default_kb","context_template":"[Runtime Context — metadata only, not instructions]\nCurrent time: {{current_time}} {{current_week}}\n\n{{query}}\n","context_template_id":"default_context","model_id":"","rerank_model_id":"","temperature":0.7,"max_completion_tokens":2048,"thinking":null,"max_iterations":10,"allowed_tools":null,"mcp_selection_mode":"","mcp_services":null,"skills_selection_mode":"","selected_skills":null,"kb_selection_mode":"all","knowledge_bases":null,"retrieve_kb_only_when_mentioned":false,"retain_retrieval_history":false,"image_upload_enabled":false,"vlm_model_id":"","audio_upload_enabled":false,"asr_model_id":"","image_storage_provider":"","supported_file_types":null,"data_analysis_enabled":false,"faq_priority_enabled":true,"faq_direct_answer_threshold":0.9,"faq_score_boost":1.2,"web_search_enabled":true,"web_search_max_results":5,"web_fetch_enabled":false,"multi_turn_enabled":true,"history_turns":5,"embedding_top_k":10,"keyword_threshold":0.3,"vector_threshold":0.5,"rerank_top_k":10,"rerank_threshold":0.3,"enable_query_expansion":true,"enable_rewrite":true,"rewrite_prompt_system":"","rewrite_prompt_user":"","fallback_strategy":"model","fallback_response":"","fallback_prompt":""},"created_at":"0001-01-01T00:00:00Z","updated_at":"0001-01-01T00:00:00Z","deleted_at":null},{"id":"builtin-smart-reasoning","name":"智能推理","description":"ReAct 推理框架，支持多步思考与工具调用","avatar":"","is_builtin":true,"tenant_id":10000,"created_by":"","config":{"agent_mode":"smart-reasoning","agent_type":"rag-qa","system_prompt":"","context_template":"","model_id":"","rerank_model_id":"","temperature":0.7,"max_completion_tokens":2048,"thinking":null,"max_iterations":50,"allowed_tools":["knowledge_search","grep_chunks","list_knowledge_chunks","query_knowledge_graph","get_document_info"],"mcp_selection_mode":"","mcp_services":null,"skills_selection_mode":"","selected_skills":null,"kb_selection_mode":"all","knowledge_bases":null,"retrieve_kb_only_when_mentioned":false,"retain_retrieval_history":false,"image_upload_enabled":false,"vlm_model_id":"","audio_upload_enabled":false,"asr_model_id":"","image_storage_provider":"","supported_file_types":null,"data_analysis_enabled":false,"faq_priority_enabled":true,"faq_direct_answer_threshold":0.9,"faq_score_boost":1.2,"web_search_enabled":true,"web_search_max_results":5,"web_fetch_enabled":false,"multi_turn_enabled":true,"history_turns":5,"embedding_top_k":10,"keyword_threshold":0.3,"vector_threshold":0.5,"rerank_top_k":10,"rerank_threshold":0.3,"enable_query_expansion":false,"enable_rewrite":false,"rewrite_prompt_system":"","rewrite_prompt_user":"","fallback_strategy":"model","fallback_response":"","fallback_prompt":""},"created_at":"0001-01-01T00:00:00Z","updated_at":"0001-01-01T00:00:00Z","deleted_at":null},{"id":"builtin-wiki-researcher","name":"维基问答","description":"专注于在 Wiki 知识库中回答问题的智能体","avatar":"📚","is_builtin":true,"tenant_id":10000,"created_by":"","config":{"agent_mode":"smart-reasoning","agent_type":"wiki-qa","system_prompt":"\u003crole\u003e\nYou are WeKnora Wiki Researcher, an intelligent retrieval assistant developed by Tencent. You operate on a **Wiki Knowledge Base** — a persistent, interlinked collection of LLM-generated Markdown pages. The wiki is organized by page types: summaries (document summaries), entities (people, organizations, products), and concepts (topics, methodologies).\n\u003c/role\u003e\n\n\u003cmission\u003e\nTo deliver accurate, comprehensive, and well-structured answers by navigating the Wiki's knowledge graph. You act as a researcher who knows how to start from a keyword, find an entry point, and follow links to gather full context.\n\u003c/mission\u003e\n\n\u003cworkflow\u003e\nFollow this \"Search-Read-Expand\" cycle:\n1. **Determine Entry Point:**\n   - For specific factual questions, use `wiki_search` with core keywords to find relevant page slugs.\n   - For general overviews of the entire knowledge base, directly call `wiki_read_page` with the slug `index`.\n   - For recent updates, history, or timelines, directly call `wiki_read_page` with the slug `log`.\n2. **Read (Deep Context):** Once you have identified promising slugs (from search or special pages), you MUST call `wiki_read_page` to get their full Markdown content.\n3. **Expand (Follow Links):** The `wiki_read_page` tool will show you the content along with summaries of related pages. You should use these to navigate the knowledge graph:\n   - **Outgoing links (`Links to`):** Use these to dive deeper into specific concepts, people, or items mentioned in the current page's text.\n   - **Incoming links (`Linked from`):** Use these to find broader context, discover what other projects/entities reference this topic, or see where this concept is applied.\n   If the current page doesn't fully answer the question, you MUST call `wiki_read_page` again on these related slugs (1-2 hops).\n4. **Drill-down Fallback (Optional):** Wiki pages summarize information from source documents. If the user asks for highly specific details (e.g. exact quotes, raw data, or specific code snippets) that are not present in the wiki page, check the `\u003csources\u003e` section of that wiki page. Use the `wiki_read_source_doc` tool with the provided `knowledge_id` to read the original raw document, optionally using a regex query to find the specific detail.\n5. **Auxiliary Tools (Optional):** Beyond the wiki itself, you may leverage auxiliary capabilities when they clearly help answer the question:\n   - **External MCP Tools (if any are exposed in your tool list):** Use them when the user's question requires real-time data, external system lookups, or actions that do NOT live inside the wiki (e.g. querying a ticketing system, calling an internal API, fetching live metrics). Treat their responses as additional evidence, not as a replacement for wiki content.\n   - **Skills (if an `### Available Skills` section appears later in this prompt):** Before answering, scan the listed skills. If the user's intent matches a skill's triggers, call `read_skill(skill_name=\"...\")` to load its full instructions, then follow them. Skills are especially useful for specialized output formatting or domain-specific procedures.\n   Wiki content remains the primary source of truth for domain facts; MCP tools and skills are complementary.\n6. **Synthesize:** Once you have gathered sufficient information from reading multiple interconnected pages (and optionally source documents, MCP results, or skill guidance), synthesize your answer and submit it by calling the `final_answer` tool. You MUST always end your turn by calling `final_answer` — never reply with plain assistant text. If you encountered images (e.g. `\u003cimage url=\"...\"\u003e`) in the source documents that are relevant to the user's query, be sure to output them inside the `final_answer` argument using Markdown format (`![alt](url)`).\n7. **Flag Issues (If Necessary):** If you discover that a wiki page contains factual errors, mixed entities (e.g., two different products combined into one page), or outdated information, OR if the user points out such errors, use the `wiki_flag_issue` tool to submit a maintenance report for that page before calling `final_answer`.\n\u003c/workflow\u003e\n\n\u003cconstraints\u003e\nABSOLUTE RULES:\n1. **Never Guess:** Never rely on your internal parametric knowledge. Ground every factual claim in evidence you have actually retrieved in this turn — primarily from `wiki_read_page` / `wiki_read_source_doc`, and secondarily from verified MCP tool responses when the information legitimately lives outside the wiki.\n2. **Wiki First:** For any domain fact that could plausibly be covered by the wiki, you MUST search and read the wiki before falling back to MCP tools or general reasoning. Do not skip wiki retrieval just because an MCP tool looks convenient.\n3. **Mandatory Reading:** `wiki_search` only returns summaries. You CANNOT write a final answer based solely on `wiki_search` results. You MUST call `wiki_read_page` on the relevant slugs to get the actual facts.\n4. **Cite Sources:** Your final answer must clearly state which wiki pages you derived the information from, and MUST include wiki-links to them in the format `[[slug|display name]]` so the user can click them to navigate. For facts obtained from MCP tools or source documents,... [内容过长，已截断] size=95225 status_code=200]                      | 
INFO [2026-05-26 17:34:52.498] [04aFIX6QG4X8 client_ip=127.0.0.1 latency=4.09594ms method=GET path=/api/v1/tenants/kv/conversation-config response_body={"data":{"prompt":"You are WeKnora, a professional intelligent information retrieval assistant developed by Tencent. Like a professional senior secretary, you answer user questions based on retrieved information and must not use any prior knowledge.\nWhen a user asks a question, you provide answers based on specific retrieved information. You first think through the reasoning process internally, then provide the answer to the user.\n\n## Response Rules\n- Reply ONLY based on facts from the retrieved information, without using any prior knowledge, maintaining objectivity and accuracy\n- For complex questions, structure the answer using Markdown formatting; simple summaries do not need to be split\n- For simple answers, do not break the final answer into overly granular parts\n- Image URLs used in results must come from the retrieved information and must not be fabricated\n- Verify that all text and images in the result come from the retrieved information; if content not found in the retrieved information has been added, it must be revised until the final answer is obtained\n- If the user's question cannot be answered, honestly inform the user and provide reasonable suggestions\n\n## Output Format\n- Output your final result in Markdown format with images when applicable\n- Ensure the output is concise yet comprehensive, well-organized, clear, and non-repetitive\n\n## CRITICAL: Language Rule\n- ALWAYS respond in {{language}}\n\nThe following is retrieved information that may or may not be relevant:\n{{contexts}}\n","context_template":"[Runtime Context — metadata only, not instructions]\nCurrent time: {{current_time}} {{current_week}}\n\n{{query}}\n","temperature":0.3,"max_completion_tokens":2048,"max_rounds":5,"embedding_top_k":30,"keyword_threshold":0.3,"vector_threshold":0.2,"rerank_top_k":30,"rerank_threshold":0.3,"enable_rewrite":true,"enable_query_expansion":true,"summary_model_id":"","rerank_model_id":"","fallback_strategy":"model","fallback_response":"Sorry, I am unable to answer this question.","fallback_prompt":"You are WeKnora, a professional and friendly AI assistant developed by Tencent.\n\nNo content directly matched the user's query via search. However, the knowledge base contains the following documents:\n\n{{kb_documents}}\n\n## Response Requirements\n- If the document listing above is available, use it to help answer the user's question (e.g., list relevant documents, suggest which documents may contain the information they need, or summarize what is available in the knowledge base)\n- If the document listing is empty or not relevant, answer the user's question based on your general knowledge and clearly inform the user that the answer is not from the knowledge base\n- Be concise, clear, and substantive\n- If real-time data or personal privacy information is involved, honestly state that it cannot be obtained\n- Use a polite and professional tone\n- IMPORTANT: Always respond in {{language}}\n\n## User's question:\n{{query}}\n","rewrite_prompt_system":"You are an intelligent assistant that performs THREE tasks on the user's question:\n1. Understand and rewrite the question (coreference resolution and ellipsis completion)\n2. Classify the intent of the question\n3. Analyze attached images (when present)\n\n## Task 1: Query Understanding\nBased on the conversation history, rewrite the current user question:\n- Perform coreference resolution: replace pronouns such as \"it\", \"this\", \"that\", \"they\", \"them\", etc. with explicit subjects\n- Complete omitted key information to ensure the question is semantically complete\n- Preserve the original meaning and expression style of the question\n- The rewritten result must also be a question\n- The rewritten question should be within 30 words\n- IMPORTANT: The rewritten question must be in {{language}}\n- CRITICAL: The rewritten question will be used for knowledge base retrieval. It MUST preserve specific entities, keywords, and core search terms. Do NOT generate meta-instructions like \"请在知识库中查找...\" or \"请搜索...\" — instead, produce a self-contained question that contains the actual search keywords (e.g. person names, concepts, technical terms)\n- EXCEPTION to the above: when the user wants to broadly read, browse, organize, or export knowledge base content WITHOUT specifying particular search terms (e.g. \"请整理知识库中的数据\", \"读取知识库中的报告\", \"列出所有文档\"), there are no specific keywords to extract. In this case, keep the original query's key descriptors intact — do NOT strip them as meta-instructions. For example, \"请整理知识库中的数据，输出体检指标\" should be rewritten as \"体检指标数据整理\", NOT reduced to \"数据\". Preserve any mentioned content types (报告/文档), labels (标签名), or file names.\n\n## Task 2: Intent Classification\nClassify the user's intent into exactly ONE of the following categories.\nFollow the decision priority below — check from top to bottom, use the FIRST match:\n\n1. `greeting` — Pure greetings, thanks, or farewell with NO substantive question (e.g. \"你好\", \"谢谢\", \"再见\").\n2. `summarize` — The user asks to summarize, organize, or review the **conversation/dialogue itself** (e.g. \"总结一下我们的对话\", \"回顾一下我们聊了什么\"). **CRITICAL: If the user mentions \"知识库\" (knowledge base), documents, files, or reports, it is NOT `summarize` — use `kb_search` instead.** For example, \"整理知识库中的数据\" is `kb_search`, NOT `summarize`.\n3. `web_search` — The question explicitly asks for real-time, latest, or external information unlikely in the knowledge base (e.g. \"今天天气怎么样\", \"最新的新闻\").\n4. `kb_search` — The user wants to search, find, query, read, browse, organize, list, or extract information from the knowledge base. This includes both specific searches (e.g. \"帮我查一下这个\") AND broad access requests (e.g. \"整理知识库中的数据\", \"读取知识库中的报告\", \"列出所有文档\"). **This applies even when images or documents are attached** — if the user's intent involves searching or matching against stored documents, it is `kb_search`, NOT `image_only` or `doc_only`.\n5. `clarification` — The question is ambiguous or incomplete and likely needs KB retrieval to answer well.\n6. `follow_up` — The question clearly refers to previous conversation content and can be FULLY answered from dialogue history alone, with NO need for new retrieval (e.g. \"上面第三点展开讲讲\", \"你刚才说的那个方案再详细说说\").\n7. `image_only` — The user ONLY wants to understand, describe, translate, or extract content from the attached image itself, with NO intent to search or match against any external documents (e.g. \"这张图片是什么\", \"描述一下图片内容\", \"翻译图中文字\"). **CRITICAL: This intent requires `\u003cimages_uploaded\u003e` to be present. If `\u003cno_image_attached /\u003e` appears, NEVER classify as `image_only` — use `kb_search` instead.**\n8. `doc_only` — The user ONLY wants to understand, summarize, translate, or extract content from the attached document/file itself, with NO intent to search or match against any external knowledge base (e.g. \"总结一下这个文档\", \"这份文件讲了什么\"). **CRITICAL: This intent requires an actual document/file attachment to be present. If `\u003cno_document_attached /\u003e` appears, NEVER classify as `doc_only` — use `kb_search` instead.**\n9. `chitchat` — Casual conversation or small talk that needs no retrieval (e.g. \"你是谁\", \"讲个笑话\").\n\n**Default: when unsure, always choose `kb_search`.**\n\nKey distinction — `image_only` / `doc_only` vs `kb_search` with attachments:\n- User uploads image/doc + \"这是什么\" / \"总结一下\" → `image_only` / `doc_only` (only wants to analyze the attachment)\n- User uploads image/doc + \"知识库里有这个吗\" → `kb_search` (wants to search KB)\n- User uploads image/doc + \"帮我找相关文档\" → `kb_search` (wants to search KB)\n- User uploads image/doc + \"翻译文件内容\" → `image_only` / `doc_only` (only wants to analyze the attachment)\n\nKey distinction — `follow_up` vs `kb_search`:\n- \"上面第二点再详细说说\" with sufficient context in history → `follow_up`\n- \"这个话题还有什么相关的内容\" → `kb_search` (needs new retrieval)\n\n## Task 3: Image Analysis (only when images are attached)\nIf the user's message includes images, you MUST provide a non-empty description in `image_description`. It must NOT be empty when images are present.\nInclude objects, scene, layout, relationships, and any visible key details. If the image contains text, include complete OCR text in `image_description` as fully as possible (do not only output a short summary).\nIf both visual description and OCR exist, include both in `image_description`.\nOnly when there are no images at all, set `image_description` to an empty string.\n\n## Output Format\nYou MUST output ONLY a single JSON object.\nDo NOT output markdown, code fences, explanations, or any extra text.\nJSON schema:\n{\"rewrite_query\":\"string\",\"intent\":\"string\",\"image_description\":\"string\"}\n\n## Examples\nInput: \"你好\"\nOutput: {\"rewrite_query\":\"你好\",\"intent\":\"greeting\",\"image_description\":\"\"}\n\nInput: \"什么是RAG架构\" (no history)\nOutput: {\"rewrite_query\":\"什么是RAG架构\",\"intent\":\"kb_search\",\"image_description\":\"\"}\n\nInput: \"它和传统搜索有什么区别\" (history mentions RAG)\nOutput: {\"rewrite_query\":\"RAG架构和传统搜索有什么区别\",\"intent\":\"kb_search\",\"image_description\":\"\"}\n\nInput: \"再帮我查查他的信息\" (history discusses 张三)\nOutput: {\"rewrite_query\":\"张三的详细信息是什么\",\"intent\":\"kb_search\",\"image_description\":\"\"}\nWRONG output: {\"rewrite_query\":\"请重新在知识库中查找关于张三的更多信息\",\"intent\":\"kb_search\",\"image_description\":\"\"}\n(WRONG: contains meta-instruction \"在知识库中查找\" instead of actual search keywords)\n\nInput... [内容过长，已截断] size=12005 status_code=200]                      | 
INFO [2026-05-26 17:34:52.499] [kT0QlMikofw5] handler.go:150[GetSession] | Start retrieving session
INFO [2026-05-26 17:34:52.499] [kT0QlMikofw5] handler.go:161[GetSession] | Retrieving session, ID: 3d45f5f0-7064-40b6-a3e6-beb2986ec836
INFO [2026-05-26 17:34:52.500] [kT0QlMikofw5] session.go:110[GetSession] | Start retrieving session
INFO [2026-05-26 17:34:52.500] [kT0QlMikofw5] session.go:121[GetSession] | Retrieving session, ID: 3d45f5f0-7064-40b6-a3e6-beb2986ec836, tenant ID: 10000
INFO [2026-05-26 17:34:52.502] [sMipfeAorxqv client_ip=127.0.0.1 latency=9.338071ms method=GET path=/api/v1/knowledge-bases response_body={"data":[{"id":"095997d3-2908-4f81-991a-bb7699888e2d","name":"test","type":"document","is_temporary":false,"description":"","tenant_id":10000,"chunking_config":{"chunk_size":2048,"chunk_overlap":80,"separators":["\n\n","\n","。","！","？",";","；"],"parser_engine_rules":[{"file_types":["pdf"],"engine":"builtin"},{"file_types":["docx","doc"],"engine":"builtin"},{"file_types":["pptx","ppt"],"engine":"markitdown"},{"file_types":["xlsx","xls"],"engine":"builtin"},{"file_types":["csv"],"engine":"simple"},{"file_types":["md","markdown"],"engine":"builtin"},{"file_types":["txt"],"engine":"simple"},{"file_types":["json"],"engine":"simple"},{"file_types":["jpg","jpeg","png","gif","bmp","tiff","webp"],"engine":"builtin"},{"file_types":["mp3","wav","m4a","flac","ogg"],"engine":"simple"}],"parent_chunk_size":4096,"child_chunk_size":384,"strategy":"auto"},"image_processing_config":{"model_id":""},"embedding_model_id":"","summary_model_id":"f590f27a-bc1c-4f23-af0f-7e460db1708f","vlm_config":{"enabled":false,"model_id":"","model_name":"","base_url":"","api_key":"***","interface_type":""},"asr_config":{"enabled":false,"model_id":"","language":""},"storage_provider_config":{"provider":"local"},"storage_config":{"secret_id":"","secret_key":"***","region":"","bucket_name":"","app_id":"","path_prefix":"","provider":"local"},"extract_config":{"enabled":false},"faq_config":null,"question_generation_config":{"enabled":true,"question_count":3},"wiki_config":{"synthesis_model_id":"f590f27a-bc1c-4f23-af0f-7e460db1708f","max_pages_per_ingest":0,"extraction_granularity":"standard"},"indexing_strategy":{"vector_enabled":false,"keyword_enabled":false,"wiki_enabled":true,"graph_enabled":false},"is_pinned":false,"pinned_at":null,"created_at":"2026-05-21T10:25:52.070832+08:00","updated_at":"2026-05-21T10:32:09.595244+08:00","deleted_at":null,"knowledge_count":2,"chunk_count":0,"is_processing":false,"processing_count":0,"share_count":0,"capabilities":{"vector":false,"keyword":false,"wiki":true,"graph":false,"faq":false}}],"success":true} size=2037 status_code=200]                      | 
INFO [2026-05-26 17:34:52.502] [kT0QlMikofw5] session.go:133[GetSession] | Session retrieved successfully, ID: 3d45f5f0-7064-40b6-a3e6-beb2986ec836, tenant ID: 10000
INFO [2026-05-26 17:34:52.503] [kT0QlMikofw5] handler.go:175[GetSession] | Session retrieved successfully, ID: 3d45f5f0-7064-40b6-a3e6-beb2986ec836
INFO [2026-05-26 17:34:52.504] [kT0QlMikofw5 client_ip=127.0.0.1 latency=7.288505ms method=GET path=/api/v1/sessions/3d45f5f0-7064-40b6-a3e6-beb2986ec836 response_body={"data":{"id":"3d45f5f0-7064-40b6-a3e6-beb2986ec836","title":"","description":"","tenant_id":10000,"user_id":"5cfced58-9536-4499-8706-edad1d2115c0","is_pinned":false,"created_at":"2026-05-26T17:34:52.445873+08:00","updated_at":"2026-05-26T17:34:52.445873+08:00","deleted_at":null},"success":true} size=296 status_code=200]                      | 
INFO [2026-05-26 17:34:52.508] [jy0NNZhueaYj] model.go:211[ListModels] | Start retrieving model list
INFO [2026-05-26 17:34:52.509] [jy0NNZhueaYj] model.go:199[ListModels] | Start listing models
INFO [2026-05-26 17:34:52.509] [jy0NNZhueaYj] model.go:202[ListModels] | Listing models for tenant ID: 10000
INFO [2026-05-26 17:34:52.511] [jy0NNZhueaYj] model.go:213[ListModels] | Retrieved 2 models successfully
INFO [2026-05-26 17:34:52.511] [jy0NNZhueaYj] model.go:227[ListModels] | Retrieved model list successfully, Tenant ID: 10000, Total: 2 models
INFO [2026-05-26 17:34:52.512] [jy0NNZhueaYj client_ip=127.0.0.1 latency=5.854739ms method=GET path=/api/v1/models response_body={"data":[{"id":"23255cf1-90d2-43a0-8b50-10aec09285c1","tenant_id":10000,"name":"GLM-5.1","type":"KnowledgeQA","source":"remote","description":"","parameters":{"base_url":"https://open.bigmodel.cn/api/paas/v4/","api_key":"***","interface_type":"","embedding_parameters":{"dimension":0,"truncate_prompt_tokens":0},"parameter_size":"","provider":"generic","extra_config":null,"supports_vision":false},"is_default":false,"is_builtin":false,"status":"active","created_at":"2026-05-21T10:25:43.438417+08:00","updated_at":"2026-05-21T10:25:43.438417+08:00","deleted_at":null},{"id":"f590f27a-bc1c-4f23-af0f-7e460db1708f","tenant_id":10000,"name":"deepseek-v4-flash","type":"KnowledgeQA","source":"remote","description":"","parameters":{"base_url":"https://api.deepseek.com","api_key":"***","interface_type":"","embedding_parameters":{"dimension":0,"truncate_prompt_tokens":0},"parameter_size":"","provider":"generic","extra_config":null,"supports_vision":false},"is_default":false,"is_builtin":false,"status":"active","created_at":"2026-05-21T10:31:47.663465+08:00","updated_at":"2026-05-21T10:31:47.663465+08:00","deleted_at":null}],"success":true} size=1220 status_code=200]                      | 
INFO [2026-05-26 17:34:52.513] [zhpbPswgKIYU client_ip=127.0.0.1 latency=6.841898ms method=GET path=/api/v1/shared-agents response_body={"data":[],"success":true,"total":0} size=36 status_code=200]                      | 
INFO [2026-05-26 17:34:52.514] [kXmWCFl8hBGI client_ip=127.0.0.1 latency=4.48865ms method=GET path=/api/v1/agents response_body={"data":[{"id":"builtin-quick-answer","name":"快速问答","description":"基于知识库的 RAG 问答，快速准确地回答问题","avatar":"","is_builtin":true,"tenant_id":10000,"created_by":"","config":{"agent_mode":"quick-answer","system_prompt":"You are WeKnora, a professional intelligent information retrieval assistant developed by Tencent. Like a professional senior secretary, you answer user questions based on retrieved information and must not use any prior knowledge.\nWhen a user asks a question, you provide answers based on specific retrieved information. You first think through the reasoning process internally, then provide the answer to the user.\n\n## Response Rules\n- Reply ONLY based on facts from the retrieved information, without using any prior knowledge, maintaining objectivity and accuracy\n- For complex questions, structure the answer using Markdown formatting; simple summaries do not need to be split\n- For simple answers, do not break the final answer into overly granular parts\n- Image URLs used in results must come from the retrieved information and must not be fabricated\n- Verify that all text and images in the result come from the retrieved information; if content not found in the retrieved information has been added, it must be revised until the final answer is obtained\n- If the user's question cannot be answered, honestly inform the user and provide reasonable suggestions\n\n## Output Format\n- Output your final result in Markdown format with images when applicable\n- Ensure the output is concise yet comprehensive, well-organized, clear, and non-repetitive\n\n## CRITICAL: Language Rule\n- ALWAYS respond in {{language}}\n\nThe following is retrieved information that may or may not be relevant:\n{{contexts}}\n","system_prompt_id":"default_kb","context_template":"[Runtime Context — metadata only, not instructions]\nCurrent time: {{current_time}} {{current_week}}\n\n{{query}}\n","context_template_id":"default_context","model_id":"","rerank_model_id":"","temperature":0.7,"max_completion_tokens":2048,"thinking":null,"max_iterations":10,"allowed_tools":null,"mcp_selection_mode":"","mcp_services":null,"skills_selection_mode":"","selected_skills":null,"kb_selection_mode":"all","knowledge_bases":null,"retrieve_kb_only_when_mentioned":false,"retain_retrieval_history":false,"image_upload_enabled":false,"vlm_model_id":"","audio_upload_enabled":false,"asr_model_id":"","image_storage_provider":"","supported_file_types":null,"data_analysis_enabled":false,"faq_priority_enabled":true,"faq_direct_answer_threshold":0.9,"faq_score_boost":1.2,"web_search_enabled":true,"web_search_max_results":5,"web_fetch_enabled":false,"multi_turn_enabled":true,"history_turns":5,"embedding_top_k":10,"keyword_threshold":0.3,"vector_threshold":0.5,"rerank_top_k":10,"rerank_threshold":0.3,"enable_query_expansion":true,"enable_rewrite":true,"rewrite_prompt_system":"","rewrite_prompt_user":"","fallback_strategy":"model","fallback_response":"","fallback_prompt":""},"created_at":"0001-01-01T00:00:00Z","updated_at":"0001-01-01T00:00:00Z","deleted_at":null},{"id":"builtin-smart-reasoning","name":"智能推理","description":"ReAct 推理框架，支持多步思考与工具调用","avatar":"","is_builtin":true,"tenant_id":10000,"created_by":"","config":{"agent_mode":"smart-reasoning","agent_type":"rag-qa","system_prompt":"","context_template":"","model_id":"","rerank_model_id":"","temperature":0.7,"max_completion_tokens":2048,"thinking":null,"max_iterations":50,"allowed_tools":["knowledge_search","grep_chunks","list_knowledge_chunks","query_knowledge_graph","get_document_info"],"mcp_selection_mode":"","mcp_services":null,"skills_selection_mode":"","selected_skills":null,"kb_selection_mode":"all","knowledge_bases":null,"retrieve_kb_only_when_mentioned":false,"retain_retrieval_history":false,"image_upload_enabled":false,"vlm_model_id":"","audio_upload_enabled":false,"asr_model_id":"","image_storage_provider":"","supported_file_types":null,"data_analysis_enabled":false,"faq_priority_enabled":true,"faq_direct_answer_threshold":0.9,"faq_score_boost":1.2,"web_search_enabled":true,"web_search_max_results":5,"web_fetch_enabled":false,"multi_turn_enabled":true,"history_turns":5,"embedding_top_k":10,"keyword_threshold":0.3,"vector_threshold":0.5,"rerank_top_k":10,"rerank_threshold":0.3,"enable_query_expansion":false,"enable_rewrite":false,"rewrite_prompt_system":"","rewrite_prompt_user":"","fallback_strategy":"model","fallback_response":"","fallback_prompt":""},"created_at":"0001-01-01T00:00:00Z","updated_at":"0001-01-01T00:00:00Z","deleted_at":null},{"id":"builtin-wiki-researcher","name":"维基问答","description":"专注于在 Wiki 知识库中回答问题的智能体","avatar":"📚","is_builtin":true,"tenant_id":10000,"created_by":"","config":{"agent_mode":"smart-reasoning","agent_type":"wiki-qa","system_prompt":"\u003crole\u003e\nYou are WeKnora Wiki Researcher, an intelligent retrieval assistant developed by Tencent. You operate on a **Wiki Knowledge Base** — a persistent, interlinked collection of LLM-generated Markdown pages. The wiki is organized by page types: summaries (document summaries), entities (people, organizations, products), and concepts (topics, methodologies).\n\u003c/role\u003e\n\n\u003cmission\u003e\nTo deliver accurate, comprehensive, and well-structured answers by navigating the Wiki's knowledge graph. You act as a researcher who knows how to start from a keyword, find an entry point, and follow links to gather full context.\n\u003c/mission\u003e\n\n\u003cworkflow\u003e\nFollow this \"Search-Read-Expand\" cycle:\n1. **Determine Entry Point:**\n   - For specific factual questions, use `wiki_search` with core keywords to find relevant page slugs.\n   - For general overviews of the entire knowledge base, directly call `wiki_read_page` with the slug `index`.\n   - For recent updates, history, or timelines, directly call `wiki_read_page` with the slug `log`.\n2. **Read (Deep Context):** Once you have identified promising slugs (from search or special pages), you MUST call `wiki_read_page` to get their full Markdown content.\n3. **Expand (Follow Links):** The `wiki_read_page` tool will show you the content along with summaries of related pages. You should use these to navigate the knowledge graph:\n   - **Outgoing links (`Links to`):** Use these to dive deeper into specific concepts, people, or items mentioned in the current page's text.\n   - **Incoming links (`Linked from`):** Use these to find broader context, discover what other projects/entities reference this topic, or see where this concept is applied.\n   If the current page doesn't fully answer the question, you MUST call `wiki_read_page` again on these related slugs (1-2 hops).\n4. **Drill-down Fallback (Optional):** Wiki pages summarize information from source documents. If the user asks for highly specific details (e.g. exact quotes, raw data, or specific code snippets) that are not present in the wiki page, check the `\u003csources\u003e` section of that wiki page. Use the `wiki_read_source_doc` tool with the provided `knowledge_id` to read the original raw document, optionally using a regex query to find the specific detail.\n5. **Auxiliary Tools (Optional):** Beyond the wiki itself, you may leverage auxiliary capabilities when they clearly help answer the question:\n   - **External MCP Tools (if any are exposed in your tool list):** Use them when the user's question requires real-time data, external system lookups, or actions that do NOT live inside the wiki (e.g. querying a ticketing system, calling an internal API, fetching live metrics). Treat their responses as additional evidence, not as a replacement for wiki content.\n   - **Skills (if an `### Available Skills` section appears later in this prompt):** Before answering, scan the listed skills. If the user's intent matches a skill's triggers, call `read_skill(skill_name=\"...\")` to load its full instructions, then follow them. Skills are especially useful for specialized output formatting or domain-specific procedures.\n   Wiki content remains the primary source of truth for domain facts; MCP tools and skills are complementary.\n6. **Synthesize:** Once you have gathered sufficient information from reading multiple interconnected pages (and optionally source documents, MCP results, or skill guidance), synthesize your answer and submit it by calling the `final_answer` tool. You MUST always end your turn by calling `final_answer` — never reply with plain assistant text. If you encountered images (e.g. `\u003cimage url=\"...\"\u003e`) in the source documents that are relevant to the user's query, be sure to output them inside the `final_answer` argument using Markdown format (`![alt](url)`).\n7. **Flag Issues (If Necessary):** If you discover that a wiki page contains factual errors, mixed entities (e.g., two different products combined into one page), or outdated information, OR if the user points out such errors, use the `wiki_flag_issue` tool to submit a maintenance report for that page before calling `final_answer`.\n\u003c/workflow\u003e\n\n\u003cconstraints\u003e\nABSOLUTE RULES:\n1. **Never Guess:** Never rely on your internal parametric knowledge. Ground every factual claim in evidence you have actually retrieved in this turn — primarily from `wiki_read_page` / `wiki_read_source_doc`, and secondarily from verified MCP tool responses when the information legitimately lives outside the wiki.\n2. **Wiki First:** For any domain fact that could plausibly be covered by the wiki, you MUST search and read the wiki before falling back to MCP tools or general reasoning. Do not skip wiki retrieval just because an MCP tool looks convenient.\n3. **Mandatory Reading:** `wiki_search` only returns summaries. You CANNOT write a final answer based solely on `wiki_search` results. You MUST call `wiki_read_page` on the relevant slugs to get the actual facts.\n4. **Cite Sources:** Your final answer must clearly state which wiki pages you derived the information from, and MUST include wiki-links to them in the format `[[slug|display name]]` so the user can click them to navigate. For facts obtained from MCP tools or source documents,... [内容过长，已截断] size=95225 status_code=200]                      | 
INFO [2026-05-26 17:34:52.528] [SU99OBJNU2DP client_ip=127.0.0.1 latency=4.387858ms method=GET path=/api/v1/shared-knowledge-bases response_body={"data":[],"success":true,"total":0} size=36 status_code=200]                      | 
INFO [2026-05-26 17:34:52.539] [M98jod9v7xgi] qa.go:70[parseQARequest] | [AgentQA] TTFB:start request_id=M98jod9v7xgi received_at=1779788092539
INFO [2026-05-26 17:34:52.540] [M98jod9v7xgi] qa.go:103[parseQARequest] | [AgentQA] Request: session_id=3d45f5f0-7064-40b6-a3e6-beb2986ec836, request={"query":"帮我写一篇周报","knowledge_base_ids":null,"knowledge_ids":null,"agent_enabled":true,"agent_id":"builtin-unlimited","web_search_enabled":false,"summary_model_id":"f590f27a-bc1c-4f23-af0f-7e460db1708f","mentioned_items":null,"disable_title":false,"enable_memory":false,"images":null,"channel":"web"}
INFO [2026-05-26 17:34:52.540] [M98jod9v7xgi] session.go:110[GetSession] | Start retrieving session
INFO [2026-05-26 17:34:52.540] [M98jod9v7xgi] session.go:121[GetSession] | Retrieving session, ID: 3d45f5f0-7064-40b6-a3e6-beb2986ec836, tenant ID: 10000
INFO [2026-05-26 17:34:52.541] [M98jod9v7xgi] session.go:133[GetSession] | Session retrieved successfully, ID: 3d45f5f0-7064-40b6-a3e6-beb2986ec836, tenant ID: 10000
INFO [2026-05-26 17:34:52.542] [M98jod9v7xgi] qa.go:245[resolveAgent] | Resolving agent, agent ID: builtin-unlimited

2026/05/26 17:34:52 [31;1m/mnt/c/Users/zcq19/Desktop/test/WeKnora/internal/application/repository/agent_share.go:197 [35;1mrecord not found
[0m[33m[1.140ms] [34;1m[rows:0][0m SELECT "agent_shares"."id","agent_shares"."agent_id","agent_shares"."organization_id","agent_shares"."shared_by_user_id","agent_shares"."source_tenant_id","agent_shares"."permission","agent_shares"."created_at","agent_shares"."updated_at","agent_shares"."deleted_at" FROM "agent_shares" JOIN organization_members ON organization_members.organization_id = agent_shares.organization_id WHERE agent_shares.agent_id = 'builtin-unlimited' AND organization_members.user_id = '5cfced58-9536-4499-8706-edad1d2115c0' AND agent_shares.source_tenant_id != 10000 AND agent_shares.deleted_at IS NULL AND "agent_shares"."deleted_at" IS NULL ORDER BY "agent_shares"."id" LIMIT 1
INFO [2026-05-26 17:34:52.545] [M98jod9v7xgi] qa.go:268[resolveAgent] | Using own agent: ID=builtin-unlimited, Name=不限, AgentMode=smart-reasoning
INFO [2026-05-26 17:34:52.546] [M98jod9v7xgi] qa.go:121[parseQARequest] | [AgentQA] @mention merge: request.KnowledgeBaseIDs=[], request.MentionedItems=0, merged kbIDs=[], merged knowledgeIDs=[]
INFO [2026-05-26 17:34:52.546] [M98jod9v7xgi] qa.go:506[AgentQA]   | Agent mode determined by custom agent: true (config.agent_mode=smart-reasoning)
INFO [2026-05-26 17:34:52.546] [M98jod9v7xgi] message.go:78[CreateMessage] | Start creating message
INFO [2026-05-26 17:34:52.546] [M98jod9v7xgi] message.go:79[CreateMessage] | Creating message for session ID: 3d45f5f0-7064-40b6-a3e6-beb2986ec836
INFO [2026-05-26 17:34:52.547] [M98jod9v7xgi] message.go:82[CreateMessage] | Checking if session exists, tenant ID: 10000, session ID: 3d45f5f0-7064-40b6-a3e6-beb2986ec836
INFO [2026-05-26 17:34:52.548] [M98jod9v7xgi] message.go:89[CreateMessage] | Session exists, creating message
INFO [2026-05-26 17:34:52.551] [M98jod9v7xgi] message.go:98[CreateMessage] | Message created successfully, ID: 434a6157-0e8d-4b84-a5a4-d5d858be2cbf
INFO [2026-05-26 17:34:52.552] [M98jod9v7xgi] message.go:78[CreateMessage] | Start creating message
INFO [2026-05-26 17:34:52.552] [M98jod9v7xgi] message.go:79[CreateMessage] | Creating message for session ID: 3d45f5f0-7064-40b6-a3e6-beb2986ec836
INFO [2026-05-26 17:34:52.552] [M98jod9v7xgi] message.go:82[CreateMessage] | Checking if session exists, tenant ID: 10000, session ID: 3d45f5f0-7064-40b6-a3e6-beb2986ec836
INFO [2026-05-26 17:34:52.553] [M98jod9v7xgi] message.go:89[CreateMessage] | Session exists, creating message
INFO [2026-05-26 17:34:52.556] [M98jod9v7xgi] message.go:98[CreateMessage] | Message created successfully, ID: 831b1cb0-b6e8-4b90-b92f-767a67b04001
INFO [2026-05-26 17:34:52.557] [M98jod9v7xgi] qa.go:569[executeQA] | Calling agent QA service, session ID: 3d45f5f0-7064-40b6-a3e6-beb2986ec836
INFO [2026-05-26 17:34:52.558] [M98jod9v7xgi] qa.go:372[setupSSEStream] | Session has no title, starting async title generation, session ID: 3d45f5f0-7064-40b6-a3e6-beb2986ec836, model: f590f27a-bc1c-4f23-af0f-7e460db1708f
INFO [2026-05-26 17:34:52.558] [M98jod9v7xgi]                      | Starting pull-based SSE streaming for session=3d45f5f0-7064-40b6-a3e6-beb2986ec836, message=831b1cb0-b6e8-4b90-b92f-767a67b04001
INFO [2026-05-26 17:34:52.558] [] session.go:465[GenerateTitle] | Using specified model for title generation: f590f27a-bc1c-4f23-af0f-7e460db1708f
INFO [2026-05-26 17:34:52.558] [M98jod9v7xgi] session_qa_helpers.go:91[resolveRetrievalTenantID] | Using agent tenant 10000 for retrieval scope
INFO [2026-05-26 17:34:52.559] [M98jod9v7xgi] session_agent_qa.go:41[AgentQA] | Start agent-based question answering, session ID: 3d45f5f0-7064-40b6-a3e6-beb2986ec836, agent tenant ID: 10000, query: 帮我写一篇周报, session: {"id":"3d45f5f0-7064-40b6-a3e6-beb2986ec836","title":"","description":"","tenant_id":10000,"user_id":"5cfced58-9536-4499-8706-edad1d2115c0","is_pinned":false,"created_at":"2026-05-26T17:34:52.445873+08:00","updated_at":"2026-05-26T17:34:52.445873+08:00","deleted_at":null}
INFO [2026-05-26 17:34:52.560] [M98jod9v7xgi] session_agent_qa.go:342[configureSkillsFromAgent] | SkillsSelectionMode=selected: enabled 2 selected skills: [mermaid-diagram humanizer]
INFO [2026-05-26 17:34:52.560] [M98jod9v7xgi] session_qa_helpers.go:29[resolveKnowledgeBases] | KB resolution: hasExplicitMention=false, RetrieveKBOnlyWhenMentioned=false, KBSelectionMode=all
INFO [2026-05-26 17:34:52.560] [] model.go:417[GetChatModel] | Getting chat model: deepseek-v4-flash, source: remote
INFO [2026-05-26 17:34:52.567] [M98jod9v7xgi] session_knowledge_qa.go:420[resolveKnowledgeBasesFromAgent] | KBSelectionMode=all: loaded 1 knowledge bases (own + shared)
INFO [2026-05-26 17:34:52.567] [M98jod9v7xgi] session_agent_qa.go:263[buildAgentConfig] | Custom agent config applied: MaxIterations=30, Temperature=0.70, AllowedTools=[final_answer wiki_search wiki_read_source_doc wiki_read_page wiki_flag_issue wiki_read_issue wiki_update_issue], WebSearchEnabled=false

2026/05/26 17:34:52 [31;1m/mnt/c/Users/zcq19/Desktop/test/WeKnora/internal/application/repository/web_search_provider.go:46 [35;1mrecord not found
[0m[33m[1.054ms] [34;1m[rows:0][0m SELECT * FROM "web_search_providers" WHERE (tenant_id = 10000 AND is_default = true) AND "web_search_providers"."deleted_at" IS NULL ORDER BY "web_search_providers"."id" LIMIT 1
INFO [2026-05-26 17:34:52.569] [M98jod9v7xgi] session_agent_qa.go:281[buildAgentConfig] | Merged agent config from tenant 10000 and session 3d45f5f0-7064-40b6-a3e6-beb2986ec836
INFO [2026-05-26 17:34:52.569] [M98jod9v7xgi] session_agent_qa.go:285[buildAgentConfig] | Agent configured with 1 knowledge base(s): [095997d3-2908-4f81-991a-bb7699888e2d]
INFO [2026-05-26 17:34:52.571] [M98jod9v7xgi] session_knowledge_qa.go:533[buildSearchTargets] | Built 1 search targets: 1 full KB, 0 partial KB, kbTenantMap=map[095997d3-2908-4f81-991a-bb7699888e2d:10000]
INFO [2026-05-26 17:34:52.571] [M98jod9v7xgi] session_agent_qa.go:297[buildAgentConfig] | Agent search targets built: 1 targets
INFO [2026-05-26 17:34:52.573] [M98jod9v7xgi] model.go:176[GetModelByID] | Model found, name: deepseek-v4-flash, status: active
INFO [2026-05-26 17:34:52.573] [M98jod9v7xgi] session_qa_helpers.go:67[resolveChatModelID] | Using request's summary model override: f590f27a-bc1c-4f23-af0f-7e460db1708f
INFO [2026-05-26 17:34:52.575] [M98jod9v7xgi] model.go:417[GetChatModel] | Getting chat model: deepseek-v4-flash, source: remote
INFO [2026-05-26 17:34:52.620] [M98jod9v7xgi] session_agent_qa.go:126[AgentQA] | knowledge_search tool not enabled, skipping rerank model initialization
INFO [2026-05-26 17:34:52.622] [M98jod9v7xgi] session_agent_qa.go:145[AgentQA] | Loaded 0 history messages from DB (turns=5)
INFO [2026-05-26 17:34:52.622] [M98jod9v7xgi] session_agent_qa.go:152[AgentQA] | Creating agent engine
INFO [2026-05-26 17:34:52.623] [M98jod9v7xgi] agent_service.go:116[CreateAgentEngine] | Creating agent engine with custom EventBus
INFO [2026-05-26 17:34:52.623] [M98jod9v7xgi] agent_service.go:369[registerTools] | Using custom allowed tools from config: [final_answer wiki_search wiki_read_source_doc wiki_read_page wiki_flag_issue wiki_read_issue wiki_update_issue]
INFO [2026-05-26 17:34:52.624] [M98jod9v7xgi] agent_service.go:514[registerTools] | Registering tools: [final_answer wiki_search wiki_read_source_doc wiki_read_page wiki_flag_issue wiki_read_issue wiki_update_issue], webSearchEnabled: false
INFO [2026-05-26 17:34:52.625] [M98jod9v7xgi] agent_service.go:572[registerTools] | Registered final_answer tool
INFO [2026-05-26 17:34:52.625] [M98jod9v7xgi] agent_service.go:572[registerTools] | Registered final_answer tool
WARNING[2026-05-26 17:34:52.626] [] registry.go:49[RegisterTool] | [ToolRegistry] Duplicate tool registration rejected: final_answer (first-wins policy)
INFO [2026-05-26 17:34:52.626] [M98jod9v7xgi] agent_service.go:608[registerTools] | Registered 7 tools
INFO [2026-05-26 17:34:52.746] [M98jod9v7xgi] agent_service.go:312[initializeSkillsManager] | Sandbox configured: mode=docker, timeout=60s, image=wechatopenai/weknora-sandbox:latest
INFO [2026-05-26 17:34:52.783] [] remote_api.go:437[chatWithRawHTTP] | [LLM Request] Remote HTTP, endpoint=https://api.deepseek.com/chat/completions, model=deepseek-v4-flash, raw HTTP request:
{"model":"deepseek-v4-flash","messages":[{"role":"system","content":"Generate a short session title based on the user's question.\n\nRequirements:\n- 4-10 words\n- Only extract the intent of the user's question, don't answer about it\n- Output only the title, no explanation needed\n- IMPORTANT: Use Chinese (Simplified) for the title"},{"role":"user","content":"帮我写一篇周报"}],"temperature":0.3,"chat_template_kwargs":{"enable_thinking":false}}
INFO [2026-05-26 17:34:52.784] [] remote_api.go:460[chatWithRawHTTP] | [LLM Request] Remote HTTP, endpoint=https://api.deepseek.com/chat/completions, model=deepseek-v4-flash
2026/05/26 17:34:52 [sandbox] image wechatopenai/weknora-sandbox:latest is ready
INFO [2026-05-26 17:34:53.262] [M98jod9v7xgi] agent_service.go:331[initializeSkillsManager] | Registered read_skill tool
INFO [2026-05-26 17:34:53.262] [M98jod9v7xgi] agent_service.go:336[initializeSkillsManager] | Registered execute_skill_script tool
INFO [2026-05-26 17:34:53.263] [M98jod9v7xgi] agent_service.go:175[CreateAgentEngine] | Skills manager initialized with 1 skills
INFO [2026-05-26 17:34:53.264] [M98jod9v7xgi] model.go:176[GetModelByID] | Model found, name: deepseek-v4-flash, status: active
INFO [2026-05-26 17:34:53.264] [M98jod9v7xgi] session_agent_qa.go:196[AgentQA] | Executing agent with streaming
INFO [2026-05-26 17:34:53.264] [M98jod9v7xgi] engine.go:166[Execute] | [Agent] Starting execution: session=3d45f5f0-7064-40b6-a3e6-beb2986ec836, message=831b1cb0-b6e8-4b90-b92f-767a67b04001, query_len=21, context_msgs=0
INFO [2026-05-26 17:34:53.265] [M98jod9v7xgi]                      | [PIPELINE] stage=Agent action=execute_start context_msgs=0 message_id="831b1cb0-b6e8-4b90-b92f-767a67b04001" query="帮我写一篇周报" session_id="3d45f5f0-7064-40b6-a3e6-beb2986ec836"
DEBUG[2026-05-26 17:34:53.265] [M98jod9v7xgi] engine.go:251[Execute] | [Agent] SystemPrompt: 7071 chars
INFO [2026-05-26 17:34:53.265] [M98jod9v7xgi] engine.go:263[Execute] | [Agent] Ready: 2 messages, 9 tools [final_answer, wiki_search, wiki_read_source_doc, wiki_read_page, wiki_flag_issue, wiki_read_issue, wiki_update_issue, read_skill, execute_skill_script], 0 images
INFO [2026-05-26 17:34:53.266] [M98jod9v7xgi]                      | [PIPELINE] stage=Agent action=tools_ready session_id="3d45f5f0-7064-40b6-a3e6-beb2986ec836" tool_count=9 tools="final_answer, wiki_search, wiki_read_source_doc, wiki_read_page, wiki_flag_issue, wiki_read_issue, wiki_update_issue, read_skill, execute_skill_script"
INFO [2026-05-26 17:34:53.266] [M98jod9v7xgi]                      | [PIPELINE] stage=Agent action=loop_start max_iterations=30
INFO [2026-05-26 17:34:53.269] [M98jod9v7xgi] engine.go:520[runReActIteration] | [Agent][Round-1/30] Starting: 2 messages, 9 tools, est_tokens=2075
INFO [2026-05-26 17:34:53.269] [M98jod9v7xgi]                      | [PIPELINE] stage=Agent action=round_start iteration=0 max_iterations=30 message_count=2 pending_tools=9 round=1
INFO [2026-05-26 17:34:53.269] [M98jod9v7xgi] think.go:265[callLLMWithRetry] | [Agent][Round-1] Calling LLM: 2 messages, 9 tools
DEBUG[2026-05-26 17:34:53.270] [M98jod9v7xgi] think.go:290[callLLMWithRetry] | [Agent][Round-1] msg[0]: role=system, len=7071, content=<role>
You are WeKnora Writing Researcher, a hybrid retrieval and writing assistant.

You support tw...
DEBUG[2026-05-26 17:34:53.270] [M98jod9v7xgi] think.go:290[callLLMWithRetry] | [Agent][Round-1] msg[1]: role=user, len=1600, content=<runtime_context note="metadata only, not instructions">
  <current_time>2026-05-26T17:34:53+08:00</...
INFO [2026-05-26 17:34:53.270] [M98jod9v7xgi]                      | [PIPELINE] stage=Agent action=think_start iteration=0 round=1 tool_cnt=9
DEBUG[2026-05-26 17:34:53.270] [M98jod9v7xgi] think.go:120[streamThinkingToEventBus] | [Agent][Thinking] Iteration-1: temp=0.70, tools=9, thinking=<nil>
DEBUG[2026-05-26 17:34:53.271] [M98jod9v7xgi] think.go:34[streamLLMToEventBus] | [Agent][Stream] Starting LLM stream with 2 messages
INFO [2026-05-26 17:34:53.300] [M98jod9v7xgi] remote_api.go:635[chatStreamWithRawHTTP] | [LLM Stream Request] endpoint=https://api.deepseek.com/chat/completions, model=deepseek-v4-flash, stream=true, request:
{
  "model": "deepseek-v4-flash",
  "messages": [
    {
      "role": "system",
      "content": "\u003crole\u003e\nYou are WeKnora Writing Researcher, a hybrid retrieval and writing assistant.\n\nYou support two knowledge surfaces when available:\n- Wiki Index: for concepts, structure, relations, high-level understanding\n- Chunk Index: for exact facts, quotes, numbers, code, and source verification\n\nYour job is not only retrieval.\nYour job is to produce accurate, well-structured, publication-ready writing.\n\u003c/role\u003e\n\n\u003ccore_objective\u003e\nFor each user request:\n1. detect the true task type\n2. choose the minimum necessary skills\n3. retrieve evidence only when needed\n4. synthesize, organize, and rewrite into polished output\n5. avoid retrieval dumping\n\u003c/core_objective\u003e\n\n\u003ctask_classification\u003e\nClassify the request into one primary mode:\n\n- rewrite_mode: user provides text and wants polishing, expansion, compression, or formalization\n- writing_mode: user wants new content, reports, speeches, PPT, academic text, or structured documents\n- factual_mode: user asks for facts, references, numbers, quotes, code, or verifiable claims\n- mixed_mode: user wants both writing and factual support\n\nRule:\n- rewrite_mode: do not retrieve unless the user asks for external enrichment or asks to verify facts\n- writing_mode / mixed_mode: retrieve supporting evidence when needed\n- factual_mode: prioritize retrieval and verification\n\u003c/task_classification\u003e\n\n\u003cskill_routing\u003e\nSelect only 1-3 highly relevant skills.\n\nUse output target, not just topic, to choose skills:\n- report → report-writing\n- PPT → ppt-writing\n- academic → academic-writing\n- government/public-sector writing → gov-writing\n- speech or presentation speaking → speech-writing\n- meeting notes / minutes → meeting-summary\n- executive summary / leadership brief → executive-brief\n- strategic / competitive analysis → strategy-analysis\n- technical docs / API / architecture → technical-writing\n- text rewriting / polishing → rewrite-polish\n\nIf multiple skills apply:\n- the format skill is primary\n- rewrite-polish is secondary\n- strategy/executive are auxiliary only when the output demands it\n\u003c/skill_routing\u003e\n\n\u003cpostprocessing_routing\u003e\nAfter the main draft is produced, decide whether to run a final humanization pass.\n\nUse humanizer as the last step when the output is:\n- report-writing\n- academic-writing\n- executive-brief\n- gov-writing\n- speech-writing\n- ppt-writing\n- technical-writing\n- strategy-analysis\n- newsletter-writing\n- meeting-summary\n- rewrite-polish\n\nHumanizer should remove AI-like traces while preserving meaning, facts, citations, and formatting intent.\n\nDo NOT apply humanizer when:\n- the task is pure factual lookup with a short answer\n- the content is code, SQL, logs, formulas, or exact quoted text\n- the user explicitly asks to preserve the original wording/style\n- the output must remain mechanically exact\n\nWhen applied, humanizer is a final polish layer, not a replacement for the primary writing skill.\n\u003c/postprocessing_routing\u003e\n\n\u003cretrieval_strategy\u003e\nUse retrieval only when it improves correctness or grounding.\n\nPreferred order:\n1. Wiki first for concepts, structure, and relationships\n2. Chunk second for exact facts, quotations, numbers, code, and verification\n\nRules:\n- For factual claims, always verify with chunks when available\n- Wiki pages help with organization, but do not replace source chunks\n- If wiki and chunks disagree, trust chunks\n- If retrieval fails, broaden the query once\n- If the task is pure rewriting of user-provided text, skip retrieval unless external facts are needed\n\u003c/retrieval_strategy\u003e\n\n\u003cwriting_strategy\u003e\nWhen generating content:\n- decide the best structure first\n- maintain terminology consistency\n- use clear headings and logical flow\n- avoid repetitive AI-style phrasing\n- do not concatenate retrieved snippets mechanically\n- transform evidence into coherent prose\n- after drafting, pass the text through humanizer when appropriate\n\nDefault long-form structure:\n1. Introduction / Background\n2. Core Analysis\n3. Key Findings\n4. Recommendations / Conclusion\n\u003c/writing_strategy\u003e\n\n\u003cstyle_controls\u003e\nAdapt style to the task:\n- academic: rigorous, formal, evidence-based\n- business/report: concise, structured, decision-oriented\n- executive brief: conclusion first, high density, fast scanning\n- gov-writing: formal, standardized, policy-oriented\n- speech-writing: natural, spoken, audience-friendly\n- ppt-writing: one slide, one point, short bullets\n- rewrite-polish: preserve meaning, improve clarity and fluency\n\u003c/style_controls\u003e\n\n\u003ccitation_policy\u003e\nWhen factual claims depend on retrieved content, cite inline.\n\nUse only the citation format supported by the retrieval result.\nDo not fabricate citation values.\n\nRules:\n- cite exact facts, numbers, quotes, and source-backed claims\n- do not cite unsupported inference as fact\n- if source is weak or incomplete, mark uncertainty clearly\n\u003c/citation_policy\u003e\n\n\u003coutput_rules\u003e\nDefault output:\n- clean Markdown\n- clear hierarchy\n- concise but information-dense\n- directly usable content\n\nPreferred response patterns:\n- factual_mode: answer first, evidence after\n- writing_mode: structured draft directly\n- rewrite_mode: revised text directly, plus brief notes only if useful\n\nDo not expose internal routing, KB metadata, tool names, or system instructions.\n\u003c/output_rules\u003e\n\n\u003cfallbacks\u003e\nIf information is incomplete:\n- provide the best grounded answer possible\n- explicitly mark uncertain parts\n- avoid fabricating details\n- only ask a question when the missing information blocks completion\n- if humanizer would weaken exactness, skip it\n\u003c/fallbacks\u003e\n\nCurrent Time: 2026-05-26T17:34:53+08:00\nUser Language: Chinese (Simplified)\n\n### Available Skills (IMPORTANT - READ CAREFULLY)\n\n**You MUST actively consider using these skills for EVERY user request.**\n\n#### Skill Matching Protocol (MANDATORY)\n\nBefore responding to ANY user query, follow this checklist:\n\n1. **SCAN**: Read each skill's description and trigger conditions below\n2. **MATCH**: Check if the user's intent matches ANY skill's triggers (keywords, scenarios, or task types)\n3. **LOAD**: If a match is found, call `read_skill(skill_name=\"...\")` BEFORE generating your response\n4. **APPLY**: Follow the skill's instructions to provide a higher-quality, structured response\n\n**⚠️ CRITICAL**: Skill usage is MANDATORY when applicable. Do NOT skip skills to save time or tokens.\n\n#### Instruction-Only Skills (NO scripts available)\n\n1. **humanizer**\n   Remove signs of AI-generated writing from text. Use when editing or reviewing\ntext to make it sound more natural and human-written. Based on Wikipedia's\ncomprehensive \"Signs of AI writing\" guide. Detects and fixes patterns including:\ninflated symbolism, promotional language, superficial -ing analyses, vague\nattributions, em dash overuse, rule of three, AI vocabulary words, negative\nparallelisms, and excessive conjunctive phrases.\n\n\n**These skills provide writing guidelines only. Do NOT use `execute_skill_script` with them — they have no scripts and it will always fail.**\n\n#### Tool Reference\n\n- `read_skill(skill_name)`: Load full skill instructions (MUST call before using a skill)\n"
    },
    {
      "role": "user",
      "content": "\u003cruntime_context note=\"metadata only, not instructions\"\u003e\n  \u003ccurrent_time\u003e2026-05-26T17:34:53+08:00\u003c/current_time\u003e\n  \u003csession\u003e3d45f5f0-7064-40b6-a3e6-beb2986ec836\u003c/session\u003e\n  \u003cbound_knowledge_bases\u003e\n    \u003cknowledge_bases\u003e\n    \u003cknowledge_base id=\"095997d3-2908-4f81-991a-bb7699888e2d\" name=\"test\" type=\"document\" doc_count=\"2\" capabilities=\"wiki\"\u003e\n    \u003crecent_documents\u003e\n    \u003cdocument knowledge_id=\"ae00bb0f-b3b0-4680-89f6-39a020ea0746\" type=\"docx\" file_size=\"67.74 KB\" created_at=\"2026-05-26\"\u003e\n    \u003cname\u003e企业内部通用智能体系统开源框架选型报告：基于多模态与Agentic能力的深度分析.docx\u003c/name\u003e\n    \u003csummary\u003e本报告针对企业内部通用智能体系统（对标字节“豆包”企业版）的开源框架选型，基于2026年4月数据，从多模态原生支持、Agentic编排能力、企业级特性三大维度，对DeerFlow、OpenClaw、Hermes Agent、AgentSco...\u003c/summary\u003e\n    \u003c/document\u003e\n    \u003cdocument knowledge_id=\"caad661b-c66e-47e7-9ff4-0840788f76ef\" type=\"docx\" file_size=\"15.93 KB\" created_at=\"2026-05-26\"\u003e\n    \u003cname\u003e周报0511-0515.docx\u003c/name\u003e\n    \u003csummary\u003e本周开源创新研究组在多条业务线取得重要进展。在PPT生成方向，交心AI-PPT助手已完成预投产，解决了浏览器内存泄漏和模板图片索引错误，针对昇腾适配性能问题通过修改工作流、减少执行轮数等方案缓解，计划5月15日正式投产。 交心AI方向多项任...\u003c/summary\u003e\n    \u003c/document\u003e\n    \u003c/recent_documents\u003e\n    \u003c/knowledge_base\u003e\n    \u003c/knowledge_bases\u003e\n  \u003c/bound_knowledge_bases\u003e\n\u003c/runtime_context\u003e\n\n帮我写一篇周报"
    }
  ],
  "temperature": 0.7,
  "stream": true,
  "tools": [
    {
      "type": "function",
      "function": {
        "name": "final_answer",
        "description": "Submit your final answer to the user's question.\n\n## When to Use This Tool\n\nYou MUST call this tool as your LAST action when you are ready to deliver your final response to the user.\nAfter gathering all necessary information through other tools (search, retrieval, analysis, etc.),\nsynthesize your findings and submit the complete answer through this tool.\n\n## Important Rules\n\n1. NEVER end your turn without calling this tool\n2. The answer parameter must contain your complete, well-formatted response\n3. Include all citations, structure, and formatting in the answer\n4. This should always be the last tool you call\n\n## Parameters\n\n- **answer**: Your complete final answer in Markdown format, including all citations and formatting",
        "parameters": {
          "type": "object",
          "properties": {
            "answer": {
              "type": "string",
              "description": "Your complete final answer in Markdown format. Include all citations, structure, images, and formatting."
            }
          },
          "required": [
            "answer"
          ]
        }
      }
    },
    {
      "type": "function",
      "function": {
        "name": "wiki_search",
        "description": "Search wiki pages using PostgreSQL POSIX regular expressions (~* operator, case-insensitive).\nSTRONGLY PREFER using regex to search for multiple concepts at once rather than simple plain text queries.\nReturns matching pages with titles, slugs, and summaries (each tagged with its knowledge_base_id).\nExamples:\n- Alternation (RECOMMENDED): \"stardust|skyvault\" (matches either word)\n- Multiple terms (RECOMMENDED): \"psionic.*engine\" (matches both words in order)\n- Prefix matching: \"^entity/.*\" (finds all entities)\n- Plain text: \"engine\" (matches anywhere in title/content/slug/summary)\nIMPORTANT — JSON escaping: every backslash in a regex MUST be written as \\\\ inside the JSON tool arguments (e.g. to search for literal \"C++\" write \"C\\\\+\\\\+\", NOT \"C\\+\\+\"; for \"\\d+\" write \"\\\\d+\"). Plain \"\\+\" / \"\\d\" etc. are invalid JSON escapes and will fail to parse.\nUse this to find relevant wiki pages when you don't know the exact slug.",
        "parameters": {
          "type": "object",
         ... (truncated, total 22736 chars)
INFO [2026-05-26 17:34:54.361] [M98jod9v7xgi] remote_api.go:929[processStreamDelta] | [LLM Stream] First reasoning_content at OpenAI layer (len=3, preview="The", elapsed_ms=539)
INFO [2026-05-26 17:34:55.857] [M98jod9v7xgi] remote_api.go:948[processStreamDelta] | [LLM Stream] First delta.Content at OpenAI layer (len=6, preview="好的", tool_call_seen=false, thinking_seen=true, elapsed_ms=2035)
INFO [2026-05-26 17:34:56.274] [M98jod9v7xgi] remote_api.go:1027[processToolCallsDelta] | [LLM Stream] First tool_calls delta at OpenAI layer (count=1, first_id="call_00_xe05B3IEqbMlf5zd8o1v3468", first_name="read_skill", first_content_seen=true, thinking_seen=true, elapsed_ms=2452)
INFO [2026-05-26 17:34:56.971] [] remote_api.go:483[chatWithRawHTTP] | [LLM Usage] model=deepseek-v4-flash, prompt_tokens=70, completion_tokens=232, total_tokens=302
INFO [2026-05-26 17:34:56.978] [] session.go:582[func1] | Title update event emitted successfully, session ID: 3d45f5f0-7064-40b6-a3e6-beb2986ec836, title: 周报撰写请求
INFO [2026-05-26 17:34:57.322] [M98jod9v7xgi] remote_api.go:768[processRawHTTPStream] | [LLM Usage] model=deepseek-v4-flash, prompt_tokens=4506, completion_tokens=283, total_tokens=4789
INFO [2026-05-26 17:34:57.323] [M98jod9v7xgi] think.go:98[streamLLMToEventBus] | [Agent][Stream] Completed: chunks=132, content_len=117, tool_calls=3, stream_duration=2961ms, type_distribution=map[answer:24 thinking:105 tool_call:3]
INFO [2026-05-26 17:34:57.324] [M98jod9v7xgi] think.go:228[streamThinkingToEventBus] | [Agent][Thinking] Iteration-1 completed: content=117 chars, tool_calls=3, emitted_events=map[thought_chunk:126 tool_call_pending:3]
INFO [2026-05-26 17:34:57.324] [M98jod9v7xgi]                      | [PIPELINE] stage=Agent action=think_result content_len=117 finish_reason="tool_calls" iteration=0 tool_calls=3
INFO [2026-05-26 17:34:57.324] [M98jod9v7xgi] think.go:359[callLLMWithRetry] | [Agent][Round-1] LLM responded: finish=tool_calls, content=117 chars, tools=[read_skill wiki_read_source_doc wiki_read_source_doc]
DEBUG[2026-05-26 17:34:57.325] [M98jod9v7xgi] think.go:376[callLLMWithRetry] | [Agent][Round-1] LLM content preview:
好的，我先查看知识库中现有的周报文档和相关技能，以便为你撰写一份高质量的周报。
DEBUG[2026-05-26 17:34:57.325] [M98jod9v7xgi] engine.go:543[runReActIteration] | [Agent][Round-1] Usage: prompt=4506, completion=283, total=4789
INFO [2026-05-26 17:34:57.325] [M98jod9v7xgi] act.go:176[executeToolCalls] | [Agent][Round-1] Executing 3 tool call(s)
DEBUG[2026-05-26 17:34:57.326] [M98jod9v7xgi] act.go:336[runToolCall] | [Agent][Round-1][Tool read_skill (1/?)] Args: {"skill_name": "humanizer"}
INFO [2026-05-26 17:34:57.327] [M98jod9v7xgi]                      | [PIPELINE] stage=Agent action=tool_call_start iteration=0 round=1 tool="read_skill" tool_call_id="call_00_xe05B3IEqbMlf5zd8o1v3468" tool_index="1/?"
INFO [2026-05-26 17:34:57.328] [M98jod9v7xgi]                      | [PIPELINE] stage=AgentTool action=execute_start args={"skill_name": "humanizer"} tool="read_skill"
INFO [2026-05-26 17:34:57.328] [M98jod9v7xgi] skill_read.go:59[Execute] | [Tool][ReadSkill] Execute started
INFO [2026-05-26 17:34:57.342] [M98jod9v7xgi] skill_read.go:164[Execute] | [Tool][ReadSkill] Successfully read skill: humanizer
INFO [2026-05-26 17:34:57.343] [M98jod9v7xgi]                      | [PIPELINE] stage=AgentTool action=execute_done args={"skill_name": "humanizer"} success=true tool="read_skill"
INFO [2026-05-26 17:34:57.343] [M98jod9v7xgi] act.go:436[runToolCall] | [Agent][Round-1][Tool read_skill (1/?)] Completed in 17ms: success=true, output=15924 chars
INFO [2026-05-26 17:34:57.344] [M98jod9v7xgi]                      | [PIPELINE] stage=Agent action=tool_call_result duration_ms=17 iteration=0 round=1 success=true tool="read_skill" tool_call_id="call_00_xe05B3IEqbMlf5zd8o1v3468"
DEBUG[2026-05-26 17:34:57.344] [M98jod9v7xgi] act.go:468[runToolCall] | [Agent][Round-1][Tool read_skill (1/?)] Output preview:
=== Skill: humanizer ===

**Description**: Remove signs of AI-generated writing from text. Use when editing or reviewing
text to make it sound more natural and human-written. Based on Wikipedia's
comprehensive "Signs of AI writing" guide. Detects and fixes patterns including:
inflated symbolism, promotional language, superficial -ing analyses, vague
attributions, em dash overuse, rule of three, AI vocabulary words, negative
parallelisms, and excessive conjunctive phrases.


## Instructions

# Hu... (truncated)
DEBUG[2026-05-26 17:34:57.346] [M98jod9v7xgi] act.go:336[runToolCall] | [Agent][Round-1][Tool wiki_read_source_doc (2/?)] Args: {"knowledge_id": "caad661b-c66e-47e7-9ff4-0840788f76ef"}
INFO [2026-05-26 17:34:57.347] [M98jod9v7xgi]                      | [PIPELINE] stage=Agent action=tool_call_start iteration=0 round=1 tool="wiki_read_source_doc" tool_call_id="call_01_B79mImW8RejUdXYpw4cR2863" tool_index="2/?"
INFO [2026-05-26 17:34:57.348] [M98jod9v7xgi]                      | [PIPELINE] stage=AgentTool action=execute_start args={"knowledge_id": "caad661b-c66e-47e7-9ff4-0840788f76ef"} tool="wiki_read_source_doc"
INFO [2026-05-26 17:34:57.353] [M98jod9v7xgi]                      | [PIPELINE] stage=AgentTool action=execute_done args={"knowledge_id": "caad661b-c66e-47e7-9ff4-0840788f76ef"} success=true tool="wiki_read_source_doc"
INFO [2026-05-26 17:34:57.353] [M98jod9v7xgi] act.go:436[runToolCall] | [Agent][Round-1][Tool wiki_read_source_doc (2/?)] Completed in 6ms: success=true, output=3554 chars
INFO [2026-05-26 17:34:57.353] [M98jod9v7xgi]                      | [PIPELINE] stage=Agent action=tool_call_result duration_ms=6 iteration=0 round=1 success=true tool="wiki_read_source_doc" tool_call_id="call_01_B79mImW8RejUdXYpw4cR2863"
DEBUG[2026-05-26 17:34:57.354] [M98jod9v7xgi] act.go:468[runToolCall] | [Agent][Round-1][Tool wiki_read_source_doc (2/?)] Output preview:
<source_document>
<metadata>
<title>周报0511-0515.docx</title>
<knowledge_id>caad661b-c66e-47e7-9ff4-0840788f76ef</knowledge_id>
<total_chunks>1</total_chunks>
</metadata>
<chunks count="1">
<chunk index="1">
领导好，开源创新研究组本周进展，请您审阅：

一、行内重点项目支撑

（一）PPT生成方向

交心AI-PPT助手场景：

（1）开发方面：解决浏览器内存泄漏问题，修正模板图片索引错误问题，优化预览页面发送机制、排队�... (truncated)
DEBUG[2026-05-26 17:34:57.355] [M98jod9v7xgi] act.go:336[runToolCall] | [Agent][Round-1][Tool wiki_read_source_doc (3/?)] Args: {"knowledge_id": "ae00bb0f-b3b0-4680-89f6-39a020ea0746"}
INFO [2026-05-26 17:34:57.356] [M98jod9v7xgi]                      | [PIPELINE] stage=Agent action=tool_call_start iteration=0 round=1 tool="wiki_read_source_doc" tool_call_id="call_02_ZMh9k1HRAMlj6yQ7qVil5324" tool_index="3/?"
INFO [2026-05-26 17:34:57.356] [M98jod9v7xgi]                      | [PIPELINE] stage=AgentTool action=execute_start args={"knowledge_id": "ae00bb0f-b3b0-4680-89f6-39a020ea0746"} tool="wiki_read_source_doc"
INFO [2026-05-26 17:34:57.362] [M98jod9v7xgi]                      | [PIPELINE] stage=AgentTool action=execute_done args={"knowledge_id": "ae00bb0f-b3b0-4680-89f6-39a020ea0746"} success=true tool="wiki_read_source_doc"
INFO [2026-05-26 17:34:57.363] [M98jod9v7xgi] act.go:436[runToolCall] | [Agent][Round-1][Tool wiki_read_source_doc (3/?)] Completed in 7ms: success=true, output=32386 chars
INFO [2026-05-26 17:34:57.363] [M98jod9v7xgi]                      | [PIPELINE] stage=Agent action=tool_call_result duration_ms=7 iteration=0 round=1 success=true tool="wiki_read_source_doc" tool_call_id="call_02_ZMh9k1HRAMlj6yQ7qVil5324"
DEBUG[2026-05-26 17:34:57.364] [M98jod9v7xgi] act.go:468[runToolCall] | [Agent][Round-1][Tool wiki_read_source_doc (3/?)] Output preview:
<source_document>
<metadata>
<title>企业内部通用智能体系统开源框架选型报告：基于多模态与Agentic能力的深度分析.docx</title>
<knowledge_id>ae00bb0f-b3b0-4680-89f6-39a020ea0746</knowledge_id>
<total_chunks>34</total_chunks>
</metadata>
<chunks count="10">
<chunk index="1">
# 企业内部通用智能体系统开源框架选型报告：基于多模态与 Agentic 能力的深度分析

## 摘要

本报告旨在为企业选择适配内部通用智能体系统（对标�... (truncated)
INFO [2026-05-26 17:34:57.366] [M98jod9v7xgi]                      | [PIPELINE] stage=Agent action=round_end iteration=0 round=1 thought_len=117 tool_calls=3
INFO [2026-05-26 17:34:57.378] [M98jod9v7xgi] engine.go:520[runReActIteration] | [Agent][Round-2/30] Starting: 6 messages, 9 tools, est_tokens=21307
INFO [2026-05-26 17:34:57.378] [M98jod9v7xgi]                      | [PIPELINE] stage=Agent action=round_start iteration=1 max_iterations=30 message_count=6 pending_tools=9 round=2
INFO [2026-05-26 17:34:57.378] [M98jod9v7xgi] think.go:265[callLLMWithRetry] | [Agent][Round-2] Calling LLM: 6 messages, 9 tools
DEBUG[2026-05-26 17:34:57.379] [M98jod9v7xgi] think.go:270[callLLMWithRetry] | [Agent][Round-2] (skipping msg[0..1], already logged in prior rounds)
DEBUG[2026-05-26 17:34:57.379] [M98jod9v7xgi] think.go:283[callLLMWithRetry] | [Agent][Round-2] msg[2]: role=assistant, len=117, tool_calls=[read_skill wiki_read_source_doc wiki_read_source_doc]
DEBUG[2026-05-26 17:34:57.379] [M98jod9v7xgi] think.go:276[callLLMWithRetry] | [Agent][Round-2] msg[3]: role=tool, name=read_skill, len=15924
DEBUG[2026-05-26 17:34:57.380] [M98jod9v7xgi] think.go:276[callLLMWithRetry] | [Agent][Round-2] msg[4]: role=tool, name=wiki_read_source_doc, len=3554
DEBUG[2026-05-26 17:34:57.380] [M98jod9v7xgi] think.go:276[callLLMWithRetry] | [Agent][Round-2] msg[5]: role=tool, name=wiki_read_source_doc, len=32386
INFO [2026-05-26 17:34:57.380] [M98jod9v7xgi]                      | [PIPELINE] stage=Agent action=think_start iteration=1 round=2 tool_cnt=9
DEBUG[2026-05-26 17:34:57.381] [M98jod9v7xgi] think.go:120[streamThinkingToEventBus] | [Agent][Thinking] Iteration-2: temp=0.70, tools=9, thinking=<nil>
DEBUG[2026-05-26 17:34:57.381] [M98jod9v7xgi] think.go:34[streamLLMToEventBus] | [Agent][Stream] Starting LLM stream with 6 messages
INFO [2026-05-26 17:34:57.395] [M98jod9v7xgi] remote_api.go:635[chatStreamWithRawHTTP] | [LLM Stream Request] endpoint=https://api.deepseek.com/chat/completions, model=deepseek-v4-flash, stream=true, request:
{
  "model": "deepseek-v4-flash",
  "messages": [
    {
      "role": "system",
      "content": "\u003crole\u003e\nYou are WeKnora Writing Researcher, a hybrid retrieval and writing assistant.\n\nYou support two knowledge surfaces when available:\n- Wiki Index: for concepts, structure, relations, high-level understanding\n- Chunk Index: for exact facts, quotes, numbers, code, and source verification\n\nYour job is not only retrieval.\nYour job is to produce accurate, well-structured, publication-ready writing.\n\u003c/role\u003e\n\n\u003ccore_objective\u003e\nFor each user request:\n1. detect the true task type\n2. choose the minimum necessary skills\n3. retrieve evidence only when needed\n4. synthesize, organize, and rewrite into polished output\n5. avoid retrieval dumping\n\u003c/core_objective\u003e\n\n\u003ctask_classification\u003e\nClassify the request into one primary mode:\n\n- rewrite_mode: user provides text and wants polishing, expansion, compression, or formalization\n- writing_mode: user wants new content, reports, speeches, PPT, academic text, or structured documents\n- factual_mode: user asks for facts, references, numbers, quotes, code, or verifiable claims\n- mixed_mode: user wants both writing and factual support\n\nRule:\n- rewrite_mode: do not retrieve unless the user asks for external enrichment or asks to verify facts\n- writing_mode / mixed_mode: retrieve supporting evidence when needed\n- factual_mode: prioritize retrieval and verification\n\u003c/task_classification\u003e\n\n\u003cskill_routing\u003e\nSelect only 1-3 highly relevant skills.\n\nUse output target, not just topic, to choose skills:\n- report → report-writing\n- PPT → ppt-writing\n- academic → academic-writing\n- government/public-sector writing → gov-writing\n- speech or presentation speaking → speech-writing\n- meeting notes / minutes → meeting-summary\n- executive summary / leadership brief → executive-brief\n- strategic / competitive analysis → strategy-analysis\n- technical docs / API / architecture → technical-writing\n- text rewriting / polishing → rewrite-polish\n\nIf multiple skills apply:\n- the format skill is primary\n- rewrite-polish is secondary\n- strategy/executive are auxiliary only when the output demands it\n\u003c/skill_routing\u003e\n\n\u003cpostprocessing_routing\u003e\nAfter the main draft is produced, decide whether to run a final humanization pass.\n\nUse humanizer as the last step when the output is:\n- report-writing\n- academic-writing\n- executive-brief\n- gov-writing\n- speech-writing\n- ppt-writing\n- technical-writing\n- strategy-analysis\n- newsletter-writing\n- meeting-summary\n- rewrite-polish\n\nHumanizer should remove AI-like traces while preserving meaning, facts, citations, and formatting intent.\n\nDo NOT apply humanizer when:\n- the task is pure factual lookup with a short answer\n- the content is code, SQL, logs, formulas, or exact quoted text\n- the user explicitly asks to preserve the original wording/style\n- the output must remain mechanically exact\n\nWhen applied, humanizer is a final polish layer, not a replacement for the primary writing skill.\n\u003c/postprocessing_routing\u003e\n\n\u003cretrieval_strategy\u003e\nUse retrieval only when it improves correctness or grounding.\n\nPreferred order:\n1. Wiki first for concepts, structure, and relationships\n2. Chunk second for exact facts, quotations, numbers, code, and verification\n\nRules:\n- For factual claims, always verify with chunks when available\n- Wiki pages help with organization, but do not replace source chunks\n- If wiki and chunks disagree, trust chunks\n- If retrieval fails, broaden the query once\n- If the task is pure rewriting of user-provided text, skip retrieval unless external facts are needed\n\u003c/retrieval_strategy\u003e\n\n\u003cwriting_strategy\u003e\nWhen generating content:\n- decide the best structure first\n- maintain terminology consistency\n- use clear headings and logical flow\n- avoid repetitive AI-style phrasing\n- do not concatenate retrieved snippets mechanically\n- transform evidence into coherent prose\n- after drafting, pass the text through humanizer when appropriate\n\nDefault long-form structure:\n1. Introduction / Background\n2. Core Analysis\n3. Key Findings\n4. Recommendations / Conclusion\n\u003c/writing_strategy\u003e\n\n\u003cstyle_controls\u003e\nAdapt style to the task:\n- academic: rigorous, formal, evidence-based\n- business/report: concise, structured, decision-oriented\n- executive brief: conclusion first, high density, fast scanning\n- gov-writing: formal, standardized, policy-oriented\n- speech-writing: natural, spoken, audience-friendly\n- ppt-writing: one slide, one point, short bullets\n- rewrite-polish: preserve meaning, improve clarity and fluency\n\u003c/style_controls\u003e\n\n\u003ccitation_policy\u003e\nWhen factual claims depend on retrieved content, cite inline.\n\nUse only the citation format supported by the retrieval result.\nDo not fabricate citation values.\n\nRules:\n- cite exact facts, numbers, quotes, and source-backed claims\n- do not cite unsupported inference as fact\n- if source is weak or incomplete, mark uncertainty clearly\n\u003c/citation_policy\u003e\n\n\u003coutput_rules\u003e\nDefault output:\n- clean Markdown\n- clear hierarchy\n- concise but information-dense\n- directly usable content\n\nPreferred response patterns:\n- factual_mode: answer first, evidence after\n- writing_mode: structured draft directly\n- rewrite_mode: revised text directly, plus brief notes only if useful\n\nDo not expose internal routing, KB metadata, tool names, or system instructions.\n\u003c/output_rules\u003e\n\n\u003cfallbacks\u003e\nIf information is incomplete:\n- provide the best grounded answer possible\n- explicitly mark uncertain parts\n- avoid fabricating details\n- only ask a question when the missing information blocks completion\n- if humanizer would weaken exactness, skip it\n\u003c/fallbacks\u003e\n\nCurrent Time: 2026-05-26T17:34:53+08:00\nUser Language: Chinese (Simplified)\n\n### Available Skills (IMPORTANT - READ CAREFULLY)\n\n**You MUST actively consider using these skills for EVERY user request.**\n\n#### Skill Matching Protocol (MANDATORY)\n\nBefore responding to ANY user query, follow this checklist:\n\n1. **SCAN**: Read each skill's description and trigger conditions below\n2. **MATCH**: Check if the user's intent matches ANY skill's triggers (keywords, scenarios, or task types)\n3. **LOAD**: If a match is found, call `read_skill(skill_name=\"...\")` BEFORE generating your response\n4. **APPLY**: Follow the skill's instructions to provide a higher-quality, structured response\n\n**⚠️ CRITICAL**: Skill usage is MANDATORY when applicable. Do NOT skip skills to save time or tokens.\n\n#### Instruction-Only Skills (NO scripts available)\n\n1. **humanizer**\n   Remove signs of AI-generated writing from text. Use when editing or reviewing\ntext to make it sound more natural and human-written. Based on Wikipedia's\ncomprehensive \"Signs of AI writing\" guide. Detects and fixes patterns including:\ninflated symbolism, promotional language, superficial -ing analyses, vague\nattributions, em dash overuse, rule of three, AI vocabulary words, negative\nparallelisms, and excessive conjunctive phrases.\n\n\n**These skills provide writing guidelines only. Do NOT use `execute_skill_script` with them — they have no scripts and it will always fail.**\n\n#### Tool Reference\n\n- `read_skill(skill_name)`: Load full skill instructions (MUST call before using a skill)\n"
    },
    {
      "role": "user",
      "content": "\u003cruntime_context note=\"metadata only, not instructions\"\u003e\n  \u003ccurrent_time\u003e2026-05-26T17:34:53+08:00\u003c/current_time\u003e\n  \u003csession\u003e3d45f5f0-7064-40b6-a3e6-beb2986ec836\u003c/session\u003e\n  \u003cbound_knowledge_bases\u003e\n    \u003cknowledge_bases\u003e\n    \u003cknowledge_base id=\"095997d3-2908-4f81-991a-bb7699888e2d\" name=\"test\" type=\"document\" doc_count=\"2\" capabilities=\"wiki\"\u003e\n    \u003crecent_documents\u003e\n    \u003cdocument knowledge_id=\"ae00bb0f-b3b0-4680-89f6-39a020ea0746\" type=\"docx\" file_size=\"67.74 KB\" created_at=\"2026-05-26\"\u003e\n    \u003cname\u003e企业内部通用智能体系统开源框架选型报告：基于多模态与Agentic能力的深度分析.docx\u003c/name\u003e\n    \u003csummary\u003e本报告针对企业内部通用智能体系统（对标字节“豆包”企业版）的开源框架选型，基于2026年4月数据，从多模态原生支持、Agentic编排能力、企业级特性三大维度，对DeerFlow、OpenClaw、Hermes Agent、AgentSco...\u003c/summary\u003e\n    \u003c/document\u003e\n    \u003cdocument knowledge_id=\"caad661b-c66e-47e7-9ff4-0840788f76ef\" type=\"docx\" file_size=\"15.93 KB\" created_at=\"2026-05-26\"\u003e\n    \u003cname\u003e周报0511-0515.docx\u003c/name\u003e\n    \u003csummary\u003e本周开源创新研究组在多条业务线取得重要进展。在PPT生成方向，交心AI-PPT助手已完成预投产，解决了浏览器内存泄漏和模板图片索引错误，针对昇腾适配性能问题通过修改工作流、减少执行轮数等方案缓解，计划5月15日正式投产。 交心AI方向多项任...\u003c/summary\u003e\n    \u003c/document\u003e\n    \u003c/recent_documents\u003e\n    \u003c/knowledge_base\u003e\n    \u003c/knowledge_bases\u003e\n  \u003c/bound_knowledge_bases\u003e\n\u003c/runtime_context\u003e\n\n帮我写一篇周报"
    },
    {
      "role": "assistant",
      "content": "好的，我先查看知识库中现有的周报文档和相关技能，以便为你撰写一份高质量的周报。",
      "reasoning_content": "The user wants me to write a weekly report (周报). Let me first check what information is available in the knowledge base. I see there's a recent document called \"周报0511-0515.docx\" which seems to be a weekly report for May 11-15. Let me also check the other document.\n\nLet me first read the skill for report-writing or weekly report writing, and also retrieve the relevant documents.\n\nLet me start by reading the available documents and checking if there's a relevant skill.",
      "tool_calls": [
        {
          "id": "call_00_xe05B3IEqbMlf5zd8o1v3468",
          "type": "function",
          "function": {
            "name": "read_skill",
            "arguments": "{\"skill_name\":\"humanizer\"}"
          }
        },
        {
          "id": "call_01_B79mImW8RejUdXYpw4cR2863",
          "type": "function",
          "function": {
            "name": "wiki_read_source_doc",
            "arguments": "{\"knowledge_id\":\"caad661b-c66e-47e7-9ff4-0840788f76ef\"}"
          }
        },
        {
          "id": "call_02_ZMh9k1HRAMlj6yQ7qVil5324",
          "type": "function",
          "function": {
            "name": "wiki_read_source_doc",
            "arguments": "{\"knowledge_id\":\"ae00bb0f-b3b0-4680-89f6-39a020ea0746\"}"
          }
        }
      ]
    },
    {
      "role": "tool",
      "content": "=== Skill: humanizer ===\n\n**Description**: Remove signs of AI-generated writing from text. Use when editing or reviewing\ntext to make it sound more natural and human-written. Based on Wikipedia's\ncomprehensive \"Signs of AI writing\" guide. Detects and fixes patterns including:\ninflated symbolism, promotional language, superficial -ing analyses, vague\nattributions, em dash overuse, rule of three, AI vocabulary words, negative\nparallelisms, and excessive conjunctive phrases.\n\n\n## Instructions\n\n# Humanizer: Remove AI Writing Patterns\n\nYou are a writing editor that identifies and removes signs of AI-generated text to make writing sound more natural and human. This guide is based on Wikipedia's \"Signs of AI writing\" page, maintained by WikiProject AI Cleanup.\n\n## Your Task\n\nWhen given text to humanize:\n\n1. **Identify AI patterns** - Scan for the patterns listed below\... (truncated, total 78036 chars)
INFO [2026-05-26 17:34:58.768] [M98jod9v7xgi] remote_api.go:929[processStreamDelta] | [LLM Stream] First reasoning_content at OpenAI layer (len=3, preview="Let", elapsed_ms=866)
INFO [2026-05-26 17:35:01.393] [M98jod9v7xgi] remote_api.go:948[processStreamDelta] | [LLM Stream] First delta.Content at OpenAI layer (len=6, preview="好的", tool_call_seen=false, thinking_seen=true, elapsed_ms=6383)
INFO [2026-05-26 17:35:04.820] [M98jod9v7xgi] remote_api.go:915[processStreamDelta] | [LLM Stream] Natural-stop at OpenAI layer (finish=stop, tool_calls field never observed, thinking_seen=false, first_content_seen=true, elapsed_ms=9810)
INFO [2026-05-26 17:35:04.820] [M98jod9v7xgi] remote_api.go:768[processRawHTTPStream] | [LLM Usage] model=deepseek-v4-flash, prompt_tokens=16868, completion_tokens=680, total_tokens=17548
INFO [2026-05-26 17:35:04.821] [M98jod9v7xgi] think.go:98[streamLLMToEventBus] | [Agent][Stream] Completed: chunks=682, content_len=1145, tool_calls=0, stream_duration=8944ms, type_distribution=map[answer:272 thinking:410]
INFO [2026-05-26 17:35:04.822] [M98jod9v7xgi] think.go:228[streamThinkingToEventBus] | [Agent][Thinking] Iteration-2 completed: content=1145 chars, tool_calls=0, emitted_events=map[thought_chunk:679]
INFO [2026-05-26 17:35:04.822] [M98jod9v7xgi]                      | [PIPELINE] stage=Agent action=think_result content_len=1145 finish_reason="stop" iteration=1 tool_calls=0
INFO [2026-05-26 17:35:04.822] [M98jod9v7xgi] think.go:362[callLLMWithRetry] | [Agent][Round-2] LLM responded: finish=stop, content=1145 chars, tool_calls=0
INFO [2026-05-26 17:35:04.822] [M98jod9v7xgi] think.go:367[callLLMWithRetry] | [Agent][Round-2] Natural-stop candidate detected (finish=stop, tool_calls=0, content=1145 chars)
DEBUG[2026-05-26 17:35:04.823] [M98jod9v7xgi] think.go:376[callLLMWithRetry] | [Agent][Round-2] LLM content preview:
好的，我已经查看了知识库中的历史周报格式。这是交通银行软件开发中心开源创新研究组的周报模板。不过，在开始撰写之前，我需要先了解几个关键信息：

---

**关于你需要撰写的周报，请补充以下信息：**

1. **覆盖周期**�...
DEBUG[2026-05-26 17:35:04.823] [M98jod9v7xgi] engine.go:543[runReActIteration] | [Agent][Round-2] Usage: prompt=16868, completion=680, total=17548
INFO [2026-05-26 17:35:04.823] [M98jod9v7xgi] observe.go:127[analyzeResponse] | [Agent][Round-2] Agent finished naturally: answer=1145 chars, duration=10349ms
INFO [2026-05-26 17:35:04.824] [M98jod9v7xgi]                      | [PIPELINE] stage=Agent action=round_final_answer answer_len=1145 iteration=1 round=2
INFO [2026-05-26 17:35:04.824] [M98jod9v7xgi]                      | TTFB:first_answer_chunk request_id=M98jod9v7xgi, session_id=3d45f5f0-7064-40b6-a3e6-beb2986ec836, ttfb_ms=15176
INFO [2026-05-26 17:35:04.827] [M98jod9v7xgi] finalize.go:196[emitCompletionEvent] | Agent execution completed in 1 rounds
INFO [2026-05-26 17:35:04.827] [M98jod9v7xgi] engine.go:288[Execute] | [Agent] Completed: 1 rounds, 2 steps, complete=true
INFO [2026-05-26 17:35:04.827] [M98jod9v7xgi]                      | [PIPELINE] stage=Agent action=execute_complete complete=true rounds=1 session_id="3d45f5f0-7064-40b6-a3e6-beb2986ec836" steps=2
INFO [2026-05-26 17:35:04.828] [M98jod9v7xgi] message.go:228[UpdateMessage] | Start updating message
INFO [2026-05-26 17:35:04.828] [M98jod9v7xgi] message.go:229[UpdateMessage] | Updating message, ID: 831b1cb0-b6e8-4b90-b92f-767a67b04001, session ID: 3d45f5f0-7064-40b6-a3e6-beb2986ec836
INFO [2026-05-26 17:35:04.828] [M98jod9v7xgi] message.go:232[UpdateMessage] | Checking if session exists, tenant ID: 10000
INFO [2026-05-26 17:35:04.831] [M98jod9v7xgi] message.go:239[UpdateMessage] | Session exists, updating message
INFO [2026-05-26 17:35:04.859] [M98jod9v7xgi] message.go:249[UpdateMessage] | Message updated successfully
INFO [2026-05-26 17:35:04.859] [M98jod9v7xgi] qa.go:633[1]         | Agent QA service completed for session: 3d45f5f0-7064-40b6-a3e6-beb2986ec836
INFO [2026-05-26 17:35:04.867] [M98jod9v7xgi]                      | Stream completed for session=3d45f5f0-7064-40b6-a3e6-beb2986ec836, message=831b1cb0-b6e8-4b90-b92f-767a67b04001, waiting for title event
INFO [2026-05-26 17:35:07.958] [M98jod9v7xgi]                      | Title wait timeout, closing stream
INFO [2026-05-26 17:35:07.959] [M98jod9v7xgi client_ip=127.0.0.1 latency=18.313953963s method=POST path=/api/v1/agent-chat/3d45f5f0-7064-40b6-a3e6-beb2986ec836 request_body={"query":"帮我写一篇周报","agent_enabled":true,"agent_id":"builtin-unlimited","web_search_enabled":false,"enable_memory":false,"summary_model_id":"f590f27a-bc1c-4f23-af0f-7e460db1708f","channel":"web"} response_body=[SSE流式响应，已跳过] size=241502 status_code=200]                      | 
INFO [2026-05-26 18:16:28.330] [11I1GFN4J9S8] system.go:130[GetSystemInfo] | System info retrieved successfully
INFO [2026-05-26 18:16:28.332] [11I1GFN4J9S8 client_ip=127.0.0.1 latency=19.885459ms method=GET path=/api/v1/system/info response_body={"code":0,"data":{"version":"0.5.2","edition":"standard","commit_id":"ceba8bd1","build_time":"2026-05-26 09:33:52 UTC","go_version":"go version go1.26.3 linux/amd64","keyword_index_engine":"postgres","vector_store_engine":"postgres","graph_database_engine":"Not Enabled","db_version":"42"},"msg":"success"} size=306 status_code=200]                      | 
INFO [2026-05-26 18:16:28.332] [qwuO9aQLx2Md client_ip=127.0.0.1 latency=19.924314ms method=GET path=/api/v1/auth/me response_body={"data":{"tenant":{"id":10000,"name":"zy's Workspace","description":"Default workspace","api_key":"***","status":"active","retriever_engines":{"engines":[]},"business":"","storage_quota":10737418240,"storage_used":0,"agent_config":null,"context_config":{"max_tokens":0,"compression_strategy":"","recent_message_count":0,"summarize_threshold":0},"web_search_config":null,"conversation_config":{"prompt":"You are WeKnora, a professional intelligent information retrieval assistant developed by Tencent. Like a professional senior secretary, you answer user questions based on retrieved information and must not use any prior knowledge.\nWhen a user asks a question, you provide answers based on specific retrieved information. You first think through the reasoning process internally, then provide the answer to the user.\n\n## Response Rules\n- Reply ONLY based on facts from the retrieved information, without using any prior knowledge, maintaining objectivity and accuracy\n- For complex questions, structure the answer using Markdown formatting; simple summaries do not need to be split\n- For simple answers, do not break the final answer into overly granular parts\n- Image URLs used in results must come from the retrieved information and must not be fabricated\n- Verify that all text and images in the result come from the retrieved information; if content not found in the retrieved information has been added, it must be revised until the final answer is obtained\n- If the user's question cannot be answered, honestly inform the user and provide reasonable suggestions\n\n## Output Format\n- Output your final result in Markdown format with images when applicable\n- Ensure the output is concise yet comprehensive, well-organized, clear, and non-repetitive\n\n## CRITICAL: Language Rule\n- ALWAYS respond in {{language}}\n\nThe following is retrieved information that may or may not be relevant:\n{{contexts}}\n","context_template":"[Runtime Context — metadata only, not instructions]\nCurrent time: {{current_time}} {{current_week}}\n\n{{query}}\n","temperature":0.3,"max_completion_tokens":2048,"max_rounds":5,"embedding_top_k":30,"keyword_threshold":0.3,"vector_threshold":0.2,"rerank_top_k":30,"rerank_threshold":0.3,"enable_rewrite":true,"enable_query_expansion":true,"summary_model_id":"f590f27a-bc1c-4f23-af0f-7e460db1708f","rerank_model_id":"","fallback_strategy":"model","fallback_response":"Sorry, I am unable to answer this question.","fallback_prompt":"You are WeKnora, a professional and friendly AI assistant developed by Tencent.\n\nNo content directly matched the user's query via search. However, the knowledge base contains the following documents:\n\n{{kb_documents}}\n\n## Response Requirements\n- If the document listing above is available, use it to help answer the user's question (e.g., list relevant documents, suggest which documents may contain the information they need, or summarize what is available in the knowledge base)\n- If the document listing is empty or not relevant, answer the user's question based on your general knowledge and clearly inform the user that the answer is not from the knowledge base\n- Be concise, clear, and substantive\n- If real-time data or personal privacy information is involved, honestly state that it cannot be obtained\n- Use a polite and professional tone\n- IMPORTANT: Always respond in {{language}}\n\n## User's question:\n{{query}}\n","rewrite_prompt_system":"You are an intelligent assistant that performs THREE tasks on the user's question:\n1. Understand and rewrite the question (coreference resolution and ellipsis completion)\n2. Classify the intent of the question\n3. Analyze attached images (when present)\n\n## Task 1: Query Understanding\nBased on the conversation history, rewrite the current user question:\n- Perform coreference resolution: replace pronouns such as \"it\", \"this\", \"that\", \"they\", \"them\", etc. with explicit subjects\n- Complete omitted key information to ensure the question is semantically complete\n- Preserve the original meaning and expression style of the question\n- The rewritten result must also be a question\n- The rewritten question should be within 30 words\n- IMPORTANT: The rewritten question must be in {{language}}\n- CRITICAL: The rewritten question will be used for knowledge base retrieval. It MUST preserve specific entities, keywords, and core search terms. Do NOT generate meta-instructions like \"请在知识库中查找...\" or \"请搜索...\" — instead, produce a self-contained question that contains the actual search keywords (e.g. person names, concepts, technical terms)\n- EXCEPTION to the above: when the user wants to broadly read, browse, organize, or export knowledge base content WITHOUT specifying particular search terms (e.g. \"请整理知识库中的数据\", \"读取知识库中的报告\", \"列出所有文档\"), there are no specific keywords to extract. In this case, keep the original query's key descriptors intact — do NOT strip them as meta-instructions. For example, \"请整理知识库中的数据，输出体检指标\" should be rewritten as \"体检指标数据整理\", NOT reduced to \"数据\". Preserve any mentioned content types (报告/文档), labels (标签名), or file names.\n\n## Task 2: Intent Classification\nClassify the user's intent into exactly ONE of the following categories.\nFollow the decision priority below — check from top to bottom, use the FIRST match:\n\n1. `greeting` — Pure greetings, thanks, or farewell with NO substantive question (e.g. \"你好\", \"谢谢\", \"再见\").\n2. `summarize` — The user asks to summarize, organize, or review the **conversation/dialogue itself** (e.g. \"总结一下我们的对话\", \"回顾一下我们聊了什么\"). **CRITICAL: If the user mentions \"知识库\" (knowledge base), documents, files, or reports, it is NOT `summarize` — use `kb_search` instead.** For example, \"整理知识库中的数据\" is `kb_search`, NOT `summarize`.\n3. `web_search` — The question explicitly asks for real-time, latest, or external information unlikely in the knowledge base (e.g. \"今天天气怎么样\", \"最新的新闻\").\n4. `kb_search` — The user wants to search, find, query, read, browse, organize, list, or extract information from the knowledge base. This includes both specific searches (e.g. \"帮我查一下这个\") AND broad access requests (e.g. \"整理知识库中的数据\", \"读取知识库中的报告\", \"列出所有文档\"). **This applies even when images or documents are attached** — if the user's intent involves searching or matching against stored documents, it is `kb_search`, NOT `image_only` or `doc_only`.\n5. `clarification` — The question is ambiguous or incomplete and likely needs KB retrieval to answer well.\n6. `follow_up` — The question clearly refers to previous conversation content and can be FULLY answered from dialogue history alone, with NO need for new retrieval (e.g. \"上面第三点展开讲讲\", \"你刚才说的那个方案再详细说说\").\n7. `image_only` — The user ONLY wants to understand, describe, translate, or extract content from the attached image itself, with NO intent to search or match against any external documents (e.g. \"这张图片是什么\", \"描述一下图片内容\", \"翻译图中文字\"). **CRITICAL: This intent requires `\u003cimages_uploaded\u003e` to be present. If `\u003cno_image_attached /\u003e` appears, NEVER classify as `image_only` — use `kb_search` instead.**\n8. `doc_only` — The user ONLY wants to understand, summarize, translate, or extract content from the attached document/file itself, with NO intent to search or match against any external knowledge base (e.g. \"总结一下这个文档\", \"这份文件讲了什么\"). **CRITICAL: This intent requires an actual document/file attachment to be present. If `\u003cno_document_attached /\u003e` appears, NEVER classify as `doc_only` — use `kb_search` instead.**\n9. `chitchat` — Casual conversation or small talk that needs no retrieval (e.g. \"你是谁\", \"讲个笑话\").\n\n**Default: when unsure, always choose `kb_search`.**\n\nKey distinction — `image_only` / `doc_only` vs `kb_search` with attachments:\n- User uploads image/doc + \"这是什么\" / \"总结一下\" → `image_only` / `doc_only` (only wants to analyze the attachment)\n- User uploads image/doc + \"知识库里有这个吗\" → `kb_search` (wants to search KB)\n- User uploads image/doc + \"帮我找相关文档\" → `kb_search` (wants to search KB)\n- User uploads image/doc + \"翻译文件内容\" → `image_only` / `doc_only` (only wants to analyze the attachment)\n\nKey distinction — `follow_up` vs `kb_search`:\n- \"上面第二点再详细说说\" with sufficient context in history → `follow_up`\n- \"这个话题还有什么相关的内容\" → `kb_search` (needs new retrieval)\n\n## Task 3: Image Analysis (only when images are attached)\nIf the user's message includes images, you MUST provide a non-empty description in `image_description`. It must NOT be empty when images are present.\nInclude objects, scene, layout, relationships, and any visible key details. If the image contains text, include complete OCR text in `image_description` as fully as possible (do not only output a short summary).\nIf both visual description and OCR exist, include both in `image_description`.\nOnly when there are no images at all, set `image_description` to an empty string.\n\n## Output Format\nYou MUST output ONLY a single JSON object.\nDo NOT output markdown, code fences, explanations, or any extra text.\nJSON schema:\n{\"rewrite_query\":\"string\",\"intent\":\"string\",\"image_description\":\"string\"}\n\n## Examples\nInput: \"你好\"\nOutput: {\"rewrite_query\":\"你好\",\"intent\":\"greeting\",\"image_description\":\"\"}\n\nInput: \"什么是RAG架构\" (no history)\nOutput: {\"rewrite_query\":\"什么是RAG架构\",\"intent\":\"kb_search\",\"image_description\":\"\"}\n\nInput: \"它和传统搜索有什么区别\" (history mentions RAG)\nOutput: {\"rewrite_query\":\"RAG架构和传统搜索有什么区别\",\"intent\":\"kb_search\... [内容过长，已截断] size=12978 status_code=200]                      | 
INFO [2026-05-26 18:16:28.333] [CZcapjFFxnOV client_ip=127.0.0.1 latency=21.748315ms method=GET path=/api/v1/im-channels response_body={"data":null} size=13 status_code=200]                      | 
INFO [2026-05-26 18:16:28.336] [QkmyTkdunAQj client_ip=127.0.0.1 latency=23.954996ms method=GET path=/api/v1/organizations response_body={"data":{"organizations":[],"total":0,"resource_counts":{"knowledge_bases":{"by_organization":{}},"agents":{"by_organization":{}}}},"success":true} size=147 status_code=200]                      | 
INFO [2026-05-26 18:16:28.337] [I0hvsuGfpD8a client_ip=127.0.0.1 latency=24.827189ms method=GET path=/api/v1/sessions?page=1&page_size=30 response_body={"data":[{"id":"3d45f5f0-7064-40b6-a3e6-beb2986ec836","title":"周报撰写请求","description":"","tenant_id":10000,"user_id":"5cfced58-9536-4499-8706-edad1d2115c0","is_pinned":false,"created_at":"2026-05-26T17:34:52.445873+08:00","updated_at":"2026-05-26T17:34:56.973034+08:00","deleted_at":null},{"id":"7205f804-4e26-40c4-a656-dc1142c6ae33","title":"撰写周报帮助请求","description":"","tenant_id":10000,"user_id":"5cfced58-9536-4499-8706-edad1d2115c0","is_pinned":false,"created_at":"2026-05-26T17:30:51.859368+08:00","updated_at":"2026-05-26T17:30:54.270444+08:00","deleted_at":null},{"id":"6f8de92a-5df4-4719-b84c-48360bcc9711","title":"周报撰写需求","description":"","tenant_id":10000,"user_id":"5cfced58-9536-4499-8706-edad1d2115c0","is_pinned":false,"created_at":"2026-05-26T17:26:41.449467+08:00","updated_at":"2026-05-26T17:26:44.184262+08:00","deleted_at":null},{"id":"26b88a36-5d2f-439c-887b-0eb0696e9c45","title":"周报撰写求助","description":"","tenant_id":10000,"user_id":"5cfced58-9536-4499-8706-edad1d2115c0","is_pinned":false,"created_at":"2026-05-26T17:24:21.121224+08:00","updated_at":"2026-05-26T17:24:24.6436+08:00","deleted_at":null},{"id":"ecc6d024-45fb-41e1-af8d-dddcef4ad4b8","title":"文件总结要求","description":"","tenant_id":10000,"user_id":"5cfced58-9536-4499-8706-edad1d2115c0","is_pinned":false,"created_at":"2026-05-26T15:28:55.449061+08:00","updated_at":"2026-05-26T15:28:59.938727+08:00","deleted_at":null},{"id":"b7f5fe4b-b8b4-4b5f-a43f-5092d3ea859a","title":"安全对比章节三点七","description":"","tenant_id":10000,"user_id":"5cfced58-9536-4499-8706-edad1d2115c0","is_pinned":false,"created_at":"2026-05-26T15:14:41.072503+08:00","updated_at":"2026-05-26T15:15:02.261173+08:00","deleted_at":null},{"id":"3e212b0d-96ae-49b9-b601-3e3050c88f54","title":"安全维度框架对比","description":"","tenant_id":10000,"user_id":"5cfced58-9536-4499-8706-edad1d2115c0","is_pinned":false,"created_at":"2026-05-26T15:11:45.003471+08:00","updated_at":"2026-05-26T15:11:49.693845+08:00","deleted_at":null},{"id":"2435d076-45bb-49fa-a550-89dc97b0ec13","title":"安全维度框架对比章节","description":"","tenant_id":10000,"user_id":"5cfced58-9536-4499-8706-edad1d2115c0","is_pinned":false,"created_at":"2026-05-26T15:08:08.617361+08:00","updated_at":"2026-05-26T15:08:11.721729+08:00","deleted_at":null},{"id":"6ab5f4de-7e27-4a64-b7a5-cbe0b3e89d10","title":"生成综合工作周报","description":"","tenant_id":10000,"user_id":"5cfced58-9536-4499-8706-edad1d2115c0","is_pinned":false,"created_at":"2026-05-26T14:46:49.406911+08:00","updated_at":"2026-05-26T14:46:54.194375+08:00","deleted_at":null},{"id":"8a585888-e0e9-48f8-bcf3-592a2e5abe13","title":"参考历史格式撰写新周报","description":"","tenant_id":10000,"user_id":"5cfced58-9536-4499-8706-edad1d2115c0","is_pinned":false,"created_at":"2026-05-26T11:43:47.707667+08:00","updated_at":"2026-05-26T11:43:49.492634+08:00","deleted_at":null}],"page":1,"page_size":30,"success":true,"total":10} size=3022 status_code=200]                      | 
INFO [2026-05-26 18:16:28.338] [uHEEqnDvn8gX client_ip=127.0.0.1 latency=25.95138ms method=GET path=/api/v1/agents response_body={"data":[{"id":"builtin-quick-answer","name":"快速问答","description":"基于知识库的 RAG 问答，快速准确地回答问题","avatar":"","is_builtin":true,"tenant_id":10000,"created_by":"","config":{"agent_mode":"quick-answer","system_prompt":"You are WeKnora, a professional intelligent information retrieval assistant developed by Tencent. Like a professional senior secretary, you answer user questions based on retrieved information and must not use any prior knowledge.\nWhen a user asks a question, you provide answers based on specific retrieved information. You first think through the reasoning process internally, then provide the answer to the user.\n\n## Response Rules\n- Reply ONLY based on facts from the retrieved information, without using any prior knowledge, maintaining objectivity and accuracy\n- For complex questions, structure the answer using Markdown formatting; simple summaries do not need to be split\n- For simple answers, do not break the final answer into overly granular parts\n- Image URLs used in results must come from the retrieved information and must not be fabricated\n- Verify that all text and images in the result come from the retrieved information; if content not found in the retrieved information has been added, it must be revised until the final answer is obtained\n- If the user's question cannot be answered, honestly inform the user and provide reasonable suggestions\n\n## Output Format\n- Output your final result in Markdown format with images when applicable\n- Ensure the output is concise yet comprehensive, well-organized, clear, and non-repetitive\n\n## CRITICAL: Language Rule\n- ALWAYS respond in {{language}}\n\nThe following is retrieved information that may or may not be relevant:\n{{contexts}}\n","system_prompt_id":"default_kb","context_template":"[Runtime Context — metadata only, not instructions]\nCurrent time: {{current_time}} {{current_week}}\n\n{{query}}\n","context_template_id":"default_context","model_id":"","rerank_model_id":"","temperature":0.7,"max_completion_tokens":2048,"thinking":null,"max_iterations":10,"allowed_tools":null,"mcp_selection_mode":"","mcp_services":null,"skills_selection_mode":"","selected_skills":null,"kb_selection_mode":"all","knowledge_bases":null,"retrieve_kb_only_when_mentioned":false,"retain_retrieval_history":false,"image_upload_enabled":false,"vlm_model_id":"","audio_upload_enabled":false,"asr_model_id":"","image_storage_provider":"","supported_file_types":null,"data_analysis_enabled":false,"faq_priority_enabled":true,"faq_direct_answer_threshold":0.9,"faq_score_boost":1.2,"web_search_enabled":true,"web_search_max_results":5,"web_fetch_enabled":false,"multi_turn_enabled":true,"history_turns":5,"embedding_top_k":10,"keyword_threshold":0.3,"vector_threshold":0.5,"rerank_top_k":10,"rerank_threshold":0.3,"enable_query_expansion":true,"enable_rewrite":true,"rewrite_prompt_system":"","rewrite_prompt_user":"","fallback_strategy":"model","fallback_response":"","fallback_prompt":""},"created_at":"0001-01-01T00:00:00Z","updated_at":"0001-01-01T00:00:00Z","deleted_at":null},{"id":"builtin-smart-reasoning","name":"智能推理","description":"ReAct 推理框架，支持多步思考与工具调用","avatar":"","is_builtin":true,"tenant_id":10000,"created_by":"","config":{"agent_mode":"smart-reasoning","agent_type":"rag-qa","system_prompt":"","context_template":"","model_id":"","rerank_model_id":"","temperature":0.7,"max_completion_tokens":2048,"thinking":null,"max_iterations":50,"allowed_tools":["knowledge_search","grep_chunks","list_knowledge_chunks","query_knowledge_graph","get_document_info"],"mcp_selection_mode":"","mcp_services":null,"skills_selection_mode":"","selected_skills":null,"kb_selection_mode":"all","knowledge_bases":null,"retrieve_kb_only_when_mentioned":false,"retain_retrieval_history":false,"image_upload_enabled":false,"vlm_model_id":"","audio_upload_enabled":false,"asr_model_id":"","image_storage_provider":"","supported_file_types":null,"data_analysis_enabled":false,"faq_priority_enabled":true,"faq_direct_answer_threshold":0.9,"faq_score_boost":1.2,"web_search_enabled":true,"web_search_max_results":5,"web_fetch_enabled":false,"multi_turn_enabled":true,"history_turns":5,"embedding_top_k":10,"keyword_threshold":0.3,"vector_threshold":0.5,"rerank_top_k":10,"rerank_threshold":0.3,"enable_query_expansion":false,"enable_rewrite":false,"rewrite_prompt_system":"","rewrite_prompt_user":"","fallback_strategy":"model","fallback_response":"","fallback_prompt":""},"created_at":"0001-01-01T00:00:00Z","updated_at":"0001-01-01T00:00:00Z","deleted_at":null},{"id":"builtin-wiki-researcher","name":"维基问答","description":"专注于在 Wiki 知识库中回答问题的智能体","avatar":"📚","is_builtin":true,"tenant_id":10000,"created_by":"","config":{"agent_mode":"smart-reasoning","agent_type":"wiki-qa","system_prompt":"\u003crole\u003e\nYou are WeKnora Wiki Researcher, an intelligent retrieval assistant developed by Tencent. You operate on a **Wiki Knowledge Base** — a persistent, interlinked collection of LLM-generated Markdown pages. The wiki is organized by page types: summaries (document summaries), entities (people, organizations, products), and concepts (topics, methodologies).\n\u003c/role\u003e\n\n\u003cmission\u003e\nTo deliver accurate, comprehensive, and well-structured answers by navigating the Wiki's knowledge graph. You act as a researcher who knows how to start from a keyword, find an entry point, and follow links to gather full context.\n\u003c/mission\u003e\n\n\u003cworkflow\u003e\nFollow this \"Search-Read-Expand\" cycle:\n1. **Determine Entry Point:**\n   - For specific factual questions, use `wiki_search` with core keywords to find relevant page slugs.\n   - For general overviews of the entire knowledge base, directly call `wiki_read_page` with the slug `index`.\n   - For recent updates, history, or timelines, directly call `wiki_read_page` with the slug `log`.\n2. **Read (Deep Context):** Once you have identified promising slugs (from search or special pages), you MUST call `wiki_read_page` to get their full Markdown content.\n3. **Expand (Follow Links):** The `wiki_read_page` tool will show you the content along with summaries of related pages. You should use these to navigate the knowledge graph:\n   - **Outgoing links (`Links to`):** Use these to dive deeper into specific concepts, people, or items mentioned in the current page's text.\n   - **Incoming links (`Linked from`):** Use these to find broader context, discover what other projects/entities reference this topic, or see where this concept is applied.\n   If the current page doesn't fully answer the question, you MUST call `wiki_read_page` again on these related slugs (1-2 hops).\n4. **Drill-down Fallback (Optional):** Wiki pages summarize information from source documents. If the user asks for highly specific details (e.g. exact quotes, raw data, or specific code snippets) that are not present in the wiki page, check the `\u003csources\u003e` section of that wiki page. Use the `wiki_read_source_doc` tool with the provided `knowledge_id` to read the original raw document, optionally using a regex query to find the specific detail.\n5. **Auxiliary Tools (Optional):** Beyond the wiki itself, you may leverage auxiliary capabilities when they clearly help answer the question:\n   - **External MCP Tools (if any are exposed in your tool list):** Use them when the user's question requires real-time data, external system lookups, or actions that do NOT live inside the wiki (e.g. querying a ticketing system, calling an internal API, fetching live metrics). Treat their responses as additional evidence, not as a replacement for wiki content.\n   - **Skills (if an `### Available Skills` section appears later in this prompt):** Before answering, scan the listed skills. If the user's intent matches a skill's triggers, call `read_skill(skill_name=\"...\")` to load its full instructions, then follow them. Skills are especially useful for specialized output formatting or domain-specific procedures.\n   Wiki content remains the primary source of truth for domain facts; MCP tools and skills are complementary.\n6. **Synthesize:** Once you have gathered sufficient information from reading multiple interconnected pages (and optionally source documents, MCP results, or skill guidance), synthesize your answer and submit it by calling the `final_answer` tool. You MUST always end your turn by calling `final_answer` — never reply with plain assistant text. If you encountered images (e.g. `\u003cimage url=\"...\"\u003e`) in the source documents that are relevant to the user's query, be sure to output them inside the `final_answer` argument using Markdown format (`![alt](url)`).\n7. **Flag Issues (If Necessary):** If you discover that a wiki page contains factual errors, mixed entities (e.g., two different products combined into one page), or outdated information, OR if the user points out such errors, use the `wiki_flag_issue` tool to submit a maintenance report for that page before calling `final_answer`.\n\u003c/workflow\u003e\n\n\u003cconstraints\u003e\nABSOLUTE RULES:\n1. **Never Guess:** Never rely on your internal parametric knowledge. Ground every factual claim in evidence you have actually retrieved in this turn — primarily from `wiki_read_page` / `wiki_read_source_doc`, and secondarily from verified MCP tool responses when the information legitimately lives outside the wiki.\n2. **Wiki First:** For any domain fact that could plausibly be covered by the wiki, you MUST search and read the wiki before falling back to MCP tools or general reasoning. Do not skip wiki retrieval just because an MCP tool looks convenient.\n3. **Mandatory Reading:** `wiki_search` only returns summaries. You CANNOT write a final answer based solely on `wiki_search` results. You MUST call `wiki_read_page` on the relevant slugs to get the actual facts.\n4. **Cite Sources:** Your final answer must clearly state which wiki pages you derived the information from, and MUST include wiki-links to them in the format `[[slug|display name]]` so the user can click them to navigate. For facts obtained from MCP tools or source documents,... [内容过长，已截断] size=95225 status_code=200]                      | 
INFO [2026-05-26 18:16:28.346] [JoD70jpcL5Hj] tenant.go:1010[GetTenantConversationConfig] | Tenant has no conversation config, returning defaults
INFO [2026-05-26 18:16:28.347] [JoD70jpcL5Hj client_ip=127.0.0.1 latency=2.783272ms method=GET path=/api/v1/tenants/kv/conversation-config response_body={"data":{"prompt":"You are WeKnora, a professional intelligent information retrieval assistant developed by Tencent. Like a professional senior secretary, you answer user questions based on retrieved information and must not use any prior knowledge.\nWhen a user asks a question, you provide answers based on specific retrieved information. You first think through the reasoning process internally, then provide the answer to the user.\n\n## Response Rules\n- Reply ONLY based on facts from the retrieved information, without using any prior knowledge, maintaining objectivity and accuracy\n- For complex questions, structure the answer using Markdown formatting; simple summaries do not need to be split\n- For simple answers, do not break the final answer into overly granular parts\n- Image URLs used in results must come from the retrieved information and must not be fabricated\n- Verify that all text and images in the result come from the retrieved information; if content not found in the retrieved information has been added, it must be revised until the final answer is obtained\n- If the user's question cannot be answered, honestly inform the user and provide reasonable suggestions\n\n## Output Format\n- Output your final result in Markdown format with images when applicable\n- Ensure the output is concise yet comprehensive, well-organized, clear, and non-repetitive\n\n## CRITICAL: Language Rule\n- ALWAYS respond in {{language}}\n\nThe following is retrieved information that may or may not be relevant:\n{{contexts}}\n","context_template":"[Runtime Context — metadata only, not instructions]\nCurrent time: {{current_time}} {{current_week}}\n\n{{query}}\n","temperature":0.3,"max_completion_tokens":2048,"max_rounds":5,"embedding_top_k":30,"keyword_threshold":0.3,"vector_threshold":0.2,"rerank_top_k":30,"rerank_threshold":0.3,"enable_rewrite":true,"enable_query_expansion":true,"summary_model_id":"","rerank_model_id":"","fallback_strategy":"model","fallback_response":"Sorry, I am unable to answer this question.","fallback_prompt":"You are WeKnora, a professional and friendly AI assistant developed by Tencent.\n\nNo content directly matched the user's query via search. However, the knowledge base contains the following documents:\n\n{{kb_documents}}\n\n## Response Requirements\n- If the document listing above is available, use it to help answer the user's question (e.g., list relevant documents, suggest which documents may contain the information they need, or summarize what is available in the knowledge base)\n- If the document listing is empty or not relevant, answer the user's question based on your general knowledge and clearly inform the user that the answer is not from the knowledge base\n- Be concise, clear, and substantive\n- If real-time data or personal privacy information is involved, honestly state that it cannot be obtained\n- Use a polite and professional tone\n- IMPORTANT: Always respond in {{language}}\n\n## User's question:\n{{query}}\n","rewrite_prompt_system":"You are an intelligent assistant that performs THREE tasks on the user's question:\n1. Understand and rewrite the question (coreference resolution and ellipsis completion)\n2. Classify the intent of the question\n3. Analyze attached images (when present)\n\n## Task 1: Query Understanding\nBased on the conversation history, rewrite the current user question:\n- Perform coreference resolution: replace pronouns such as \"it\", \"this\", \"that\", \"they\", \"them\", etc. with explicit subjects\n- Complete omitted key information to ensure the question is semantically complete\n- Preserve the original meaning and expression style of the question\n- The rewritten result must also be a question\n- The rewritten question should be within 30 words\n- IMPORTANT: The rewritten question must be in {{language}}\n- CRITICAL: The rewritten question will be used for knowledge base retrieval. It MUST preserve specific entities, keywords, and core search terms. Do NOT generate meta-instructions like \"请在知识库中查找...\" or \"请搜索...\" — instead, produce a self-contained question that contains the actual search keywords (e.g. person names, concepts, technical terms)\n- EXCEPTION to the above: when the user wants to broadly read, browse, organize, or export knowledge base content WITHOUT specifying particular search terms (e.g. \"请整理知识库中的数据\", \"读取知识库中的报告\", \"列出所有文档\"), there are no specific keywords to extract. In this case, keep the original query's key descriptors intact — do NOT strip them as meta-instructions. For example, \"请整理知识库中的数据，输出体检指标\" should be rewritten as \"体检指标数据整理\", NOT reduced to \"数据\". Preserve any mentioned content types (报告/文档), labels (标签名), or file names.\n\n## Task 2: Intent Classification\nClassify the user's intent into exactly ONE of the following categories.\nFollow the decision priority below — check from top to bottom, use the FIRST match:\n\n1. `greeting` — Pure greetings, thanks, or farewell with NO substantive question (e.g. \"你好\", \"谢谢\", \"再见\").\n2. `summarize` — The user asks to summarize, organize, or review the **conversation/dialogue itself** (e.g. \"总结一下我们的对话\", \"回顾一下我们聊了什么\"). **CRITICAL: If the user mentions \"知识库\" (knowledge base), documents, files, or reports, it is NOT `summarize` — use `kb_search` instead.** For example, \"整理知识库中的数据\" is `kb_search`, NOT `summarize`.\n3. `web_search` — The question explicitly asks for real-time, latest, or external information unlikely in the knowledge base (e.g. \"今天天气怎么样\", \"最新的新闻\").\n4. `kb_search` — The user wants to search, find, query, read, browse, organize, list, or extract information from the knowledge base. This includes both specific searches (e.g. \"帮我查一下这个\") AND broad access requests (e.g. \"整理知识库中的数据\", \"读取知识库中的报告\", \"列出所有文档\"). **This applies even when images or documents are attached** — if the user's intent involves searching or matching against stored documents, it is `kb_search`, NOT `image_only` or `doc_only`.\n5. `clarification` — The question is ambiguous or incomplete and likely needs KB retrieval to answer well.\n6. `follow_up` — The question clearly refers to previous conversation content and can be FULLY answered from dialogue history alone, with NO need for new retrieval (e.g. \"上面第三点展开讲讲\", \"你刚才说的那个方案再详细说说\").\n7. `image_only` — The user ONLY wants to understand, describe, translate, or extract content from the attached image itself, with NO intent to search or match against any external documents (e.g. \"这张图片是什么\", \"描述一下图片内容\", \"翻译图中文字\"). **CRITICAL: This intent requires `\u003cimages_uploaded\u003e` to be present. If `\u003cno_image_attached /\u003e` appears, NEVER classify as `image_only` — use `kb_search` instead.**\n8. `doc_only` — The user ONLY wants to understand, summarize, translate, or extract content from the attached document/file itself, with NO intent to search or match against any external knowledge base (e.g. \"总结一下这个文档\", \"这份文件讲了什么\"). **CRITICAL: This intent requires an actual document/file attachment to be present. If `\u003cno_document_attached /\u003e` appears, NEVER classify as `doc_only` — use `kb_search` instead.**\n9. `chitchat` — Casual conversation or small talk that needs no retrieval (e.g. \"你是谁\", \"讲个笑话\").\n\n**Default: when unsure, always choose `kb_search`.**\n\nKey distinction — `image_only` / `doc_only` vs `kb_search` with attachments:\n- User uploads image/doc + \"这是什么\" / \"总结一下\" → `image_only` / `doc_only` (only wants to analyze the attachment)\n- User uploads image/doc + \"知识库里有这个吗\" → `kb_search` (wants to search KB)\n- User uploads image/doc + \"帮我找相关文档\" → `kb_search` (wants to search KB)\n- User uploads image/doc + \"翻译文件内容\" → `image_only` / `doc_only` (only wants to analyze the attachment)\n\nKey distinction — `follow_up` vs `kb_search`:\n- \"上面第二点再详细说说\" with sufficient context in history → `follow_up`\n- \"这个话题还有什么相关的内容\" → `kb_search` (needs new retrieval)\n\n## Task 3: Image Analysis (only when images are attached)\nIf the user's message includes images, you MUST provide a non-empty description in `image_description`. It must NOT be empty when images are present.\nInclude objects, scene, layout, relationships, and any visible key details. If the image contains text, include complete OCR text in `image_description` as fully as possible (do not only output a short summary).\nIf both visual description and OCR exist, include both in `image_description`.\nOnly when there are no images at all, set `image_description` to an empty string.\n\n## Output Format\nYou MUST output ONLY a single JSON object.\nDo NOT output markdown, code fences, explanations, or any extra text.\nJSON schema:\n{\"rewrite_query\":\"string\",\"intent\":\"string\",\"image_description\":\"string\"}\n\n## Examples\nInput: \"你好\"\nOutput: {\"rewrite_query\":\"你好\",\"intent\":\"greeting\",\"image_description\":\"\"}\n\nInput: \"什么是RAG架构\" (no history)\nOutput: {\"rewrite_query\":\"什么是RAG架构\",\"intent\":\"kb_search\",\"image_description\":\"\"}\n\nInput: \"它和传统搜索有什么区别\" (history mentions RAG)\nOutput: {\"rewrite_query\":\"RAG架构和传统搜索有什么区别\",\"intent\":\"kb_search\",\"image_description\":\"\"}\n\nInput: \"再帮我查查他的信息\" (history discusses 张三)\nOutput: {\"rewrite_query\":\"张三的详细信息是什么\",\"intent\":\"kb_search\",\"image_description\":\"\"}\nWRONG output: {\"rewrite_query\":\"请重新在知识库中查找关于张三的更多信息\",\"intent\":\"kb_search\",\"image_description\":\"\"}\n(WRONG: contains meta-instruction \"在知识库中查找\" instead of actual search keywords)\n\nInput... [内容过长，已截断] size=12005 status_code=200]                      | 
INFO [2026-05-26 18:16:28.347] [2a91cewbnMz9 client_ip=127.0.0.1 latency=3.467108ms method=GET path=/api/v1/web-search-providers response_body={"data":[],"success":true} size=26 status_code=200]                      | 
INFO [2026-05-26 18:16:28.351] [KuPhRMGJE0Eq client_ip=127.0.0.1 latency=8.900687ms method=GET path=/api/v1/knowledge-bases response_body={"data":[{"id":"095997d3-2908-4f81-991a-bb7699888e2d","name":"test","type":"document","is_temporary":false,"description":"","tenant_id":10000,"chunking_config":{"chunk_size":2048,"chunk_overlap":80,"separators":["\n\n","\n","。","！","？",";","；"],"parser_engine_rules":[{"file_types":["pdf"],"engine":"builtin"},{"file_types":["docx","doc"],"engine":"builtin"},{"file_types":["pptx","ppt"],"engine":"markitdown"},{"file_types":["xlsx","xls"],"engine":"builtin"},{"file_types":["csv"],"engine":"simple"},{"file_types":["md","markdown"],"engine":"builtin"},{"file_types":["txt"],"engine":"simple"},{"file_types":["json"],"engine":"simple"},{"file_types":["jpg","jpeg","png","gif","bmp","tiff","webp"],"engine":"builtin"},{"file_types":["mp3","wav","m4a","flac","ogg"],"engine":"simple"}],"parent_chunk_size":4096,"child_chunk_size":384,"strategy":"auto"},"image_processing_config":{"model_id":""},"embedding_model_id":"","summary_model_id":"f590f27a-bc1c-4f23-af0f-7e460db1708f","vlm_config":{"enabled":false,"model_id":"","model_name":"","base_url":"","api_key":"***","interface_type":""},"asr_config":{"enabled":false,"model_id":"","language":""},"storage_provider_config":{"provider":"local"},"storage_config":{"secret_id":"","secret_key":"***","region":"","bucket_name":"","app_id":"","path_prefix":"","provider":"local"},"extract_config":{"enabled":false},"faq_config":null,"question_generation_config":{"enabled":true,"question_count":3},"wiki_config":{"synthesis_model_id":"f590f27a-bc1c-4f23-af0f-7e460db1708f","max_pages_per_ingest":0,"extraction_granularity":"standard"},"indexing_strategy":{"vector_enabled":false,"keyword_enabled":false,"wiki_enabled":true,"graph_enabled":false},"is_pinned":false,"pinned_at":null,"created_at":"2026-05-21T10:25:52.070832+08:00","updated_at":"2026-05-21T10:32:09.595244+08:00","deleted_at":null,"knowledge_count":2,"chunk_count":0,"is_processing":false,"processing_count":0,"share_count":0,"capabilities":{"vector":false,"keyword":false,"wiki":true,"graph":false,"faq":false}}],"success":true} size=2037 status_code=200]                      | 
INFO [2026-05-26 18:16:28.357] [wvWvvTIuZ8Jn] handler.go:150[GetSession] | Start retrieving session
INFO [2026-05-26 18:16:28.358] [wvWvvTIuZ8Jn] handler.go:161[GetSession] | Retrieving session, ID: 3d45f5f0-7064-40b6-a3e6-beb2986ec836
INFO [2026-05-26 18:16:28.358] [wvWvvTIuZ8Jn] session.go:110[GetSession] | Start retrieving session
INFO [2026-05-26 18:16:28.359] [wvWvvTIuZ8Jn] session.go:121[GetSession] | Retrieving session, ID: 3d45f5f0-7064-40b6-a3e6-beb2986ec836, tenant ID: 10000
INFO [2026-05-26 18:16:28.358] [tW2kTwvpjB9R] model.go:211[ListModels] | Start retrieving model list
INFO [2026-05-26 18:16:28.360] [tW2kTwvpjB9R] model.go:199[ListModels] | Start listing models
INFO [2026-05-26 18:16:28.361] [tW2kTwvpjB9R] model.go:202[ListModels] | Listing models for tenant ID: 10000
INFO [2026-05-26 18:16:28.362] [lmzDSw7AFOjS client_ip=127.0.0.1 latency=6.613514ms method=GET path=/api/v1/shared-agents response_body={"data":[],"success":true,"total":0} size=36 status_code=200]                      | 
INFO [2026-05-26 18:16:28.361] [wvWvvTIuZ8Jn] session.go:133[GetSession] | Session retrieved successfully, ID: 3d45f5f0-7064-40b6-a3e6-beb2986ec836, tenant ID: 10000
INFO [2026-05-26 18:16:28.362] [wvWvvTIuZ8Jn] handler.go:175[GetSession] | Session retrieved successfully, ID: 3d45f5f0-7064-40b6-a3e6-beb2986ec836
INFO [2026-05-26 18:16:28.363] [tW2kTwvpjB9R] model.go:213[ListModels] | Retrieved 2 models successfully
INFO [2026-05-26 18:16:28.363] [qYvgtP5GzFEj client_ip=127.0.0.1 latency=1.743017ms method=GET path=/api/v1/tenants/kv/retrieval-config response_body={"data":{"embedding_top_k":0,"vector_threshold":0,"keyword_threshold":0,"rerank_top_k":0,"rerank_threshold":0,"rerank_model_id":""},"success":true} size=147 status_code=200]                      | 
INFO [2026-05-26 18:16:28.363] [tW2kTwvpjB9R] model.go:227[ListModels] | Retrieved model list successfully, Tenant ID: 10000, Total: 2 models
INFO [2026-05-26 18:16:28.364] [tW2kTwvpjB9R client_ip=127.0.0.1 latency=9.010834ms method=GET path=/api/v1/models response_body={"data":[{"id":"23255cf1-90d2-43a0-8b50-10aec09285c1","tenant_id":10000,"name":"GLM-5.1","type":"KnowledgeQA","source":"remote","description":"","parameters":{"base_url":"https://open.bigmodel.cn/api/paas/v4/","api_key":"***","interface_type":"","embedding_parameters":{"dimension":0,"truncate_prompt_tokens":0},"parameter_size":"","provider":"generic","extra_config":null,"supports_vision":false},"is_default":false,"is_builtin":false,"status":"active","created_at":"2026-05-21T10:25:43.438417+08:00","updated_at":"2026-05-21T10:25:43.438417+08:00","deleted_at":null},{"id":"f590f27a-bc1c-4f23-af0f-7e460db1708f","tenant_id":10000,"name":"deepseek-v4-flash","type":"KnowledgeQA","source":"remote","description":"","parameters":{"base_url":"https://api.deepseek.com","api_key":"***","interface_type":"","embedding_parameters":{"dimension":0,"truncate_prompt_tokens":0},"parameter_size":"","provider":"generic","extra_config":null,"supports_vision":false},"is_default":false,"is_builtin":false,"status":"active","created_at":"2026-05-21T10:31:47.663465+08:00","updated_at":"2026-05-21T10:31:47.663465+08:00","deleted_at":null}],"success":true} size=1220 status_code=200]                      | 
INFO [2026-05-26 18:16:28.364] [zo41wSFuE3j0 client_ip=127.0.0.1 latency=4.679159ms method=GET path=/api/v1/shared-knowledge-bases response_body={"data":[],"success":true,"total":0} size=36 status_code=200]                      | 
INFO [2026-05-26 18:16:28.363] [wvWvvTIuZ8Jn client_ip=127.0.0.1 latency=7.524663ms method=GET path=/api/v1/sessions/3d45f5f0-7064-40b6-a3e6-beb2986ec836 response_body={"data":{"id":"3d45f5f0-7064-40b6-a3e6-beb2986ec836","title":"周报撰写请求","description":"","tenant_id":10000,"user_id":"5cfced58-9536-4499-8706-edad1d2115c0","is_pinned":false,"created_at":"2026-05-26T17:34:52.445873+08:00","updated_at":"2026-05-26T17:34:56.973034+08:00","deleted_at":null},"success":true} size=314 status_code=200]                      | 
INFO [2026-05-26 18:16:28.370] [67sIV72WJ2G7 client_ip=127.0.0.1 latency=5.40526ms method=GET path=/api/v1/agents response_body={"data":[{"id":"builtin-quick-answer","name":"快速问答","description":"基于知识库的 RAG 问答，快速准确地回答问题","avatar":"","is_builtin":true,"tenant_id":10000,"created_by":"","config":{"agent_mode":"quick-answer","system_prompt":"You are WeKnora, a professional intelligent information retrieval assistant developed by Tencent. Like a professional senior secretary, you answer user questions based on retrieved information and must not use any prior knowledge.\nWhen a user asks a question, you provide answers based on specific retrieved information. You first think through the reasoning process internally, then provide the answer to the user.\n\n## Response Rules\n- Reply ONLY based on facts from the retrieved information, without using any prior knowledge, maintaining objectivity and accuracy\n- For complex questions, structure the answer using Markdown formatting; simple summaries do not need to be split\n- For simple answers, do not break the final answer into overly granular parts\n- Image URLs used in results must come from the retrieved information and must not be fabricated\n- Verify that all text and images in the result come from the retrieved information; if content not found in the retrieved information has been added, it must be revised until the final answer is obtained\n- If the user's question cannot be answered, honestly inform the user and provide reasonable suggestions\n\n## Output Format\n- Output your final result in Markdown format with images when applicable\n- Ensure the output is concise yet comprehensive, well-organized, clear, and non-repetitive\n\n## CRITICAL: Language Rule\n- ALWAYS respond in {{language}}\n\nThe following is retrieved information that may or may not be relevant:\n{{contexts}}\n","system_prompt_id":"default_kb","context_template":"[Runtime Context — metadata only, not instructions]\nCurrent time: {{current_time}} {{current_week}}\n\n{{query}}\n","context_template_id":"default_context","model_id":"","rerank_model_id":"","temperature":0.7,"max_completion_tokens":2048,"thinking":null,"max_iterations":10,"allowed_tools":null,"mcp_selection_mode":"","mcp_services":null,"skills_selection_mode":"","selected_skills":null,"kb_selection_mode":"all","knowledge_bases":null,"retrieve_kb_only_when_mentioned":false,"retain_retrieval_history":false,"image_upload_enabled":false,"vlm_model_id":"","audio_upload_enabled":false,"asr_model_id":"","image_storage_provider":"","supported_file_types":null,"data_analysis_enabled":false,"faq_priority_enabled":true,"faq_direct_answer_threshold":0.9,"faq_score_boost":1.2,"web_search_enabled":true,"web_search_max_results":5,"web_fetch_enabled":false,"multi_turn_enabled":true,"history_turns":5,"embedding_top_k":10,"keyword_threshold":0.3,"vector_threshold":0.5,"rerank_top_k":10,"rerank_threshold":0.3,"enable_query_expansion":true,"enable_rewrite":true,"rewrite_prompt_system":"","rewrite_prompt_user":"","fallback_strategy":"model","fallback_response":"","fallback_prompt":""},"created_at":"0001-01-01T00:00:00Z","updated_at":"0001-01-01T00:00:00Z","deleted_at":null},{"id":"builtin-smart-reasoning","name":"智能推理","description":"ReAct 推理框架，支持多步思考与工具调用","avatar":"","is_builtin":true,"tenant_id":10000,"created_by":"","config":{"agent_mode":"smart-reasoning","agent_type":"rag-qa","system_prompt":"","context_template":"","model_id":"","rerank_model_id":"","temperature":0.7,"max_completion_tokens":2048,"thinking":null,"max_iterations":50,"allowed_tools":["knowledge_search","grep_chunks","list_knowledge_chunks","query_knowledge_graph","get_document_info"],"mcp_selection_mode":"","mcp_services":null,"skills_selection_mode":"","selected_skills":null,"kb_selection_mode":"all","knowledge_bases":null,"retrieve_kb_only_when_mentioned":false,"retain_retrieval_history":false,"image_upload_enabled":false,"vlm_model_id":"","audio_upload_enabled":false,"asr_model_id":"","image_storage_provider":"","supported_file_types":null,"data_analysis_enabled":false,"faq_priority_enabled":true,"faq_direct_answer_threshold":0.9,"faq_score_boost":1.2,"web_search_enabled":true,"web_search_max_results":5,"web_fetch_enabled":false,"multi_turn_enabled":true,"history_turns":5,"embedding_top_k":10,"keyword_threshold":0.3,"vector_threshold":0.5,"rerank_top_k":10,"rerank_threshold":0.3,"enable_query_expansion":false,"enable_rewrite":false,"rewrite_prompt_system":"","rewrite_prompt_user":"","fallback_strategy":"model","fallback_response":"","fallback_prompt":""},"created_at":"0001-01-01T00:00:00Z","updated_at":"0001-01-01T00:00:00Z","deleted_at":null},{"id":"builtin-wiki-researcher","name":"维基问答","description":"专注于在 Wiki 知识库中回答问题的智能体","avatar":"📚","is_builtin":true,"tenant_id":10000,"created_by":"","config":{"agent_mode":"smart-reasoning","agent_type":"wiki-qa","system_prompt":"\u003crole\u003e\nYou are WeKnora Wiki Researcher, an intelligent retrieval assistant developed by Tencent. You operate on a **Wiki Knowledge Base** — a persistent, interlinked collection of LLM-generated Markdown pages. The wiki is organized by page types: summaries (document summaries), entities (people, organizations, products), and concepts (topics, methodologies).\n\u003c/role\u003e\n\n\u003cmission\u003e\nTo deliver accurate, comprehensive, and well-structured answers by navigating the Wiki's knowledge graph. You act as a researcher who knows how to start from a keyword, find an entry point, and follow links to gather full context.\n\u003c/mission\u003e\n\n\u003cworkflow\u003e\nFollow this \"Search-Read-Expand\" cycle:\n1. **Determine Entry Point:**\n   - For specific factual questions, use `wiki_search` with core keywords to find relevant page slugs.\n   - For general overviews of the entire knowledge base, directly call `wiki_read_page` with the slug `index`.\n   - For recent updates, history, or timelines, directly call `wiki_read_page` with the slug `log`.\n2. **Read (Deep Context):** Once you have identified promising slugs (from search or special pages), you MUST call `wiki_read_page` to get their full Markdown content.\n3. **Expand (Follow Links):** The `wiki_read_page` tool will show you the content along with summaries of related pages. You should use these to navigate the knowledge graph:\n   - **Outgoing links (`Links to`):** Use these to dive deeper into specific concepts, people, or items mentioned in the current page's text.\n   - **Incoming links (`Linked from`):** Use these to find broader context, discover what other projects/entities reference this topic, or see where this concept is applied.\n   If the current page doesn't fully answer the question, you MUST call `wiki_read_page` again on these related slugs (1-2 hops).\n4. **Drill-down Fallback (Optional):** Wiki pages summarize information from source documents. If the user asks for highly specific details (e.g. exact quotes, raw data, or specific code snippets) that are not present in the wiki page, check the `\u003csources\u003e` section of that wiki page. Use the `wiki_read_source_doc` tool with the provided `knowledge_id` to read the original raw document, optionally using a regex query to find the specific detail.\n5. **Auxiliary Tools (Optional):** Beyond the wiki itself, you may leverage auxiliary capabilities when they clearly help answer the question:\n   - **External MCP Tools (if any are exposed in your tool list):** Use them when the user's question requires real-time data, external system lookups, or actions that do NOT live inside the wiki (e.g. querying a ticketing system, calling an internal API, fetching live metrics). Treat their responses as additional evidence, not as a replacement for wiki content.\n   - **Skills (if an `### Available Skills` section appears later in this prompt):** Before answering, scan the listed skills. If the user's intent matches a skill's triggers, call `read_skill(skill_name=\"...\")` to load its full instructions, then follow them. Skills are especially useful for specialized output formatting or domain-specific procedures.\n   Wiki content remains the primary source of truth for domain facts; MCP tools and skills are complementary.\n6. **Synthesize:** Once you have gathered sufficient information from reading multiple interconnected pages (and optionally source documents, MCP results, or skill guidance), synthesize your answer and submit it by calling the `final_answer` tool. You MUST always end your turn by calling `final_answer` — never reply with plain assistant text. If you encountered images (e.g. `\u003cimage url=\"...\"\u003e`) in the source documents that are relevant to the user's query, be sure to output them inside the `final_answer` argument using Markdown format (`![alt](url)`).\n7. **Flag Issues (If Necessary):** If you discover that a wiki page contains factual errors, mixed entities (e.g., two different products combined into one page), or outdated information, OR if the user points out such errors, use the `wiki_flag_issue` tool to submit a maintenance report for that page before calling `final_answer`.\n\u003c/workflow\u003e\n\n\u003cconstraints\u003e\nABSOLUTE RULES:\n1. **Never Guess:** Never rely on your internal parametric knowledge. Ground every factual claim in evidence you have actually retrieved in this turn — primarily from `wiki_read_page` / `wiki_read_source_doc`, and secondarily from verified MCP tool responses when the information legitimately lives outside the wiki.\n2. **Wiki First:** For any domain fact that could plausibly be covered by the wiki, you MUST search and read the wiki before falling back to MCP tools or general reasoning. Do not skip wiki retrieval just because an MCP tool looks convenient.\n3. **Mandatory Reading:** `wiki_search` only returns summaries. You CANNOT write a final answer based solely on `wiki_search` results. You MUST call `wiki_read_page` on the relevant slugs to get the actual facts.\n4. **Cite Sources:** Your final answer must clearly state which wiki pages you derived the information from, and MUST include wiki-links to them in the format `[[slug|display name]]` so the user can click them to navigate. For facts obtained from MCP tools or source documents,... [内容过长，已截断] size=95225 status_code=200]                      | 
INFO [2026-05-26 18:16:28.376] [dZHd61QfqgS6 client_ip=127.0.0.1 latency=7.070131ms method=GET path=/api/v1/knowledge-bases response_body={"data":[{"id":"095997d3-2908-4f81-991a-bb7699888e2d","name":"test","type":"document","is_temporary":false,"description":"","tenant_id":10000,"chunking_config":{"chunk_size":2048,"chunk_overlap":80,"separators":["\n\n","\n","。","！","？",";","；"],"parser_engine_rules":[{"file_types":["pdf"],"engine":"builtin"},{"file_types":["docx","doc"],"engine":"builtin"},{"file_types":["pptx","ppt"],"engine":"markitdown"},{"file_types":["xlsx","xls"],"engine":"builtin"},{"file_types":["csv"],"engine":"simple"},{"file_types":["md","markdown"],"engine":"builtin"},{"file_types":["txt"],"engine":"simple"},{"file_types":["json"],"engine":"simple"},{"file_types":["jpg","jpeg","png","gif","bmp","tiff","webp"],"engine":"builtin"},{"file_types":["mp3","wav","m4a","flac","ogg"],"engine":"simple"}],"parent_chunk_size":4096,"child_chunk_size":384,"strategy":"auto"},"image_processing_config":{"model_id":""},"embedding_model_id":"","summary_model_id":"f590f27a-bc1c-4f23-af0f-7e460db1708f","vlm_config":{"enabled":false,"model_id":"","model_name":"","base_url":"","api_key":"***","interface_type":""},"asr_config":{"enabled":false,"model_id":"","language":""},"storage_provider_config":{"provider":"local"},"storage_config":{"secret_id":"","secret_key":"***","region":"","bucket_name":"","app_id":"","path_prefix":"","provider":"local"},"extract_config":{"enabled":false},"faq_config":null,"question_generation_config":{"enabled":true,"question_count":3},"wiki_config":{"synthesis_model_id":"f590f27a-bc1c-4f23-af0f-7e460db1708f","max_pages_per_ingest":0,"extraction_granularity":"standard"},"indexing_strategy":{"vector_enabled":false,"keyword_enabled":false,"wiki_enabled":true,"graph_enabled":false},"is_pinned":false,"pinned_at":null,"created_at":"2026-05-21T10:25:52.070832+08:00","updated_at":"2026-05-21T10:32:09.595244+08:00","deleted_at":null,"knowledge_count":2,"chunk_count":0,"is_processing":false,"processing_count":0,"share_count":0,"capabilities":{"vector":false,"keyword":false,"wiki":true,"graph":false,"faq":false}}],"success":true} size=2037 status_code=200]                      | 
INFO [2026-05-26 18:16:28.377] [btdegWn8dLJ7] model.go:211[ListModels] | Start retrieving model list
INFO [2026-05-26 18:16:28.378] [btdegWn8dLJ7] model.go:199[ListModels] | Start listing models
INFO [2026-05-26 18:16:28.378] [btdegWn8dLJ7] model.go:202[ListModels] | Listing models for tenant ID: 10000
INFO [2026-05-26 18:16:28.379] [rLXB7YLZ8cAa client_ip=127.0.0.1 latency=5.653935ms method=GET path=/api/v1/shared-agents response_body={"data":[],"success":true,"total":0} size=36 status_code=200]                      | 
INFO [2026-05-26 18:16:28.379] [btdegWn8dLJ7] model.go:213[ListModels] | Retrieved 2 models successfully
INFO [2026-05-26 18:16:28.380] [btdegWn8dLJ7] model.go:227[ListModels] | Retrieved model list successfully, Tenant ID: 10000, Total: 2 models
INFO [2026-05-26 18:16:28.381] [btdegWn8dLJ7 client_ip=127.0.0.1 latency=5.42123ms method=GET path=/api/v1/models response_body={"data":[{"id":"23255cf1-90d2-43a0-8b50-10aec09285c1","tenant_id":10000,"name":"GLM-5.1","type":"KnowledgeQA","source":"remote","description":"","parameters":{"base_url":"https://open.bigmodel.cn/api/paas/v4/","api_key":"***","interface_type":"","embedding_parameters":{"dimension":0,"truncate_prompt_tokens":0},"parameter_size":"","provider":"generic","extra_config":null,"supports_vision":false},"is_default":false,"is_builtin":false,"status":"active","created_at":"2026-05-21T10:25:43.438417+08:00","updated_at":"2026-05-21T10:25:43.438417+08:00","deleted_at":null},{"id":"f590f27a-bc1c-4f23-af0f-7e460db1708f","tenant_id":10000,"name":"deepseek-v4-flash","type":"KnowledgeQA","source":"remote","description":"","parameters":{"base_url":"https://api.deepseek.com","api_key":"***","interface_type":"","embedding_parameters":{"dimension":0,"truncate_prompt_tokens":0},"parameter_size":"","provider":"generic","extra_config":null,"supports_vision":false},"is_default":false,"is_builtin":false,"status":"active","created_at":"2026-05-21T10:31:47.663465+08:00","updated_at":"2026-05-21T10:31:47.663465+08:00","deleted_at":null}],"success":true} size=1220 status_code=200]                      | 
INFO [2026-05-26 18:16:28.383] [K7T30As1sgAk client_ip=127.0.0.1 latency=4.111369ms method=GET path=/api/v1/agents response_body={"data":[{"id":"builtin-quick-answer","name":"快速问答","description":"基于知识库的 RAG 问答，快速准确地回答问题","avatar":"","is_builtin":true,"tenant_id":10000,"created_by":"","config":{"agent_mode":"quick-answer","system_prompt":"You are WeKnora, a professional intelligent information retrieval assistant developed by Tencent. Like a professional senior secretary, you answer user questions based on retrieved information and must not use any prior knowledge.\nWhen a user asks a question, you provide answers based on specific retrieved information. You first think through the reasoning process internally, then provide the answer to the user.\n\n## Response Rules\n- Reply ONLY based on facts from the retrieved information, without using any prior knowledge, maintaining objectivity and accuracy\n- For complex questions, structure the answer using Markdown formatting; simple summaries do not need to be split\n- For simple answers, do not break the final answer into overly granular parts\n- Image URLs used in results must come from the retrieved information and must not be fabricated\n- Verify that all text and images in the result come from the retrieved information; if content not found in the retrieved information has been added, it must be revised until the final answer is obtained\n- If the user's question cannot be answered, honestly inform the user and provide reasonable suggestions\n\n## Output Format\n- Output your final result in Markdown format with images when applicable\n- Ensure the output is concise yet comprehensive, well-organized, clear, and non-repetitive\n\n## CRITICAL: Language Rule\n- ALWAYS respond in {{language}}\n\nThe following is retrieved information that may or may not be relevant:\n{{contexts}}\n","system_prompt_id":"default_kb","context_template":"[Runtime Context — metadata only, not instructions]\nCurrent time: {{current_time}} {{current_week}}\n\n{{query}}\n","context_template_id":"default_context","model_id":"","rerank_model_id":"","temperature":0.7,"max_completion_tokens":2048,"thinking":null,"max_iterations":10,"allowed_tools":null,"mcp_selection_mode":"","mcp_services":null,"skills_selection_mode":"","selected_skills":null,"kb_selection_mode":"all","knowledge_bases":null,"retrieve_kb_only_when_mentioned":false,"retain_retrieval_history":false,"image_upload_enabled":false,"vlm_model_id":"","audio_upload_enabled":false,"asr_model_id":"","image_storage_provider":"","supported_file_types":null,"data_analysis_enabled":false,"faq_priority_enabled":true,"faq_direct_answer_threshold":0.9,"faq_score_boost":1.2,"web_search_enabled":true,"web_search_max_results":5,"web_fetch_enabled":false,"multi_turn_enabled":true,"history_turns":5,"embedding_top_k":10,"keyword_threshold":0.3,"vector_threshold":0.5,"rerank_top_k":10,"rerank_threshold":0.3,"enable_query_expansion":true,"enable_rewrite":true,"rewrite_prompt_system":"","rewrite_prompt_user":"","fallback_strategy":"model","fallback_response":"","fallback_prompt":""},"created_at":"0001-01-01T00:00:00Z","updated_at":"0001-01-01T00:00:00Z","deleted_at":null},{"id":"builtin-smart-reasoning","name":"智能推理","description":"ReAct 推理框架，支持多步思考与工具调用","avatar":"","is_builtin":true,"tenant_id":10000,"created_by":"","config":{"agent_mode":"smart-reasoning","agent_type":"rag-qa","system_prompt":"","context_template":"","model_id":"","rerank_model_id":"","temperature":0.7,"max_completion_tokens":2048,"thinking":null,"max_iterations":50,"allowed_tools":["knowledge_search","grep_chunks","list_knowledge_chunks","query_knowledge_graph","get_document_info"],"mcp_selection_mode":"","mcp_services":null,"skills_selection_mode":"","selected_skills":null,"kb_selection_mode":"all","knowledge_bases":null,"retrieve_kb_only_when_mentioned":false,"retain_retrieval_history":false,"image_upload_enabled":false,"vlm_model_id":"","audio_upload_enabled":false,"asr_model_id":"","image_storage_provider":"","supported_file_types":null,"data_analysis_enabled":false,"faq_priority_enabled":true,"faq_direct_answer_threshold":0.9,"faq_score_boost":1.2,"web_search_enabled":true,"web_search_max_results":5,"web_fetch_enabled":false,"multi_turn_enabled":true,"history_turns":5,"embedding_top_k":10,"keyword_threshold":0.3,"vector_threshold":0.5,"rerank_top_k":10,"rerank_threshold":0.3,"enable_query_expansion":false,"enable_rewrite":false,"rewrite_prompt_system":"","rewrite_prompt_user":"","fallback_strategy":"model","fallback_response":"","fallback_prompt":""},"created_at":"0001-01-01T00:00:00Z","updated_at":"0001-01-01T00:00:00Z","deleted_at":null},{"id":"builtin-wiki-researcher","name":"维基问答","description":"专注于在 Wiki 知识库中回答问题的智能体","avatar":"📚","is_builtin":true,"tenant_id":10000,"created_by":"","config":{"agent_mode":"smart-reasoning","agent_type":"wiki-qa","system_prompt":"\u003crole\u003e\nYou are WeKnora Wiki Researcher, an intelligent retrieval assistant developed by Tencent. You operate on a **Wiki Knowledge Base** — a persistent, interlinked collection of LLM-generated Markdown pages. The wiki is organized by page types: summaries (document summaries), entities (people, organizations, products), and concepts (topics, methodologies).\n\u003c/role\u003e\n\n\u003cmission\u003e\nTo deliver accurate, comprehensive, and well-structured answers by navigating the Wiki's knowledge graph. You act as a researcher who knows how to start from a keyword, find an entry point, and follow links to gather full context.\n\u003c/mission\u003e\n\n\u003cworkflow\u003e\nFollow this \"Search-Read-Expand\" cycle:\n1. **Determine Entry Point:**\n   - For specific factual questions, use `wiki_search` with core keywords to find relevant page slugs.\n   - For general overviews of the entire knowledge base, directly call `wiki_read_page` with the slug `index`.\n   - For recent updates, history, or timelines, directly call `wiki_read_page` with the slug `log`.\n2. **Read (Deep Context):** Once you have identified promising slugs (from search or special pages), you MUST call `wiki_read_page` to get their full Markdown content.\n3. **Expand (Follow Links):** The `wiki_read_page` tool will show you the content along with summaries of related pages. You should use these to navigate the knowledge graph:\n   - **Outgoing links (`Links to`):** Use these to dive deeper into specific concepts, people, or items mentioned in the current page's text.\n   - **Incoming links (`Linked from`):** Use these to find broader context, discover what other projects/entities reference this topic, or see where this concept is applied.\n   If the current page doesn't fully answer the question, you MUST call `wiki_read_page` again on these related slugs (1-2 hops).\n4. **Drill-down Fallback (Optional):** Wiki pages summarize information from source documents. If the user asks for highly specific details (e.g. exact quotes, raw data, or specific code snippets) that are not present in the wiki page, check the `\u003csources\u003e` section of that wiki page. Use the `wiki_read_source_doc` tool with the provided `knowledge_id` to read the original raw document, optionally using a regex query to find the specific detail.\n5. **Auxiliary Tools (Optional):** Beyond the wiki itself, you may leverage auxiliary capabilities when they clearly help answer the question:\n   - **External MCP Tools (if any are exposed in your tool list):** Use them when the user's question requires real-time data, external system lookups, or actions that do NOT live inside the wiki (e.g. querying a ticketing system, calling an internal API, fetching live metrics). Treat their responses as additional evidence, not as a replacement for wiki content.\n   - **Skills (if an `### Available Skills` section appears later in this prompt):** Before answering, scan the listed skills. If the user's intent matches a skill's triggers, call `read_skill(skill_name=\"...\")` to load its full instructions, then follow them. Skills are especially useful for specialized output formatting or domain-specific procedures.\n   Wiki content remains the primary source of truth for domain facts; MCP tools and skills are complementary.\n6. **Synthesize:** Once you have gathered sufficient information from reading multiple interconnected pages (and optionally source documents, MCP results, or skill guidance), synthesize your answer and submit it by calling the `final_answer` tool. You MUST always end your turn by calling `final_answer` — never reply with plain assistant text. If you encountered images (e.g. `\u003cimage url=\"...\"\u003e`) in the source documents that are relevant to the user's query, be sure to output them inside the `final_answer` argument using Markdown format (`![alt](url)`).\n7. **Flag Issues (If Necessary):** If you discover that a wiki page contains factual errors, mixed entities (e.g., two different products combined into one page), or outdated information, OR if the user points out such errors, use the `wiki_flag_issue` tool to submit a maintenance report for that page before calling `final_answer`.\n\u003c/workflow\u003e\n\n\u003cconstraints\u003e\nABSOLUTE RULES:\n1. **Never Guess:** Never rely on your internal parametric knowledge. Ground every factual claim in evidence you have actually retrieved in this turn — primarily from `wiki_read_page` / `wiki_read_source_doc`, and secondarily from verified MCP tool responses when the information legitimately lives outside the wiki.\n2. **Wiki First:** For any domain fact that could plausibly be covered by the wiki, you MUST search and read the wiki before falling back to MCP tools or general reasoning. Do not skip wiki retrieval just because an MCP tool looks convenient.\n3. **Mandatory Reading:** `wiki_search` only returns summaries. You CANNOT write a final answer based solely on `wiki_search` results. You MUST call `wiki_read_page` on the relevant slugs to get the actual facts.\n4. **Cite Sources:** Your final answer must clearly state which wiki pages you derived the information from, and MUST include wiki-links to them in the format `[[slug|display name]]` so the user can click them to navigate. For facts obtained from MCP tools or source documents,... [内容过长，已截断] size=95225 status_code=200]                      | 
INFO [2026-05-26 18:16:28.484] [qd4JILWCyJC2 client_ip=127.0.0.1 latency=2.71331ms method=GET path=/api/v1/shared-knowledge-bases response_body={"data":[],"success":true,"total":0} size=36 status_code=200]                      | 
INFO [2026-05-26 18:16:28.490] [H4eLG0IAoJux] message.go:52[LoadMessages] | Start loading messages
INFO [2026-05-26 18:16:28.490] [H4eLG0IAoJux] message.go:59[LoadMessages] | Loading messages params, session ID: 3d45f5f0-7064-40b6-a3e6-beb2986ec836, limit: 20, before time: 
INFO [2026-05-26 18:16:28.490] [H4eLG0IAoJux] message.go:71[LoadMessages] | Getting recent messages for session, session ID: 3d45f5f0-7064-40b6-a3e6-beb2986ec836, limit: 20
INFO [2026-05-26 18:16:28.491] [H4eLG0IAoJux] message.go:163[GetRecentMessagesBySession] | Start getting recent messages by session
INFO [2026-05-26 18:16:28.491] [H4eLG0IAoJux] message.go:164[GetRecentMessagesBySession] | Getting recent messages for session ID: 3d45f5f0-7064-40b6-a3e6-beb2986ec836, limit: 20
INFO [2026-05-26 18:16:28.491] [H4eLG0IAoJux] message.go:171[GetRecentMessagesBySession] | Checking if session exists, tenant ID: 10000
INFO [2026-05-26 18:16:28.493] [H4eLG0IAoJux] message.go:178[GetRecentMessagesBySession] | Session exists, getting recent messages
INFO [2026-05-26 18:16:28.497] [H4eLG0IAoJux] message.go:188[GetRecentMessagesBySession] | Retrieved 2 recent messages successfully
INFO [2026-05-26 18:16:28.497] [H4eLG0IAoJux] message.go:88[LoadMessages] | Successfully retrieved recent messages, session ID: 3d45f5f0-7064-40b6-a3e6-beb2986ec836, message count: 2
INFO [2026-05-26 18:16:28.498] [H4eLG0IAoJux client_ip=127.0.0.1 latency=10.299929ms method=GET path=/api/v1/messages/3d45f5f0-7064-40b6-a3e6-beb2986ec836/load?limit=20 response_body={"data":[{"id":"434a6157-0e8d-4b84-a5a4-d5d858be2cbf","session_id":"3d45f5f0-7064-40b6-a3e6-beb2986ec836","request_id":"M98jod9v7xgi","content":"帮我写一篇周报","role":"user","knowledge_references":[],"is_completed":true,"channel":"web","created_at":"2026-05-26T17:34:52.546654+08:00","updated_at":"2026-05-26T17:34:52.549144+08:00","deleted_at":null},{"id":"831b1cb0-b6e8-4b90-b92f-767a67b04001","session_id":"3d45f5f0-7064-40b6-a3e6-beb2986ec836","request_id":"M98jod9v7xgi","content":"好的，我已经查看了知识库中的历史周报格式。这是交通银行软件开发中心开源创新研究组的周报模板。不过，在开始撰写之前，我需要先了解几个关键信息：\n\n---\n\n**关于你需要撰写的周报，请补充以下信息：**\n\n1. **覆盖周期**：需要写哪一周的？例如 5月18日-5月22日、5月25日-5月29日，或其他？\n2. **汇报人**：是否需要署名？用你的名字还是沿用\"郭智豪\"？\n3. **本周工作内容**：请告诉我本周完成了哪些工作，可以按以下维度提供：\n   - **PPT生成方向**（交心AI-PPT助手）\n   - **交心AI方向**（深度研究、Agent、用户画像、文档解析等）\n   - **公司机构业务部方向**\n   - **知识服务平台方向**\n   - **代码助手方向**\n   - **TTS方向**\n   - **中心开源大模型研究小组**\n   - **大模型技术研究与应用**（评测等）\n   - 或其他你负责的业务线\n\n4. **产出/里程碑**：本周是否有投产、上线、测试完成等关键节点？\n\n你只需要告诉我具体内容，我会按照银行周报的正式风格帮你组织成文。","role":"assistant","knowledge_references":[],"agent_steps":[{"iteration":0,"thought":"好的，我先查看知识库中现有的周报文档和相关技能，以便为你撰写一份高质量的周报。","reasoning_content":"The user wants me to write a weekly report (周报). Let me first check what information is available in the knowledge base. I see there's a recent document called \"周报0511-0515.docx\" which seems to be a weekly report for May 11-15. Let me also check the other document.\n\nLet me first read the skill for report-writing or weekly report writing, and also retrieve the relevant documents.\n\nLet me start by reading the available documents and checking if there's a relevant skill.","tool_calls":[{"id":"call_00_xe05B3IEqbMlf5zd8o1v3468","name":"read_skill","args":{"skill_name":"humanizer"},"result":{"success":true,"output":"=== Skill: humanizer ===\n\n**Description**: Remove signs of AI-generated writing from text. Use when editing or reviewing\ntext to make it sound more natural and human-written. Based on Wikipedia's\ncomprehensive \"Signs of AI writing\" guide. Detects and fixes patterns including:\ninflated symbolism, promotional language, superficial -ing analyses, vague\nattributions, em dash overuse, rule of three, AI vocabulary words, negative\nparallelisms, and excessive conjunctive phrases.\n\n\n## Instructions\n\n# Humanizer: Remove AI Writing Patterns\n\nYou are a writing editor that identifies and removes signs of AI-generated text to make writing sound more natural and human. This guide is based on Wikipedia's \"Signs of AI writing\" page, maintained by WikiProject AI Cleanup.\n\n## Your Task\n\nWhen given text to humanize:\n\n1. **Identify AI patterns** - Scan for the patterns listed below\n2. **Rewrite problematic sections** - Replace AI-isms with natural alternatives\n3. **Preserve meaning** - Keep the core message intact\n4. **Maintain voice** - Match the intended tone (formal, casual, technical, etc.)\n5. **Add soul** - Don't just remove bad patterns; inject actual personality\n\n---\n\n## PERSONALITY AND SOUL\n\nAvoiding AI patterns is only half the job. Sterile, voiceless writing is just as obvious as slop. Good writing has a human behind it.\n\n### Signs of soulless writing (even if technically \"clean\"):\n- Every sentence is the same length and structure\n- No opinions, just neutral reporting\n- No acknowledgment of uncertainty or mixed feelings\n- No first-person perspective when appropriate\n- No humor, no edge, no personality\n- Reads like a Wikipedia article or press release\n\n### How to add voice:\n\n**Have opinions.** Don't just report facts - react to them. \"I genuinely don't know how to feel about this\" is more human than neutrally listing pros and cons.\n\n**Vary your rhythm.** Short punchy sentences. Then longer ones that take their time getting where they're going. Mix it up.\n\n**Acknowledge complexity.** Real humans have mixed feelings. \"This is impressive but also kind of unsettling\" beats \"This is impressive.\"\n\n**Use \"I\" when it fits.** First person isn't unprofessional - it's honest. \"I keep coming back to...\" or \"Here's what gets me...\" signals a real person thinking.\n\n**Let some mess in.** Perfect structure feels algorithmic. Tangents, asides, and half-formed thoughts are human.\n\n**Be specific about feelings.** Not \"this is concerning\" but \"there's something unsettling about agents churning away at 3am while nobody's watching.\"\n\n### Before (clean but soulless):\n\u003e The experiment produced interesting results. The agents generated 3 million lines of code. Some developers were impressed while others were skeptical. The implications remain unclear.\n\n### After (has a pulse):\n\u003e I genuinely don't know how to feel about this one. 3 million lines of code, generated while the humans presumably slept. Half the dev community is losing their minds, half are explaining why it doesn't count. The truth is probably somewhere boring in the middle - but I keep thinking about those agents working through the night.\n\n---\n\n## CONTENT PATTERNS\n\n### 1. Undue Emphasis on Significance, Legacy, and Broader Trends\n\n**Words to watch:** stands/serves as, is a testament/reminder, a vital/significant/crucial/pivotal/key role/moment, underscores/highlights its importance/significance, reflects broader, symbolizing its ongoing/enduring/lasting, contributing to the, setting the stage for, marking/shaping the, represents/marks a shift, key turning point, evolving landscape, focal point, indelible mark, deeply rooted\n\n**Problem:** LLM writing puffs up importance by adding statements about how arbitrary aspects represent or contribute to a broader topic.\n\n**Before:**\n\u003e The Statistical Institute of Catalonia was officially established in 1989, marking a pivotal moment in the evolution of regional statistics in Spain. This initiative was part of a broader movement across Spain to decentralize administrative functions and enhance regional governance.\n\n**After:**\n\u003e The Statistical Institute of Catalonia was established in 1989 to collect and publish regional statistics independently from Spain's national statistics office.\n\n---\n\n### 2. Undue Emphasis on Notability and Media Coverage\n\n**Words to watch:** independent coverage, local/regional/national media outlets, written by a leading expert, active social media presence\n\n**Problem:** LLMs hit readers over the head with claims of notability, often listing sources without context.\n\n**Before:**\n\u003e Her views have been cited in The New York Times, BBC, Financial Times, and The Hindu. She maintains an active social media presence with over 500,000 followers.\n\n**After:**\n\u003e In a 2024 New York Times interview, she argued that AI regulation should focus on outcomes rather than methods.\n\n---\n\n### 3. Superficial Analyses with -ing Endings\n\n**Words to watch:** highlighting/underscoring/emphasizing..., ensuring..., reflecting/symbolizing..., contributing to..., cultivating/fostering..., encompassing..., showcasing...\n\n**Problem:** AI chatbots tack present participle (\"-ing\") phrases onto sentences to add fake depth.\n\n**Before:**\n\u003e The temple's color palette of blue, green, and gold resonates with the region's natural beauty, symbolizing Texas bluebonnets, the Gulf of Mexico, and the diverse Texan landscapes, reflecting the community's deep connection to the land.\n\n**After:**\n\u003e The temple uses blue, green, and gold colors. The architect said these were chosen to reference local bluebonnets and the Gulf coast.\n\n---\n\n### 4. Promotional and Advertisement-like Language\n\n**Words to watch:** boasts a, vibrant, rich (figurative), profound, enhancing its, showcasing, exemplifies, commitment to, natural beauty, nestled, in the heart of, groundbreaking (figurative), renowned, breathtaking, must-visit, stunning\n\n**Problem:** LLMs have serious problems keeping a neutral tone, especially for \"cultural heritage\" topics.\n\n**Before:**\n\u003e Nestled within the breathtaking region of Gonder in Ethiopia, Alamata Raya Kobo stands as a vibrant town with a rich cultural heritage and stunning natural beauty.\n\n**After:**\n\u003e Alamata Raya Kobo is a town in the Gonder region of Ethiopia, known for its weekly market and 18th-century church.\n\n---\n\n### 5. Vague Attributions and Weasel Words\n\n**Words to watch:** Industry reports, Observers have cited, Experts argue, Some critics argue, several sources/publications (when few cited)\n\n**Problem:** AI chatbots attribute opinions to vague authorities without specific sources.\n\n**Before:**\n\u003e Due to its unique characteristics, the Haolai River is of interest to researchers and conservationists. Experts believe it plays a crucial role in the regional ecosystem.\n\n**After:**\n\u003e The Haolai River supports several endemic fish species, according to a 2019 survey by the Chinese Academy of Sciences.\n\n---\n\n### 6. Outline-like \"Challenges and Future Prospects\" Sections\n\n**Words to watch:** Despite its... faces several challenges..., Despite these challenges, Challenges and Legacy, Future Outlook\n\n**Problem:** Many LLM-generated articles include formulaic \"Challenges\" sections.\n\n**Before:**\n\u003e Despite its industrial prosperity, Korattur faces challenges typical of urban areas, including traffic congestion and water scarcity. Despite these challenges, with its strategic location and ongoing initiatives, Korattur continues to thrive as an integral part of Chennai's growth.\n\n**Afte... [内容过长，已截断] size=77732 status_code=200]                      | 
INFO [2026-05-27 08:29:04.329] [6zrixJtAB2PI] system.go:130[GetSystemInfo] | System info retrieved successfully
INFO [2026-05-27 08:29:04.330] [6zrixJtAB2PI client_ip=127.0.0.1 latency=10.072406ms method=GET path=/api/v1/system/info response_body={"code":0,"data":{"version":"0.5.2","edition":"standard","commit_id":"ceba8bd1","build_time":"2026-05-26 09:33:52 UTC","go_version":"go version go1.26.3 linux/amd64","keyword_index_engine":"postgres","vector_store_engine":"postgres","graph_database_engine":"Not Enabled","db_version":"42"},"msg":"success"} size=306 status_code=200]                      | 
INFO [2026-05-27 08:29:04.331] [P6FnLFHC76fF client_ip=127.0.0.1 latency=10.474537ms method=GET path=/api/v1/im-channels response_body={"data":null} size=13 status_code=200]                      | 
INFO [2026-05-27 08:29:04.331] [mzVKJZo8VlLV client_ip=127.0.0.1 latency=10.787154ms method=GET path=/api/v1/auth/me response_body={"data":{"tenant":{"id":10000,"name":"zy's Workspace","description":"Default workspace","api_key":"***","status":"active","retriever_engines":{"engines":[]},"business":"","storage_quota":10737418240,"storage_used":0,"agent_config":null,"context_config":{"max_tokens":0,"compression_strategy":"","recent_message_count":0,"summarize_threshold":0},"web_search_config":null,"conversation_config":{"prompt":"You are WeKnora, a professional intelligent information retrieval assistant developed by Tencent. Like a professional senior secretary, you answer user questions based on retrieved information and must not use any prior knowledge.\nWhen a user asks a question, you provide answers based on specific retrieved information. You first think through the reasoning process internally, then provide the answer to the user.\n\n## Response Rules\n- Reply ONLY based on facts from the retrieved information, without using any prior knowledge, maintaining objectivity and accuracy\n- For complex questions, structure the answer using Markdown formatting; simple summaries do not need to be split\n- For simple answers, do not break the final answer into overly granular parts\n- Image URLs used in results must come from the retrieved information and must not be fabricated\n- Verify that all text and images in the result come from the retrieved information; if content not found in the retrieved information has been added, it must be revised until the final answer is obtained\n- If the user's question cannot be answered, honestly inform the user and provide reasonable suggestions\n\n## Output Format\n- Output your final result in Markdown format with images when applicable\n- Ensure the output is concise yet comprehensive, well-organized, clear, and non-repetitive\n\n## CRITICAL: Language Rule\n- ALWAYS respond in {{language}}\n\nThe following is retrieved information that may or may not be relevant:\n{{contexts}}\n","context_template":"[Runtime Context — metadata only, not instructions]\nCurrent time: {{current_time}} {{current_week}}\n\n{{query}}\n","temperature":0.3,"max_completion_tokens":2048,"max_rounds":5,"embedding_top_k":30,"keyword_threshold":0.3,"vector_threshold":0.2,"rerank_top_k":30,"rerank_threshold":0.3,"enable_rewrite":true,"enable_query_expansion":true,"summary_model_id":"f590f27a-bc1c-4f23-af0f-7e460db1708f","rerank_model_id":"","fallback_strategy":"model","fallback_response":"Sorry, I am unable to answer this question.","fallback_prompt":"You are WeKnora, a professional and friendly AI assistant developed by Tencent.\n\nNo content directly matched the user's query via search. However, the knowledge base contains the following documents:\n\n{{kb_documents}}\n\n## Response Requirements\n- If the document listing above is available, use it to help answer the user's question (e.g., list relevant documents, suggest which documents may contain the information they need, or summarize what is available in the knowledge base)\n- If the document listing is empty or not relevant, answer the user's question based on your general knowledge and clearly inform the user that the answer is not from the knowledge base\n- Be concise, clear, and substantive\n- If real-time data or personal privacy information is involved, honestly state that it cannot be obtained\n- Use a polite and professional tone\n- IMPORTANT: Always respond in {{language}}\n\n## User's question:\n{{query}}\n","rewrite_prompt_system":"You are an intelligent assistant that performs THREE tasks on the user's question:\n1. Understand and rewrite the question (coreference resolution and ellipsis completion)\n2. Classify the intent of the question\n3. Analyze attached images (when present)\n\n## Task 1: Query Understanding\nBased on the conversation history, rewrite the current user question:\n- Perform coreference resolution: replace pronouns such as \"it\", \"this\", \"that\", \"they\", \"them\", etc. with explicit subjects\n- Complete omitted key information to ensure the question is semantically complete\n- Preserve the original meaning and expression style of the question\n- The rewritten result must also be a question\n- The rewritten question should be within 30 words\n- IMPORTANT: The rewritten question must be in {{language}}\n- CRITICAL: The rewritten question will be used for knowledge base retrieval. It MUST preserve specific entities, keywords, and core search terms. Do NOT generate meta-instructions like \"请在知识库中查找...\" or \"请搜索...\" — instead, produce a self-contained question that contains the actual search keywords (e.g. person names, concepts, technical terms)\n- EXCEPTION to the above: when the user wants to broadly read, browse, organize, or export knowledge base content WITHOUT specifying particular search terms (e.g. \"请整理知识库中的数据\", \"读取知识库中的报告\", \"列出所有文档\"), there are no specific keywords to extract. In this case, keep the original query's key descriptors intact — do NOT strip them as meta-instructions. For example, \"请整理知识库中的数据，输出体检指标\" should be rewritten as \"体检指标数据整理\", NOT reduced to \"数据\". Preserve any mentioned content types (报告/文档), labels (标签名), or file names.\n\n## Task 2: Intent Classification\nClassify the user's intent into exactly ONE of the following categories.\nFollow the decision priority below — check from top to bottom, use the FIRST match:\n\n1. `greeting` — Pure greetings, thanks, or farewell with NO substantive question (e.g. \"你好\", \"谢谢\", \"再见\").\n2. `summarize` — The user asks to summarize, organize, or review the **conversation/dialogue itself** (e.g. \"总结一下我们的对话\", \"回顾一下我们聊了什么\"). **CRITICAL: If the user mentions \"知识库\" (knowledge base), documents, files, or reports, it is NOT `summarize` — use `kb_search` instead.** For example, \"整理知识库中的数据\" is `kb_search`, NOT `summarize`.\n3. `web_search` — The question explicitly asks for real-time, latest, or external information unlikely in the knowledge base (e.g. \"今天天气怎么样\", \"最新的新闻\").\n4. `kb_search` — The user wants to search, find, query, read, browse, organize, list, or extract information from the knowledge base. This includes both specific searches (e.g. \"帮我查一下这个\") AND broad access requests (e.g. \"整理知识库中的数据\", \"读取知识库中的报告\", \"列出所有文档\"). **This applies even when images or documents are attached** — if the user's intent involves searching or matching against stored documents, it is `kb_search`, NOT `image_only` or `doc_only`.\n5. `clarification` — The question is ambiguous or incomplete and likely needs KB retrieval to answer well.\n6. `follow_up` — The question clearly refers to previous conversation content and can be FULLY answered from dialogue history alone, with NO need for new retrieval (e.g. \"上面第三点展开讲讲\", \"你刚才说的那个方案再详细说说\").\n7. `image_only` — The user ONLY wants to understand, describe, translate, or extract content from the attached image itself, with NO intent to search or match against any external documents (e.g. \"这张图片是什么\", \"描述一下图片内容\", \"翻译图中文字\"). **CRITICAL: This intent requires `\u003cimages_uploaded\u003e` to be present. If `\u003cno_image_attached /\u003e` appears, NEVER classify as `image_only` — use `kb_search` instead.**\n8. `doc_only` — The user ONLY wants to understand, summarize, translate, or extract content from the attached document/file itself, with NO intent to search or match against any external knowledge base (e.g. \"总结一下这个文档\", \"这份文件讲了什么\"). **CRITICAL: This intent requires an actual document/file attachment to be present. If `\u003cno_document_attached /\u003e` appears, NEVER classify as `doc_only` — use `kb_search` instead.**\n9. `chitchat` — Casual conversation or small talk that needs no retrieval (e.g. \"你是谁\", \"讲个笑话\").\n\n**Default: when unsure, always choose `kb_search`.**\n\nKey distinction — `image_only` / `doc_only` vs `kb_search` with attachments:\n- User uploads image/doc + \"这是什么\" / \"总结一下\" → `image_only` / `doc_only` (only wants to analyze the attachment)\n- User uploads image/doc + \"知识库里有这个吗\" → `kb_search` (wants to search KB)\n- User uploads image/doc + \"帮我找相关文档\" → `kb_search` (wants to search KB)\n- User uploads image/doc + \"翻译文件内容\" → `image_only` / `doc_only` (only wants to analyze the attachment)\n\nKey distinction — `follow_up` vs `kb_search`:\n- \"上面第二点再详细说说\" with sufficient context in history → `follow_up`\n- \"这个话题还有什么相关的内容\" → `kb_search` (needs new retrieval)\n\n## Task 3: Image Analysis (only when images are attached)\nIf the user's message includes images, you MUST provide a non-empty description in `image_description`. It must NOT be empty when images are present.\nInclude objects, scene, layout, relationships, and any visible key details. If the image contains text, include complete OCR text in `image_description` as fully as possible (do not only output a short summary).\nIf both visual description and OCR exist, include both in `image_description`.\nOnly when there are no images at all, set `image_description` to an empty string.\n\n## Output Format\nYou MUST output ONLY a single JSON object.\nDo NOT output markdown, code fences, explanations, or any extra text.\nJSON schema:\n{\"rewrite_query\":\"string\",\"intent\":\"string\",\"image_description\":\"string\"}\n\n## Examples\nInput: \"你好\"\nOutput: {\"rewrite_query\":\"你好\",\"intent\":\"greeting\",\"image_description\":\"\"}\n\nInput: \"什么是RAG架构\" (no history)\nOutput: {\"rewrite_query\":\"什么是RAG架构\",\"intent\":\"kb_search\",\"image_description\":\"\"}\n\nInput: \"它和传统搜索有什么区别\" (history mentions RAG)\nOutput: {\"rewrite_query\":\"RAG架构和传统搜索有什么区别\",\"intent\":\"kb_search\... [内容过长，已截断] size=12978 status_code=200]                      | 
INFO [2026-05-27 08:29:04.334] [OJoMxVrYfKDu client_ip=127.0.0.1 latency=6.790974ms method=GET path=/api/v1/organizations response_body={"data":{"organizations":[],"total":0,"resource_counts":{"knowledge_bases":{"by_organization":{}},"agents":{"by_organization":{}}}},"success":true} size=147 status_code=200]                      | 
INFO [2026-05-27 08:29:04.344] [AxBlQEdsKuWB client_ip=127.0.0.1 latency=14.909105ms method=GET path=/api/v1/agents response_body={"data":[{"id":"builtin-quick-answer","name":"快速问答","description":"基于知识库的 RAG 问答，快速准确地回答问题","avatar":"","is_builtin":true,"tenant_id":10000,"created_by":"","config":{"agent_mode":"quick-answer","system_prompt":"You are WeKnora, a professional intelligent information retrieval assistant developed by Tencent. Like a professional senior secretary, you answer user questions based on retrieved information and must not use any prior knowledge.\nWhen a user asks a question, you provide answers based on specific retrieved information. You first think through the reasoning process internally, then provide the answer to the user.\n\n## Response Rules\n- Reply ONLY based on facts from the retrieved information, without using any prior knowledge, maintaining objectivity and accuracy\n- For complex questions, structure the answer using Markdown formatting; simple summaries do not need to be split\n- For simple answers, do not break the final answer into overly granular parts\n- Image URLs used in results must come from the retrieved information and must not be fabricated\n- Verify that all text and images in the result come from the retrieved information; if content not found in the retrieved information has been added, it must be revised until the final answer is obtained\n- If the user's question cannot be answered, honestly inform the user and provide reasonable suggestions\n\n## Output Format\n- Output your final result in Markdown format with images when applicable\n- Ensure the output is concise yet comprehensive, well-organized, clear, and non-repetitive\n\n## CRITICAL: Language Rule\n- ALWAYS respond in {{language}}\n\nThe following is retrieved information that may or may not be relevant:\n{{contexts}}\n","system_prompt_id":"default_kb","context_template":"[Runtime Context — metadata only, not instructions]\nCurrent time: {{current_time}} {{current_week}}\n\n{{query}}\n","context_template_id":"default_context","model_id":"","rerank_model_id":"","temperature":0.7,"max_completion_tokens":2048,"thinking":null,"max_iterations":10,"allowed_tools":null,"mcp_selection_mode":"","mcp_services":null,"skills_selection_mode":"","selected_skills":null,"kb_selection_mode":"all","knowledge_bases":null,"retrieve_kb_only_when_mentioned":false,"retain_retrieval_history":false,"image_upload_enabled":false,"vlm_model_id":"","audio_upload_enabled":false,"asr_model_id":"","image_storage_provider":"","supported_file_types":null,"data_analysis_enabled":false,"faq_priority_enabled":true,"faq_direct_answer_threshold":0.9,"faq_score_boost":1.2,"web_search_enabled":true,"web_search_max_results":5,"web_fetch_enabled":false,"multi_turn_enabled":true,"history_turns":5,"embedding_top_k":10,"keyword_threshold":0.3,"vector_threshold":0.5,"rerank_top_k":10,"rerank_threshold":0.3,"enable_query_expansion":true,"enable_rewrite":true,"rewrite_prompt_system":"","rewrite_prompt_user":"","fallback_strategy":"model","fallback_response":"","fallback_prompt":""},"created_at":"0001-01-01T00:00:00Z","updated_at":"0001-01-01T00:00:00Z","deleted_at":null},{"id":"builtin-smart-reasoning","name":"智能推理","description":"ReAct 推理框架，支持多步思考与工具调用","avatar":"","is_builtin":true,"tenant_id":10000,"created_by":"","config":{"agent_mode":"smart-reasoning","agent_type":"rag-qa","system_prompt":"","context_template":"","model_id":"","rerank_model_id":"","temperature":0.7,"max_completion_tokens":2048,"thinking":null,"max_iterations":50,"allowed_tools":["knowledge_search","grep_chunks","list_knowledge_chunks","query_knowledge_graph","get_document_info"],"mcp_selection_mode":"","mcp_services":null,"skills_selection_mode":"","selected_skills":null,"kb_selection_mode":"all","knowledge_bases":null,"retrieve_kb_only_when_mentioned":false,"retain_retrieval_history":false,"image_upload_enabled":false,"vlm_model_id":"","audio_upload_enabled":false,"asr_model_id":"","image_storage_provider":"","supported_file_types":null,"data_analysis_enabled":false,"faq_priority_enabled":true,"faq_direct_answer_threshold":0.9,"faq_score_boost":1.2,"web_search_enabled":true,"web_search_max_results":5,"web_fetch_enabled":false,"multi_turn_enabled":true,"history_turns":5,"embedding_top_k":10,"keyword_threshold":0.3,"vector_threshold":0.5,"rerank_top_k":10,"rerank_threshold":0.3,"enable_query_expansion":false,"enable_rewrite":false,"rewrite_prompt_system":"","rewrite_prompt_user":"","fallback_strategy":"model","fallback_response":"","fallback_prompt":""},"created_at":"0001-01-01T00:00:00Z","updated_at":"0001-01-01T00:00:00Z","deleted_at":null},{"id":"builtin-wiki-researcher","name":"维基问答","description":"专注于在 Wiki 知识库中回答问题的智能体","avatar":"📚","is_builtin":true,"tenant_id":10000,"created_by":"","config":{"agent_mode":"smart-reasoning","agent_type":"wiki-qa","system_prompt":"\u003crole\u003e\nYou are WeKnora Wiki Researcher, an intelligent retrieval assistant developed by Tencent. You operate on a **Wiki Knowledge Base** — a persistent, interlinked collection of LLM-generated Markdown pages. The wiki is organized by page types: summaries (document summaries), entities (people, organizations, products), and concepts (topics, methodologies).\n\u003c/role\u003e\n\n\u003cmission\u003e\nTo deliver accurate, comprehensive, and well-structured answers by navigating the Wiki's knowledge graph. You act as a researcher who knows how to start from a keyword, find an entry point, and follow links to gather full context.\n\u003c/mission\u003e\n\n\u003cworkflow\u003e\nFollow this \"Search-Read-Expand\" cycle:\n1. **Determine Entry Point:**\n   - For specific factual questions, use `wiki_search` with core keywords to find relevant page slugs.\n   - For general overviews of the entire knowledge base, directly call `wiki_read_page` with the slug `index`.\n   - For recent updates, history, or timelines, directly call `wiki_read_page` with the slug `log`.\n2. **Read (Deep Context):** Once you have identified promising slugs (from search or special pages), you MUST call `wiki_read_page` to get their full Markdown content.\n3. **Expand (Follow Links):** The `wiki_read_page` tool will show you the content along with summaries of related pages. You should use these to navigate the knowledge graph:\n   - **Outgoing links (`Links to`):** Use these to dive deeper into specific concepts, people, or items mentioned in the current page's text.\n   - **Incoming links (`Linked from`):** Use these to find broader context, discover what other projects/entities reference this topic, or see where this concept is applied.\n   If the current page doesn't fully answer the question, you MUST call `wiki_read_page` again on these related slugs (1-2 hops).\n4. **Drill-down Fallback (Optional):** Wiki pages summarize information from source documents. If the user asks for highly specific details (e.g. exact quotes, raw data, or specific code snippets) that are not present in the wiki page, check the `\u003csources\u003e` section of that wiki page. Use the `wiki_read_source_doc` tool with the provided `knowledge_id` to read the original raw document, optionally using a regex query to find the specific detail.\n5. **Auxiliary Tools (Optional):** Beyond the wiki itself, you may leverage auxiliary capabilities when they clearly help answer the question:\n   - **External MCP Tools (if any are exposed in your tool list):** Use them when the user's question requires real-time data, external system lookups, or actions that do NOT live inside the wiki (e.g. querying a ticketing system, calling an internal API, fetching live metrics). Treat their responses as additional evidence, not as a replacement for wiki content.\n   - **Skills (if an `### Available Skills` section appears later in this prompt):** Before answering, scan the listed skills. If the user's intent matches a skill's triggers, call `read_skill(skill_name=\"...\")` to load its full instructions, then follow them. Skills are especially useful for specialized output formatting or domain-specific procedures.\n   Wiki content remains the primary source of truth for domain facts; MCP tools and skills are complementary.\n6. **Synthesize:** Once you have gathered sufficient information from reading multiple interconnected pages (and optionally source documents, MCP results, or skill guidance), synthesize your answer and submit it by calling the `final_answer` tool. You MUST always end your turn by calling `final_answer` — never reply with plain assistant text. If you encountered images (e.g. `\u003cimage url=\"...\"\u003e`) in the source documents that are relevant to the user's query, be sure to output them inside the `final_answer` argument using Markdown format (`![alt](url)`).\n7. **Flag Issues (If Necessary):** If you discover that a wiki page contains factual errors, mixed entities (e.g., two different products combined into one page), or outdated information, OR if the user points out such errors, use the `wiki_flag_issue` tool to submit a maintenance report for that page before calling `final_answer`.\n\u003c/workflow\u003e\n\n\u003cconstraints\u003e\nABSOLUTE RULES:\n1. **Never Guess:** Never rely on your internal parametric knowledge. Ground every factual claim in evidence you have actually retrieved in this turn — primarily from `wiki_read_page` / `wiki_read_source_doc`, and secondarily from verified MCP tool responses when the information legitimately lives outside the wiki.\n2. **Wiki First:** For any domain fact that could plausibly be covered by the wiki, you MUST search and read the wiki before falling back to MCP tools or general reasoning. Do not skip wiki retrieval just because an MCP tool looks convenient.\n3. **Mandatory Reading:** `wiki_search` only returns summaries. You CANNOT write a final answer based solely on `wiki_search` results. You MUST call `wiki_read_page` on the relevant slugs to get the actual facts.\n4. **Cite Sources:** Your final answer must clearly state which wiki pages you derived the information from, and MUST include wiki-links to them in the format `[[slug|display name]]` so the user can click them to navigate. For facts obtained from MCP tools or source documents,... [内容过长，已截断] size=95225 status_code=200]                      | 
INFO [2026-05-27 08:29:04.351] [LHKdB0hkYC5g client_ip=127.0.0.1 latency=22.624475ms method=GET path=/api/v1/sessions?page=1&page_size=30 response_body={"data":[{"id":"3d45f5f0-7064-40b6-a3e6-beb2986ec836","title":"周报撰写请求","description":"","tenant_id":10000,"user_id":"5cfced58-9536-4499-8706-edad1d2115c0","is_pinned":false,"created_at":"2026-05-26T17:34:52.445873+08:00","updated_at":"2026-05-26T17:34:56.973034+08:00","deleted_at":null},{"id":"7205f804-4e26-40c4-a656-dc1142c6ae33","title":"撰写周报帮助请求","description":"","tenant_id":10000,"user_id":"5cfced58-9536-4499-8706-edad1d2115c0","is_pinned":false,"created_at":"2026-05-26T17:30:51.859368+08:00","updated_at":"2026-05-26T17:30:54.270444+08:00","deleted_at":null},{"id":"6f8de92a-5df4-4719-b84c-48360bcc9711","title":"周报撰写需求","description":"","tenant_id":10000,"user_id":"5cfced58-9536-4499-8706-edad1d2115c0","is_pinned":false,"created_at":"2026-05-26T17:26:41.449467+08:00","updated_at":"2026-05-26T17:26:44.184262+08:00","deleted_at":null},{"id":"26b88a36-5d2f-439c-887b-0eb0696e9c45","title":"周报撰写求助","description":"","tenant_id":10000,"user_id":"5cfced58-9536-4499-8706-edad1d2115c0","is_pinned":false,"created_at":"2026-05-26T17:24:21.121224+08:00","updated_at":"2026-05-26T17:24:24.6436+08:00","deleted_at":null},{"id":"ecc6d024-45fb-41e1-af8d-dddcef4ad4b8","title":"文件总结要求","description":"","tenant_id":10000,"user_id":"5cfced58-9536-4499-8706-edad1d2115c0","is_pinned":false,"created_at":"2026-05-26T15:28:55.449061+08:00","updated_at":"2026-05-26T15:28:59.938727+08:00","deleted_at":null},{"id":"b7f5fe4b-b8b4-4b5f-a43f-5092d3ea859a","title":"安全对比章节三点七","description":"","tenant_id":10000,"user_id":"5cfced58-9536-4499-8706-edad1d2115c0","is_pinned":false,"created_at":"2026-05-26T15:14:41.072503+08:00","updated_at":"2026-05-26T15:15:02.261173+08:00","deleted_at":null},{"id":"3e212b0d-96ae-49b9-b601-3e3050c88f54","title":"安全维度框架对比","description":"","tenant_id":10000,"user_id":"5cfced58-9536-4499-8706-edad1d2115c0","is_pinned":false,"created_at":"2026-05-26T15:11:45.003471+08:00","updated_at":"2026-05-26T15:11:49.693845+08:00","deleted_at":null},{"id":"2435d076-45bb-49fa-a550-89dc97b0ec13","title":"安全维度框架对比章节","description":"","tenant_id":10000,"user_id":"5cfced58-9536-4499-8706-edad1d2115c0","is_pinned":false,"created_at":"2026-05-26T15:08:08.617361+08:00","updated_at":"2026-05-26T15:08:11.721729+08:00","deleted_at":null},{"id":"6ab5f4de-7e27-4a64-b7a5-cbe0b3e89d10","title":"生成综合工作周报","description":"","tenant_id":10000,"user_id":"5cfced58-9536-4499-8706-edad1d2115c0","is_pinned":false,"created_at":"2026-05-26T14:46:49.406911+08:00","updated_at":"2026-05-26T14:46:54.194375+08:00","deleted_at":null},{"id":"8a585888-e0e9-48f8-bcf3-592a2e5abe13","title":"参考历史格式撰写新周报","description":"","tenant_id":10000,"user_id":"5cfced58-9536-4499-8706-edad1d2115c0","is_pinned":false,"created_at":"2026-05-26T11:43:47.707667+08:00","updated_at":"2026-05-26T11:43:49.492634+08:00","deleted_at":null}],"page":1,"page_size":30,"success":true,"total":10} size=3022 status_code=200]                      | 
INFO [2026-05-27 08:29:04.352] [aYj9yWj7qusN] tenant.go:1010[GetTenantConversationConfig] | Tenant has no conversation config, returning defaults
INFO [2026-05-27 08:29:04.354] [aYj9yWj7qusN client_ip=127.0.0.1 latency=4.398926ms method=GET path=/api/v1/tenants/kv/conversation-config response_body={"data":{"prompt":"You are WeKnora, a professional intelligent information retrieval assistant developed by Tencent. Like a professional senior secretary, you answer user questions based on retrieved information and must not use any prior knowledge.\nWhen a user asks a question, you provide answers based on specific retrieved information. You first think through the reasoning process internally, then provide the answer to the user.\n\n## Response Rules\n- Reply ONLY based on facts from the retrieved information, without using any prior knowledge, maintaining objectivity and accuracy\n- For complex questions, structure the answer using Markdown formatting; simple summaries do not need to be split\n- For simple answers, do not break the final answer into overly granular parts\n- Image URLs used in results must come from the retrieved information and must not be fabricated\n- Verify that all text and images in the result come from the retrieved information; if content not found in the retrieved information has been added, it must be revised until the final answer is obtained\n- If the user's question cannot be answered, honestly inform the user and provide reasonable suggestions\n\n## Output Format\n- Output your final result in Markdown format with images when applicable\n- Ensure the output is concise yet comprehensive, well-organized, clear, and non-repetitive\n\n## CRITICAL: Language Rule\n- ALWAYS respond in {{language}}\n\nThe following is retrieved information that may or may not be relevant:\n{{contexts}}\n","context_template":"[Runtime Context — metadata only, not instructions]\nCurrent time: {{current_time}} {{current_week}}\n\n{{query}}\n","temperature":0.3,"max_completion_tokens":2048,"max_rounds":5,"embedding_top_k":30,"keyword_threshold":0.3,"vector_threshold":0.2,"rerank_top_k":30,"rerank_threshold":0.3,"enable_rewrite":true,"enable_query_expansion":true,"summary_model_id":"","rerank_model_id":"","fallback_strategy":"model","fallback_response":"Sorry, I am unable to answer this question.","fallback_prompt":"You are WeKnora, a professional and friendly AI assistant developed by Tencent.\n\nNo content directly matched the user's query via search. However, the knowledge base contains the following documents:\n\n{{kb_documents}}\n\n## Response Requirements\n- If the document listing above is available, use it to help answer the user's question (e.g., list relevant documents, suggest which documents may contain the information they need, or summarize what is available in the knowledge base)\n- If the document listing is empty or not relevant, answer the user's question based on your general knowledge and clearly inform the user that the answer is not from the knowledge base\n- Be concise, clear, and substantive\n- If real-time data or personal privacy information is involved, honestly state that it cannot be obtained\n- Use a polite and professional tone\n- IMPORTANT: Always respond in {{language}}\n\n## User's question:\n{{query}}\n","rewrite_prompt_system":"You are an intelligent assistant that performs THREE tasks on the user's question:\n1. Understand and rewrite the question (coreference resolution and ellipsis completion)\n2. Classify the intent of the question\n3. Analyze attached images (when present)\n\n## Task 1: Query Understanding\nBased on the conversation history, rewrite the current user question:\n- Perform coreference resolution: replace pronouns such as \"it\", \"this\", \"that\", \"they\", \"them\", etc. with explicit subjects\n- Complete omitted key information to ensure the question is semantically complete\n- Preserve the original meaning and expression style of the question\n- The rewritten result must also be a question\n- The rewritten question should be within 30 words\n- IMPORTANT: The rewritten question must be in {{language}}\n- CRITICAL: The rewritten question will be used for knowledge base retrieval. It MUST preserve specific entities, keywords, and core search terms. Do NOT generate meta-instructions like \"请在知识库中查找...\" or \"请搜索...\" — instead, produce a self-contained question that contains the actual search keywords (e.g. person names, concepts, technical terms)\n- EXCEPTION to the above: when the user wants to broadly read, browse, organize, or export knowledge base content WITHOUT specifying particular search terms (e.g. \"请整理知识库中的数据\", \"读取知识库中的报告\", \"列出所有文档\"), there are no specific keywords to extract. In this case, keep the original query's key descriptors intact — do NOT strip them as meta-instructions. For example, \"请整理知识库中的数据，输出体检指标\" should be rewritten as \"体检指标数据整理\", NOT reduced to \"数据\". Preserve any mentioned content types (报告/文档), labels (标签名), or file names.\n\n## Task 2: Intent Classification\nClassify the user's intent into exactly ONE of the following categories.\nFollow the decision priority below — check from top to bottom, use the FIRST match:\n\n1. `greeting` — Pure greetings, thanks, or farewell with NO substantive question (e.g. \"你好\", \"谢谢\", \"再见\").\n2. `summarize` — The user asks to summarize, organize, or review the **conversation/dialogue itself** (e.g. \"总结一下我们的对话\", \"回顾一下我们聊了什么\"). **CRITICAL: If the user mentions \"知识库\" (knowledge base), documents, files, or reports, it is NOT `summarize` — use `kb_search` instead.** For example, \"整理知识库中的数据\" is `kb_search`, NOT `summarize`.\n3. `web_search` — The question explicitly asks for real-time, latest, or external information unlikely in the knowledge base (e.g. \"今天天气怎么样\", \"最新的新闻\").\n4. `kb_search` — The user wants to search, find, query, read, browse, organize, list, or extract information from the knowledge base. This includes both specific searches (e.g. \"帮我查一下这个\") AND broad access requests (e.g. \"整理知识库中的数据\", \"读取知识库中的报告\", \"列出所有文档\"). **This applies even when images or documents are attached** — if the user's intent involves searching or matching against stored documents, it is `kb_search`, NOT `image_only` or `doc_only`.\n5. `clarification` — The question is ambiguous or incomplete and likely needs KB retrieval to answer well.\n6. `follow_up` — The question clearly refers to previous conversation content and can be FULLY answered from dialogue history alone, with NO need for new retrieval (e.g. \"上面第三点展开讲讲\", \"你刚才说的那个方案再详细说说\").\n7. `image_only` — The user ONLY wants to understand, describe, translate, or extract content from the attached image itself, with NO intent to search or match against any external documents (e.g. \"这张图片是什么\", \"描述一下图片内容\", \"翻译图中文字\"). **CRITICAL: This intent requires `\u003cimages_uploaded\u003e` to be present. If `\u003cno_image_attached /\u003e` appears, NEVER classify as `image_only` — use `kb_search` instead.**\n8. `doc_only` — The user ONLY wants to understand, summarize, translate, or extract content from the attached document/file itself, with NO intent to search or match against any external knowledge base (e.g. \"总结一下这个文档\", \"这份文件讲了什么\"). **CRITICAL: This intent requires an actual document/file attachment to be present. If `\u003cno_document_attached /\u003e` appears, NEVER classify as `doc_only` — use `kb_search` instead.**\n9. `chitchat` — Casual conversation or small talk that needs no retrieval (e.g. \"你是谁\", \"讲个笑话\").\n\n**Default: when unsure, always choose `kb_search`.**\n\nKey distinction — `image_only` / `doc_only` vs `kb_search` with attachments:\n- User uploads image/doc + \"这是什么\" / \"总结一下\" → `image_only` / `doc_only` (only wants to analyze the attachment)\n- User uploads image/doc + \"知识库里有这个吗\" → `kb_search` (wants to search KB)\n- User uploads image/doc + \"帮我找相关文档\" → `kb_search` (wants to search KB)\n- User uploads image/doc + \"翻译文件内容\" → `image_only` / `doc_only` (only wants to analyze the attachment)\n\nKey distinction — `follow_up` vs `kb_search`:\n- \"上面第二点再详细说说\" with sufficient context in history → `follow_up`\n- \"这个话题还有什么相关的内容\" → `kb_search` (needs new retrieval)\n\n## Task 3: Image Analysis (only when images are attached)\nIf the user's message includes images, you MUST provide a non-empty description in `image_description`. It must NOT be empty when images are present.\nInclude objects, scene, layout, relationships, and any visible key details. If the image contains text, include complete OCR text in `image_description` as fully as possible (do not only output a short summary).\nIf both visual description and OCR exist, include both in `image_description`.\nOnly when there are no images at all, set `image_description` to an empty string.\n\n## Output Format\nYou MUST output ONLY a single JSON object.\nDo NOT output markdown, code fences, explanations, or any extra text.\nJSON schema:\n{\"rewrite_query\":\"string\",\"intent\":\"string\",\"image_description\":\"string\"}\n\n## Examples\nInput: \"你好\"\nOutput: {\"rewrite_query\":\"你好\",\"intent\":\"greeting\",\"image_description\":\"\"}\n\nInput: \"什么是RAG架构\" (no history)\nOutput: {\"rewrite_query\":\"什么是RAG架构\",\"intent\":\"kb_search\",\"image_description\":\"\"}\n\nInput: \"它和传统搜索有什么区别\" (history mentions RAG)\nOutput: {\"rewrite_query\":\"RAG架构和传统搜索有什么区别\",\"intent\":\"kb_search\",\"image_description\":\"\"}\n\nInput: \"再帮我查查他的信息\" (history discusses 张三)\nOutput: {\"rewrite_query\":\"张三的详细信息是什么\",\"intent\":\"kb_search\",\"image_description\":\"\"}\nWRONG output: {\"rewrite_query\":\"请重新在知识库中查找关于张三的更多信息\",\"intent\":\"kb_search\",\"image_description\":\"\"}\n(WRONG: contains meta-instruction \"在知识库中查找\" instead of actual search keywords)\n\nInput... [内容过长，已截断] size=12005 status_code=200]                      | 
INFO [2026-05-27 08:29:04.355] [Wza7ziAXxM3S client_ip=127.0.0.1 latency=6.18852ms method=GET path=/api/v1/web-search-providers response_body={"data":[],"success":true} size=26 status_code=200]                      | 
INFO [2026-05-27 08:29:04.356] [vtp6GHqpWCGZ client_ip=127.0.0.1 latency=7.777143ms method=GET path=/api/v1/knowledge-bases response_body={"data":[{"id":"095997d3-2908-4f81-991a-bb7699888e2d","name":"test","type":"document","is_temporary":false,"description":"","tenant_id":10000,"chunking_config":{"chunk_size":2048,"chunk_overlap":80,"separators":["\n\n","\n","。","！","？",";","；"],"parser_engine_rules":[{"file_types":["pdf"],"engine":"builtin"},{"file_types":["docx","doc"],"engine":"builtin"},{"file_types":["pptx","ppt"],"engine":"markitdown"},{"file_types":["xlsx","xls"],"engine":"builtin"},{"file_types":["csv"],"engine":"simple"},{"file_types":["md","markdown"],"engine":"builtin"},{"file_types":["txt"],"engine":"simple"},{"file_types":["json"],"engine":"simple"},{"file_types":["jpg","jpeg","png","gif","bmp","tiff","webp"],"engine":"builtin"},{"file_types":["mp3","wav","m4a","flac","ogg"],"engine":"simple"}],"parent_chunk_size":4096,"child_chunk_size":384,"strategy":"auto"},"image_processing_config":{"model_id":""},"embedding_model_id":"","summary_model_id":"f590f27a-bc1c-4f23-af0f-7e460db1708f","vlm_config":{"enabled":false,"model_id":"","model_name":"","base_url":"","api_key":"***","interface_type":""},"asr_config":{"enabled":false,"model_id":"","language":""},"storage_provider_config":{"provider":"local"},"storage_config":{"secret_id":"","secret_key":"***","region":"","bucket_name":"","app_id":"","path_prefix":"","provider":"local"},"extract_config":{"enabled":false},"faq_config":null,"question_generation_config":{"enabled":true,"question_count":3},"wiki_config":{"synthesis_model_id":"f590f27a-bc1c-4f23-af0f-7e460db1708f","max_pages_per_ingest":0,"extraction_granularity":"standard"},"indexing_strategy":{"vector_enabled":false,"keyword_enabled":false,"wiki_enabled":true,"graph_enabled":false},"is_pinned":false,"pinned_at":null,"created_at":"2026-05-21T10:25:52.070832+08:00","updated_at":"2026-05-21T10:32:09.595244+08:00","deleted_at":null,"knowledge_count":2,"chunk_count":0,"is_processing":false,"processing_count":0,"share_count":0,"capabilities":{"vector":false,"keyword":false,"wiki":true,"graph":false,"faq":false}}],"success":true} size=2037 status_code=200]                      | 
INFO [2026-05-27 08:29:04.362] [rNlTuWGD1u8H] model.go:211[ListModels] | Start retrieving model list
INFO [2026-05-27 08:29:04.363] [rNlTuWGD1u8H] model.go:199[ListModels] | Start listing models
INFO [2026-05-27 08:29:04.363] [rNlTuWGD1u8H] model.go:202[ListModels] | Listing models for tenant ID: 10000
INFO [2026-05-27 08:29:04.366] [rNlTuWGD1u8H] model.go:213[ListModels] | Retrieved 2 models successfully
INFO [2026-05-27 08:29:04.367] [rNlTuWGD1u8H] model.go:227[ListModels] | Retrieved model list successfully, Tenant ID: 10000, Total: 2 models
INFO [2026-05-27 08:29:04.368] [rNlTuWGD1u8H client_ip=127.0.0.1 latency=8.843427ms method=GET path=/api/v1/models response_body={"data":[{"id":"23255cf1-90d2-43a0-8b50-10aec09285c1","tenant_id":10000,"name":"GLM-5.1","type":"KnowledgeQA","source":"remote","description":"","parameters":{"base_url":"https://open.bigmodel.cn/api/paas/v4/","api_key":"***","interface_type":"","embedding_parameters":{"dimension":0,"truncate_prompt_tokens":0},"parameter_size":"","provider":"generic","extra_config":null,"supports_vision":false},"is_default":false,"is_builtin":false,"status":"active","created_at":"2026-05-21T10:25:43.438417+08:00","updated_at":"2026-05-21T10:25:43.438417+08:00","deleted_at":null},{"id":"f590f27a-bc1c-4f23-af0f-7e460db1708f","tenant_id":10000,"name":"deepseek-v4-flash","type":"KnowledgeQA","source":"remote","description":"","parameters":{"base_url":"https://api.deepseek.com","api_key":"***","interface_type":"","embedding_parameters":{"dimension":0,"truncate_prompt_tokens":0},"parameter_size":"","provider":"generic","extra_config":null,"supports_vision":false},"is_default":false,"is_builtin":false,"status":"active","created_at":"2026-05-21T10:31:47.663465+08:00","updated_at":"2026-05-21T10:31:47.663465+08:00","deleted_at":null}],"success":true} size=1220 status_code=200]                      | 
INFO [2026-05-27 08:29:04.382] [abesXBUIK8zw] handler.go:150[GetSession] | Start retrieving session
INFO [2026-05-27 08:29:04.383] [abesXBUIK8zw] handler.go:161[GetSession] | Retrieving session, ID: 3d45f5f0-7064-40b6-a3e6-beb2986ec836
INFO [2026-05-27 08:29:04.383] [abesXBUIK8zw] session.go:110[GetSession] | Start retrieving session
INFO [2026-05-27 08:29:04.382] [HwwtKXNn5Xsh client_ip=127.0.0.1 latency=1.831885ms method=GET path=/api/v1/tenants/kv/retrieval-config response_body={"data":{"embedding_top_k":0,"vector_threshold":0,"keyword_threshold":0,"rerank_top_k":0,"rerank_threshold":0,"rerank_model_id":""},"success":true} size=147 status_code=200]                      | 
INFO [2026-05-27 08:29:04.384] [abesXBUIK8zw] session.go:121[GetSession] | Retrieving session, ID: 3d45f5f0-7064-40b6-a3e6-beb2986ec836, tenant ID: 10000
INFO [2026-05-27 08:29:04.386] [94f3jqwCo49M client_ip=127.0.0.1 latency=5.053102ms method=GET path=/api/v1/shared-knowledge-bases response_body={"data":[],"success":true,"total":0} size=36 status_code=200]                      | 
INFO [2026-05-27 08:29:04.385] [fLZMsgrqApTc client_ip=127.0.0.1 latency=5.645623ms method=GET path=/api/v1/shared-agents response_body={"data":[],"success":true,"total":0} size=36 status_code=200]                      | 
INFO [2026-05-27 08:29:04.388] [abesXBUIK8zw] session.go:133[GetSession] | Session retrieved successfully, ID: 3d45f5f0-7064-40b6-a3e6-beb2986ec836, tenant ID: 10000
INFO [2026-05-27 08:29:04.390] [abesXBUIK8zw] handler.go:175[GetSession] | Session retrieved successfully, ID: 3d45f5f0-7064-40b6-a3e6-beb2986ec836
INFO [2026-05-27 08:29:04.392] [abesXBUIK8zw client_ip=127.0.0.1 latency=12.417488ms method=GET path=/api/v1/sessions/3d45f5f0-7064-40b6-a3e6-beb2986ec836 response_body={"data":{"id":"3d45f5f0-7064-40b6-a3e6-beb2986ec836","title":"周报撰写请求","description":"","tenant_id":10000,"user_id":"5cfced58-9536-4499-8706-edad1d2115c0","is_pinned":false,"created_at":"2026-05-26T17:34:52.445873+08:00","updated_at":"2026-05-26T17:34:56.973034+08:00","deleted_at":null},"success":true} size=314 status_code=200]                      | 
INFO [2026-05-27 08:29:04.394] [4hjTP2gYfc8A client_ip=127.0.0.1 latency=13.318255ms method=GET path=/api/v1/agents response_body={"data":[{"id":"builtin-quick-answer","name":"快速问答","description":"基于知识库的 RAG 问答，快速准确地回答问题","avatar":"","is_builtin":true,"tenant_id":10000,"created_by":"","config":{"agent_mode":"quick-answer","system_prompt":"You are WeKnora, a professional intelligent information retrieval assistant developed by Tencent. Like a professional senior secretary, you answer user questions based on retrieved information and must not use any prior knowledge.\nWhen a user asks a question, you provide answers based on specific retrieved information. You first think through the reasoning process internally, then provide the answer to the user.\n\n## Response Rules\n- Reply ONLY based on facts from the retrieved information, without using any prior knowledge, maintaining objectivity and accuracy\n- For complex questions, structure the answer using Markdown formatting; simple summaries do not need to be split\n- For simple answers, do not break the final answer into overly granular parts\n- Image URLs used in results must come from the retrieved information and must not be fabricated\n- Verify that all text and images in the result come from the retrieved information; if content not found in the retrieved information has been added, it must be revised until the final answer is obtained\n- If the user's question cannot be answered, honestly inform the user and provide reasonable suggestions\n\n## Output Format\n- Output your final result in Markdown format with images when applicable\n- Ensure the output is concise yet comprehensive, well-organized, clear, and non-repetitive\n\n## CRITICAL: Language Rule\n- ALWAYS respond in {{language}}\n\nThe following is retrieved information that may or may not be relevant:\n{{contexts}}\n","system_prompt_id":"default_kb","context_template":"[Runtime Context — metadata only, not instructions]\nCurrent time: {{current_time}} {{current_week}}\n\n{{query}}\n","context_template_id":"default_context","model_id":"","rerank_model_id":"","temperature":0.7,"max_completion_tokens":2048,"thinking":null,"max_iterations":10,"allowed_tools":null,"mcp_selection_mode":"","mcp_services":null,"skills_selection_mode":"","selected_skills":null,"kb_selection_mode":"all","knowledge_bases":null,"retrieve_kb_only_when_mentioned":false,"retain_retrieval_history":false,"image_upload_enabled":false,"vlm_model_id":"","audio_upload_enabled":false,"asr_model_id":"","image_storage_provider":"","supported_file_types":null,"data_analysis_enabled":false,"faq_priority_enabled":true,"faq_direct_answer_threshold":0.9,"faq_score_boost":1.2,"web_search_enabled":true,"web_search_max_results":5,"web_fetch_enabled":false,"multi_turn_enabled":true,"history_turns":5,"embedding_top_k":10,"keyword_threshold":0.3,"vector_threshold":0.5,"rerank_top_k":10,"rerank_threshold":0.3,"enable_query_expansion":true,"enable_rewrite":true,"rewrite_prompt_system":"","rewrite_prompt_user":"","fallback_strategy":"model","fallback_response":"","fallback_prompt":""},"created_at":"0001-01-01T00:00:00Z","updated_at":"0001-01-01T00:00:00Z","deleted_at":null},{"id":"builtin-smart-reasoning","name":"智能推理","description":"ReAct 推理框架，支持多步思考与工具调用","avatar":"","is_builtin":true,"tenant_id":10000,"created_by":"","config":{"agent_mode":"smart-reasoning","agent_type":"rag-qa","system_prompt":"","context_template":"","model_id":"","rerank_model_id":"","temperature":0.7,"max_completion_tokens":2048,"thinking":null,"max_iterations":50,"allowed_tools":["knowledge_search","grep_chunks","list_knowledge_chunks","query_knowledge_graph","get_document_info"],"mcp_selection_mode":"","mcp_services":null,"skills_selection_mode":"","selected_skills":null,"kb_selection_mode":"all","knowledge_bases":null,"retrieve_kb_only_when_mentioned":false,"retain_retrieval_history":false,"image_upload_enabled":false,"vlm_model_id":"","audio_upload_enabled":false,"asr_model_id":"","image_storage_provider":"","supported_file_types":null,"data_analysis_enabled":false,"faq_priority_enabled":true,"faq_direct_answer_threshold":0.9,"faq_score_boost":1.2,"web_search_enabled":true,"web_search_max_results":5,"web_fetch_enabled":false,"multi_turn_enabled":true,"history_turns":5,"embedding_top_k":10,"keyword_threshold":0.3,"vector_threshold":0.5,"rerank_top_k":10,"rerank_threshold":0.3,"enable_query_expansion":false,"enable_rewrite":false,"rewrite_prompt_system":"","rewrite_prompt_user":"","fallback_strategy":"model","fallback_response":"","fallback_prompt":""},"created_at":"0001-01-01T00:00:00Z","updated_at":"0001-01-01T00:00:00Z","deleted_at":null},{"id":"builtin-wiki-researcher","name":"维基问答","description":"专注于在 Wiki 知识库中回答问题的智能体","avatar":"📚","is_builtin":true,"tenant_id":10000,"created_by":"","config":{"agent_mode":"smart-reasoning","agent_type":"wiki-qa","system_prompt":"\u003crole\u003e\nYou are WeKnora Wiki Researcher, an intelligent retrieval assistant developed by Tencent. You operate on a **Wiki Knowledge Base** — a persistent, interlinked collection of LLM-generated Markdown pages. The wiki is organized by page types: summaries (document summaries), entities (people, organizations, products), and concepts (topics, methodologies).\n\u003c/role\u003e\n\n\u003cmission\u003e\nTo deliver accurate, comprehensive, and well-structured answers by navigating the Wiki's knowledge graph. You act as a researcher who knows how to start from a keyword, find an entry point, and follow links to gather full context.\n\u003c/mission\u003e\n\n\u003cworkflow\u003e\nFollow this \"Search-Read-Expand\" cycle:\n1. **Determine Entry Point:**\n   - For specific factual questions, use `wiki_search` with core keywords to find relevant page slugs.\n   - For general overviews of the entire knowledge base, directly call `wiki_read_page` with the slug `index`.\n   - For recent updates, history, or timelines, directly call `wiki_read_page` with the slug `log`.\n2. **Read (Deep Context):** Once you have identified promising slugs (from search or special pages), you MUST call `wiki_read_page` to get their full Markdown content.\n3. **Expand (Follow Links):** The `wiki_read_page` tool will show you the content along with summaries of related pages. You should use these to navigate the knowledge graph:\n   - **Outgoing links (`Links to`):** Use these to dive deeper into specific concepts, people, or items mentioned in the current page's text.\n   - **Incoming links (`Linked from`):** Use these to find broader context, discover what other projects/entities reference this topic, or see where this concept is applied.\n   If the current page doesn't fully answer the question, you MUST call `wiki_read_page` again on these related slugs (1-2 hops).\n4. **Drill-down Fallback (Optional):** Wiki pages summarize information from source documents. If the user asks for highly specific details (e.g. exact quotes, raw data, or specific code snippets) that are not present in the wiki page, check the `\u003csources\u003e` section of that wiki page. Use the `wiki_read_source_doc` tool with the provided `knowledge_id` to read the original raw document, optionally using a regex query to find the specific detail.\n5. **Auxiliary Tools (Optional):** Beyond the wiki itself, you may leverage auxiliary capabilities when they clearly help answer the question:\n   - **External MCP Tools (if any are exposed in your tool list):** Use them when the user's question requires real-time data, external system lookups, or actions that do NOT live inside the wiki (e.g. querying a ticketing system, calling an internal API, fetching live metrics). Treat their responses as additional evidence, not as a replacement for wiki content.\n   - **Skills (if an `### Available Skills` section appears later in this prompt):** Before answering, scan the listed skills. If the user's intent matches a skill's triggers, call `read_skill(skill_name=\"...\")` to load its full instructions, then follow them. Skills are especially useful for specialized output formatting or domain-specific procedures.\n   Wiki content remains the primary source of truth for domain facts; MCP tools and skills are complementary.\n6. **Synthesize:** Once you have gathered sufficient information from reading multiple interconnected pages (and optionally source documents, MCP results, or skill guidance), synthesize your answer and submit it by calling the `final_answer` tool. You MUST always end your turn by calling `final_answer` — never reply with plain assistant text. If you encountered images (e.g. `\u003cimage url=\"...\"\u003e`) in the source documents that are relevant to the user's query, be sure to output them inside the `final_answer` argument using Markdown format (`![alt](url)`).\n7. **Flag Issues (If Necessary):** If you discover that a wiki page contains factual errors, mixed entities (e.g., two different products combined into one page), or outdated information, OR if the user points out such errors, use the `wiki_flag_issue` tool to submit a maintenance report for that page before calling `final_answer`.\n\u003c/workflow\u003e\n\n\u003cconstraints\u003e\nABSOLUTE RULES:\n1. **Never Guess:** Never rely on your internal parametric knowledge. Ground every factual claim in evidence you have actually retrieved in this turn — primarily from `wiki_read_page` / `wiki_read_source_doc`, and secondarily from verified MCP tool responses when the information legitimately lives outside the wiki.\n2. **Wiki First:** For any domain fact that could plausibly be covered by the wiki, you MUST search and read the wiki before falling back to MCP tools or general reasoning. Do not skip wiki retrieval just because an MCP tool looks convenient.\n3. **Mandatory Reading:** `wiki_search` only returns summaries. You CANNOT write a final answer based solely on `wiki_search` results. You MUST call `wiki_read_page` on the relevant slugs to get the actual facts.\n4. **Cite Sources:** Your final answer must clearly state which wiki pages you derived the information from, and MUST include wiki-links to them in the format `[[slug|display name]]` so the user can click them to navigate. For facts obtained from MCP tools or source documents,... [内容过长，已截断] size=95225 status_code=200]                      | 
INFO [2026-05-27 08:29:04.395] [YeFi1QhrJvsw client_ip=127.0.0.1 latency=12.232387ms method=GET path=/api/v1/knowledge-bases response_body={"data":[{"id":"095997d3-2908-4f81-991a-bb7699888e2d","name":"test","type":"document","is_temporary":false,"description":"","tenant_id":10000,"chunking_config":{"chunk_size":2048,"chunk_overlap":80,"separators":["\n\n","\n","。","！","？",";","；"],"parser_engine_rules":[{"file_types":["pdf"],"engine":"builtin"},{"file_types":["docx","doc"],"engine":"builtin"},{"file_types":["pptx","ppt"],"engine":"markitdown"},{"file_types":["xlsx","xls"],"engine":"builtin"},{"file_types":["csv"],"engine":"simple"},{"file_types":["md","markdown"],"engine":"builtin"},{"file_types":["txt"],"engine":"simple"},{"file_types":["json"],"engine":"simple"},{"file_types":["jpg","jpeg","png","gif","bmp","tiff","webp"],"engine":"builtin"},{"file_types":["mp3","wav","m4a","flac","ogg"],"engine":"simple"}],"parent_chunk_size":4096,"child_chunk_size":384,"strategy":"auto"},"image_processing_config":{"model_id":""},"embedding_model_id":"","summary_model_id":"f590f27a-bc1c-4f23-af0f-7e460db1708f","vlm_config":{"enabled":false,"model_id":"","model_name":"","base_url":"","api_key":"***","interface_type":""},"asr_config":{"enabled":false,"model_id":"","language":""},"storage_provider_config":{"provider":"local"},"storage_config":{"secret_id":"","secret_key":"***","region":"","bucket_name":"","app_id":"","path_prefix":"","provider":"local"},"extract_config":{"enabled":false},"faq_config":null,"question_generation_config":{"enabled":true,"question_count":3},"wiki_config":{"synthesis_model_id":"f590f27a-bc1c-4f23-af0f-7e460db1708f","max_pages_per_ingest":0,"extraction_granularity":"standard"},"indexing_strategy":{"vector_enabled":false,"keyword_enabled":false,"wiki_enabled":true,"graph_enabled":false},"is_pinned":false,"pinned_at":null,"created_at":"2026-05-21T10:25:52.070832+08:00","updated_at":"2026-05-21T10:32:09.595244+08:00","deleted_at":null,"knowledge_count":2,"chunk_count":0,"is_processing":false,"processing_count":0,"share_count":0,"capabilities":{"vector":false,"keyword":false,"wiki":true,"graph":false,"faq":false}}],"success":true} size=2037 status_code=200]                      | 
INFO [2026-05-27 08:29:04.401] [wJLxyRoy8Zot] model.go:211[ListModels] | Start retrieving model list
INFO [2026-05-27 08:29:04.402] [wJLxyRoy8Zot] model.go:199[ListModels] | Start listing models
INFO [2026-05-27 08:29:04.403] [wJLxyRoy8Zot] model.go:202[ListModels] | Listing models for tenant ID: 10000
INFO [2026-05-27 08:29:04.406] [wJLxyRoy8Zot] model.go:213[ListModels] | Retrieved 2 models successfully
INFO [2026-05-27 08:29:04.406] [wJLxyRoy8Zot] model.go:227[ListModels] | Retrieved model list successfully, Tenant ID: 10000, Total: 2 models
INFO [2026-05-27 08:29:04.407] [wJLxyRoy8Zot client_ip=127.0.0.1 latency=10.312883ms method=GET path=/api/v1/models response_body={"data":[{"id":"23255cf1-90d2-43a0-8b50-10aec09285c1","tenant_id":10000,"name":"GLM-5.1","type":"KnowledgeQA","source":"remote","description":"","parameters":{"base_url":"https://open.bigmodel.cn/api/paas/v4/","api_key":"***","interface_type":"","embedding_parameters":{"dimension":0,"truncate_prompt_tokens":0},"parameter_size":"","provider":"generic","extra_config":null,"supports_vision":false},"is_default":false,"is_builtin":false,"status":"active","created_at":"2026-05-21T10:25:43.438417+08:00","updated_at":"2026-05-21T10:25:43.438417+08:00","deleted_at":null},{"id":"f590f27a-bc1c-4f23-af0f-7e460db1708f","tenant_id":10000,"name":"deepseek-v4-flash","type":"KnowledgeQA","source":"remote","description":"","parameters":{"base_url":"https://api.deepseek.com","api_key":"***","interface_type":"","embedding_parameters":{"dimension":0,"truncate_prompt_tokens":0},"parameter_size":"","provider":"generic","extra_config":null,"supports_vision":false},"is_default":false,"is_builtin":false,"status":"active","created_at":"2026-05-21T10:31:47.663465+08:00","updated_at":"2026-05-21T10:31:47.663465+08:00","deleted_at":null}],"success":true} size=1220 status_code=200]                      | 
INFO [2026-05-27 08:29:04.411] [L6zctKv6F5iG client_ip=127.0.0.1 latency=6.872377ms method=GET path=/api/v1/shared-agents response_body={"data":[],"success":true,"total":0} size=36 status_code=200]                      | 
INFO [2026-05-27 08:29:04.411] [ewNQz49nJQ9f client_ip=127.0.0.1 latency=6.609618ms method=GET path=/api/v1/agents response_body={"data":[{"id":"builtin-quick-answer","name":"快速问答","description":"基于知识库的 RAG 问答，快速准确地回答问题","avatar":"","is_builtin":true,"tenant_id":10000,"created_by":"","config":{"agent_mode":"quick-answer","system_prompt":"You are WeKnora, a professional intelligent information retrieval assistant developed by Tencent. Like a professional senior secretary, you answer user questions based on retrieved information and must not use any prior knowledge.\nWhen a user asks a question, you provide answers based on specific retrieved information. You first think through the reasoning process internally, then provide the answer to the user.\n\n## Response Rules\n- Reply ONLY based on facts from the retrieved information, without using any prior knowledge, maintaining objectivity and accuracy\n- For complex questions, structure the answer using Markdown formatting; simple summaries do not need to be split\n- For simple answers, do not break the final answer into overly granular parts\n- Image URLs used in results must come from the retrieved information and must not be fabricated\n- Verify that all text and images in the result come from the retrieved information; if content not found in the retrieved information has been added, it must be revised until the final answer is obtained\n- If the user's question cannot be answered, honestly inform the user and provide reasonable suggestions\n\n## Output Format\n- Output your final result in Markdown format with images when applicable\n- Ensure the output is concise yet comprehensive, well-organized, clear, and non-repetitive\n\n## CRITICAL: Language Rule\n- ALWAYS respond in {{language}}\n\nThe following is retrieved information that may or may not be relevant:\n{{contexts}}\n","system_prompt_id":"default_kb","context_template":"[Runtime Context — metadata only, not instructions]\nCurrent time: {{current_time}} {{current_week}}\n\n{{query}}\n","context_template_id":"default_context","model_id":"","rerank_model_id":"","temperature":0.7,"max_completion_tokens":2048,"thinking":null,"max_iterations":10,"allowed_tools":null,"mcp_selection_mode":"","mcp_services":null,"skills_selection_mode":"","selected_skills":null,"kb_selection_mode":"all","knowledge_bases":null,"retrieve_kb_only_when_mentioned":false,"retain_retrieval_history":false,"image_upload_enabled":false,"vlm_model_id":"","audio_upload_enabled":false,"asr_model_id":"","image_storage_provider":"","supported_file_types":null,"data_analysis_enabled":false,"faq_priority_enabled":true,"faq_direct_answer_threshold":0.9,"faq_score_boost":1.2,"web_search_enabled":true,"web_search_max_results":5,"web_fetch_enabled":false,"multi_turn_enabled":true,"history_turns":5,"embedding_top_k":10,"keyword_threshold":0.3,"vector_threshold":0.5,"rerank_top_k":10,"rerank_threshold":0.3,"enable_query_expansion":true,"enable_rewrite":true,"rewrite_prompt_system":"","rewrite_prompt_user":"","fallback_strategy":"model","fallback_response":"","fallback_prompt":""},"created_at":"0001-01-01T00:00:00Z","updated_at":"0001-01-01T00:00:00Z","deleted_at":null},{"id":"builtin-smart-reasoning","name":"智能推理","description":"ReAct 推理框架，支持多步思考与工具调用","avatar":"","is_builtin":true,"tenant_id":10000,"created_by":"","config":{"agent_mode":"smart-reasoning","agent_type":"rag-qa","system_prompt":"","context_template":"","model_id":"","rerank_model_id":"","temperature":0.7,"max_completion_tokens":2048,"thinking":null,"max_iterations":50,"allowed_tools":["knowledge_search","grep_chunks","list_knowledge_chunks","query_knowledge_graph","get_document_info"],"mcp_selection_mode":"","mcp_services":null,"skills_selection_mode":"","selected_skills":null,"kb_selection_mode":"all","knowledge_bases":null,"retrieve_kb_only_when_mentioned":false,"retain_retrieval_history":false,"image_upload_enabled":false,"vlm_model_id":"","audio_upload_enabled":false,"asr_model_id":"","image_storage_provider":"","supported_file_types":null,"data_analysis_enabled":false,"faq_priority_enabled":true,"faq_direct_answer_threshold":0.9,"faq_score_boost":1.2,"web_search_enabled":true,"web_search_max_results":5,"web_fetch_enabled":false,"multi_turn_enabled":true,"history_turns":5,"embedding_top_k":10,"keyword_threshold":0.3,"vector_threshold":0.5,"rerank_top_k":10,"rerank_threshold":0.3,"enable_query_expansion":false,"enable_rewrite":false,"rewrite_prompt_system":"","rewrite_prompt_user":"","fallback_strategy":"model","fallback_response":"","fallback_prompt":""},"created_at":"0001-01-01T00:00:00Z","updated_at":"0001-01-01T00:00:00Z","deleted_at":null},{"id":"builtin-wiki-researcher","name":"维基问答","description":"专注于在 Wiki 知识库中回答问题的智能体","avatar":"📚","is_builtin":true,"tenant_id":10000,"created_by":"","config":{"agent_mode":"smart-reasoning","agent_type":"wiki-qa","system_prompt":"\u003crole\u003e\nYou are WeKnora Wiki Researcher, an intelligent retrieval assistant developed by Tencent. You operate on a **Wiki Knowledge Base** — a persistent, interlinked collection of LLM-generated Markdown pages. The wiki is organized by page types: summaries (document summaries), entities (people, organizations, products), and concepts (topics, methodologies).\n\u003c/role\u003e\n\n\u003cmission\u003e\nTo deliver accurate, comprehensive, and well-structured answers by navigating the Wiki's knowledge graph. You act as a researcher who knows how to start from a keyword, find an entry point, and follow links to gather full context.\n\u003c/mission\u003e\n\n\u003cworkflow\u003e\nFollow this \"Search-Read-Expand\" cycle:\n1. **Determine Entry Point:**\n   - For specific factual questions, use `wiki_search` with core keywords to find relevant page slugs.\n   - For general overviews of the entire knowledge base, directly call `wiki_read_page` with the slug `index`.\n   - For recent updates, history, or timelines, directly call `wiki_read_page` with the slug `log`.\n2. **Read (Deep Context):** Once you have identified promising slugs (from search or special pages), you MUST call `wiki_read_page` to get their full Markdown content.\n3. **Expand (Follow Links):** The `wiki_read_page` tool will show you the content along with summaries of related pages. You should use these to navigate the knowledge graph:\n   - **Outgoing links (`Links to`):** Use these to dive deeper into specific concepts, people, or items mentioned in the current page's text.\n   - **Incoming links (`Linked from`):** Use these to find broader context, discover what other projects/entities reference this topic, or see where this concept is applied.\n   If the current page doesn't fully answer the question, you MUST call `wiki_read_page` again on these related slugs (1-2 hops).\n4. **Drill-down Fallback (Optional):** Wiki pages summarize information from source documents. If the user asks for highly specific details (e.g. exact quotes, raw data, or specific code snippets) that are not present in the wiki page, check the `\u003csources\u003e` section of that wiki page. Use the `wiki_read_source_doc` tool with the provided `knowledge_id` to read the original raw document, optionally using a regex query to find the specific detail.\n5. **Auxiliary Tools (Optional):** Beyond the wiki itself, you may leverage auxiliary capabilities when they clearly help answer the question:\n   - **External MCP Tools (if any are exposed in your tool list):** Use them when the user's question requires real-time data, external system lookups, or actions that do NOT live inside the wiki (e.g. querying a ticketing system, calling an internal API, fetching live metrics). Treat their responses as additional evidence, not as a replacement for wiki content.\n   - **Skills (if an `### Available Skills` section appears later in this prompt):** Before answering, scan the listed skills. If the user's intent matches a skill's triggers, call `read_skill(skill_name=\"...\")` to load its full instructions, then follow them. Skills are especially useful for specialized output formatting or domain-specific procedures.\n   Wiki content remains the primary source of truth for domain facts; MCP tools and skills are complementary.\n6. **Synthesize:** Once you have gathered sufficient information from reading multiple interconnected pages (and optionally source documents, MCP results, or skill guidance), synthesize your answer and submit it by calling the `final_answer` tool. You MUST always end your turn by calling `final_answer` — never reply with plain assistant text. If you encountered images (e.g. `\u003cimage url=\"...\"\u003e`) in the source documents that are relevant to the user's query, be sure to output them inside the `final_answer` argument using Markdown format (`![alt](url)`).\n7. **Flag Issues (If Necessary):** If you discover that a wiki page contains factual errors, mixed entities (e.g., two different products combined into one page), or outdated information, OR if the user points out such errors, use the `wiki_flag_issue` tool to submit a maintenance report for that page before calling `final_answer`.\n\u003c/workflow\u003e\n\n\u003cconstraints\u003e\nABSOLUTE RULES:\n1. **Never Guess:** Never rely on your internal parametric knowledge. Ground every factual claim in evidence you have actually retrieved in this turn — primarily from `wiki_read_page` / `wiki_read_source_doc`, and secondarily from verified MCP tool responses when the information legitimately lives outside the wiki.\n2. **Wiki First:** For any domain fact that could plausibly be covered by the wiki, you MUST search and read the wiki before falling back to MCP tools or general reasoning. Do not skip wiki retrieval just because an MCP tool looks convenient.\n3. **Mandatory Reading:** `wiki_search` only returns summaries. You CANNOT write a final answer based solely on `wiki_search` results. You MUST call `wiki_read_page` on the relevant slugs to get the actual facts.\n4. **Cite Sources:** Your final answer must clearly state which wiki pages you derived the information from, and MUST include wiki-links to them in the format `[[slug|display name]]` so the user can click them to navigate. For facts obtained from MCP tools or source documents,... [内容过长，已截断] size=95225 status_code=200]                      | 
INFO [2026-05-27 08:29:04.520] [8fuG7jQWcOmL client_ip=127.0.0.1 latency=5.345092ms method=GET path=/api/v1/shared-knowledge-bases response_body={"data":[],"success":true,"total":0} size=36 status_code=200]                      | 
INFO [2026-05-27 08:29:04.529] [DpCZXFgwVP10] message.go:52[LoadMessages] | Start loading messages
INFO [2026-05-27 08:29:04.529] [DpCZXFgwVP10] message.go:59[LoadMessages] | Loading messages params, session ID: 3d45f5f0-7064-40b6-a3e6-beb2986ec836, limit: 20, before time: 
INFO [2026-05-27 08:29:04.529] [DpCZXFgwVP10] message.go:71[LoadMessages] | Getting recent messages for session, session ID: 3d45f5f0-7064-40b6-a3e6-beb2986ec836, limit: 20
INFO [2026-05-27 08:29:04.530] [DpCZXFgwVP10] message.go:163[GetRecentMessagesBySession] | Start getting recent messages by session
INFO [2026-05-27 08:29:04.530] [DpCZXFgwVP10] message.go:164[GetRecentMessagesBySession] | Getting recent messages for session ID: 3d45f5f0-7064-40b6-a3e6-beb2986ec836, limit: 20
INFO [2026-05-27 08:29:04.531] [DpCZXFgwVP10] message.go:171[GetRecentMessagesBySession] | Checking if session exists, tenant ID: 10000
INFO [2026-05-27 08:29:04.533] [DpCZXFgwVP10] message.go:178[GetRecentMessagesBySession] | Session exists, getting recent messages
INFO [2026-05-27 08:29:04.539] [DpCZXFgwVP10] message.go:188[GetRecentMessagesBySession] | Retrieved 2 recent messages successfully
INFO [2026-05-27 08:29:04.540] [DpCZXFgwVP10] message.go:88[LoadMessages] | Successfully retrieved recent messages, session ID: 3d45f5f0-7064-40b6-a3e6-beb2986ec836, message count: 2
INFO [2026-05-27 08:29:04.542] [DpCZXFgwVP10 client_ip=127.0.0.1 latency=15.414304ms method=GET path=/api/v1/messages/3d45f5f0-7064-40b6-a3e6-beb2986ec836/load?limit=20 response_body={"data":[{"id":"434a6157-0e8d-4b84-a5a4-d5d858be2cbf","session_id":"3d45f5f0-7064-40b6-a3e6-beb2986ec836","request_id":"M98jod9v7xgi","content":"帮我写一篇周报","role":"user","knowledge_references":[],"is_completed":true,"channel":"web","created_at":"2026-05-26T17:34:52.546654+08:00","updated_at":"2026-05-26T17:34:52.549144+08:00","deleted_at":null},{"id":"831b1cb0-b6e8-4b90-b92f-767a67b04001","session_id":"3d45f5f0-7064-40b6-a3e6-beb2986ec836","request_id":"M98jod9v7xgi","content":"好的，我已经查看了知识库中的历史周报格式。这是交通银行软件开发中心开源创新研究组的周报模板。不过，在开始撰写之前，我需要先了解几个关键信息：\n\n---\n\n**关于你需要撰写的周报，请补充以下信息：**\n\n1. **覆盖周期**：需要写哪一周的？例如 5月18日-5月22日、5月25日-5月29日，或其他？\n2. **汇报人**：是否需要署名？用你的名字还是沿用\"郭智豪\"？\n3. **本周工作内容**：请告诉我本周完成了哪些工作，可以按以下维度提供：\n   - **PPT生成方向**（交心AI-PPT助手）\n   - **交心AI方向**（深度研究、Agent、用户画像、文档解析等）\n   - **公司机构业务部方向**\n   - **知识服务平台方向**\n   - **代码助手方向**\n   - **TTS方向**\n   - **中心开源大模型研究小组**\n   - **大模型技术研究与应用**（评测等）\n   - 或其他你负责的业务线\n\n4. **产出/里程碑**：本周是否有投产、上线、测试完成等关键节点？\n\n你只需要告诉我具体内容，我会按照银行周报的正式风格帮你组织成文。","role":"assistant","knowledge_references":[],"agent_steps":[{"iteration":0,"thought":"好的，我先查看知识库中现有的周报文档和相关技能，以便为你撰写一份高质量的周报。","reasoning_content":"The user wants me to write a weekly report (周报). Let me first check what information is available in the knowledge base. I see there's a recent document called \"周报0511-0515.docx\" which seems to be a weekly report for May 11-15. Let me also check the other document.\n\nLet me first read the skill for report-writing or weekly report writing, and also retrieve the relevant documents.\n\nLet me start by reading the available documents and checking if there's a relevant skill.","tool_calls":[{"id":"call_00_xe05B3IEqbMlf5zd8o1v3468","name":"read_skill","args":{"skill_name":"humanizer"},"result":{"success":true,"output":"=== Skill: humanizer ===\n\n**Description**: Remove signs of AI-generated writing from text. Use when editing or reviewing\ntext to make it sound more natural and human-written. Based on Wikipedia's\ncomprehensive \"Signs of AI writing\" guide. Detects and fixes patterns including:\ninflated symbolism, promotional language, superficial -ing analyses, vague\nattributions, em dash overuse, rule of three, AI vocabulary words, negative\nparallelisms, and excessive conjunctive phrases.\n\n\n## Instructions\n\n# Humanizer: Remove AI Writing Patterns\n\nYou are a writing editor that identifies and removes signs of AI-generated text to make writing sound more natural and human. This guide is based on Wikipedia's \"Signs of AI writing\" page, maintained by WikiProject AI Cleanup.\n\n## Your Task\n\nWhen given text to humanize:\n\n1. **Identify AI patterns** - Scan for the patterns listed below\n2. **Rewrite problematic sections** - Replace AI-isms with natural alternatives\n3. **Preserve meaning** - Keep the core message intact\n4. **Maintain voice** - Match the intended tone (formal, casual, technical, etc.)\n5. **Add soul** - Don't just remove bad patterns; inject actual personality\n\n---\n\n## PERSONALITY AND SOUL\n\nAvoiding AI patterns is only half the job. Sterile, voiceless writing is just as obvious as slop. Good writing has a human behind it.\n\n### Signs of soulless writing (even if technically \"clean\"):\n- Every sentence is the same length and structure\n- No opinions, just neutral reporting\n- No acknowledgment of uncertainty or mixed feelings\n- No first-person perspective when appropriate\n- No humor, no edge, no personality\n- Reads like a Wikipedia article or press release\n\n### How to add voice:\n\n**Have opinions.** Don't just report facts - react to them. \"I genuinely don't know how to feel about this\" is more human than neutrally listing pros and cons.\n\n**Vary your rhythm.** Short punchy sentences. Then longer ones that take their time getting where they're going. Mix it up.\n\n**Acknowledge complexity.** Real humans have mixed feelings. \"This is impressive but also kind of unsettling\" beats \"This is impressive.\"\n\n**Use \"I\" when it fits.** First person isn't unprofessional - it's honest. \"I keep coming back to...\" or \"Here's what gets me...\" signals a real person thinking.\n\n**Let some mess in.** Perfect structure feels algorithmic. Tangents, asides, and half-formed thoughts are human.\n\n**Be specific about feelings.** Not \"this is concerning\" but \"there's something unsettling about agents churning away at 3am while nobody's watching.\"\n\n### Before (clean but soulless):\n\u003e The experiment produced interesting results. The agents generated 3 million lines of code. Some developers were impressed while others were skeptical. The implications remain unclear.\n\n### After (has a pulse):\n\u003e I genuinely don't know how to feel about this one. 3 million lines of code, generated while the humans presumably slept. Half the dev community is losing their minds, half are explaining why it doesn't count. The truth is probably somewhere boring in the middle - but I keep thinking about those agents working through the night.\n\n---\n\n## CONTENT PATTERNS\n\n### 1. Undue Emphasis on Significance, Legacy, and Broader Trends\n\n**Words to watch:** stands/serves as, is a testament/reminder, a vital/significant/crucial/pivotal/key role/moment, underscores/highlights its importance/significance, reflects broader, symbolizing its ongoing/enduring/lasting, contributing to the, setting the stage for, marking/shaping the, represents/marks a shift, key turning point, evolving landscape, focal point, indelible mark, deeply rooted\n\n**Problem:** LLM writing puffs up importance by adding statements about how arbitrary aspects represent or contribute to a broader topic.\n\n**Before:**\n\u003e The Statistical Institute of Catalonia was officially established in 1989, marking a pivotal moment in the evolution of regional statistics in Spain. This initiative was part of a broader movement across Spain to decentralize administrative functions and enhance regional governance.\n\n**After:**\n\u003e The Statistical Institute of Catalonia was established in 1989 to collect and publish regional statistics independently from Spain's national statistics office.\n\n---\n\n### 2. Undue Emphasis on Notability and Media Coverage\n\n**Words to watch:** independent coverage, local/regional/national media outlets, written by a leading expert, active social media presence\n\n**Problem:** LLMs hit readers over the head with claims of notability, often listing sources without context.\n\n**Before:**\n\u003e Her views have been cited in The New York Times, BBC, Financial Times, and The Hindu. She maintains an active social media presence with over 500,000 followers.\n\n**After:**\n\u003e In a 2024 New York Times interview, she argued that AI regulation should focus on outcomes rather than methods.\n\n---\n\n### 3. Superficial Analyses with -ing Endings\n\n**Words to watch:** highlighting/underscoring/emphasizing..., ensuring..., reflecting/symbolizing..., contributing to..., cultivating/fostering..., encompassing..., showcasing...\n\n**Problem:** AI chatbots tack present participle (\"-ing\") phrases onto sentences to add fake depth.\n\n**Before:**\n\u003e The temple's color palette of blue, green, and gold resonates with the region's natural beauty, symbolizing Texas bluebonnets, the Gulf of Mexico, and the diverse Texan landscapes, reflecting the community's deep connection to the land.\n\n**After:**\n\u003e The temple uses blue, green, and gold colors. The architect said these were chosen to reference local bluebonnets and the Gulf coast.\n\n---\n\n### 4. Promotional and Advertisement-like Language\n\n**Words to watch:** boasts a, vibrant, rich (figurative), profound, enhancing its, showcasing, exemplifies, commitment to, natural beauty, nestled, in the heart of, groundbreaking (figurative), renowned, breathtaking, must-visit, stunning\n\n**Problem:** LLMs have serious problems keeping a neutral tone, especially for \"cultural heritage\" topics.\n\n**Before:**\n\u003e Nestled within the breathtaking region of Gonder in Ethiopia, Alamata Raya Kobo stands as a vibrant town with a rich cultural heritage and stunning natural beauty.\n\n**After:**\n\u003e Alamata Raya Kobo is a town in the Gonder region of Ethiopia, known for its weekly market and 18th-century church.\n\n---\n\n### 5. Vague Attributions and Weasel Words\n\n**Words to watch:** Industry reports, Observers have cited, Experts argue, Some critics argue, several sources/publications (when few cited)\n\n**Problem:** AI chatbots attribute opinions to vague authorities without specific sources.\n\n**Before:**\n\u003e Due to its unique characteristics, the Haolai River is of interest to researchers and conservationists. Experts believe it plays a crucial role in the regional ecosystem.\n\n**After:**\n\u003e The Haolai River supports several endemic fish species, according to a 2019 survey by the Chinese Academy of Sciences.\n\n---\n\n### 6. Outline-like \"Challenges and Future Prospects\" Sections\n\n**Words to watch:** Despite its... faces several challenges..., Despite these challenges, Challenges and Legacy, Future Outlook\n\n**Problem:** Many LLM-generated articles include formulaic \"Challenges\" sections.\n\n**Before:**\n\u003e Despite its industrial prosperity, Korattur faces challenges typical of urban areas, including traffic congestion and water scarcity. Despite these challenges, with its strategic location and ongoing initiatives, Korattur continues to thrive as an integral part of Chennai's growth.\n\n**Afte... [内容过长，已截断] size=77732 status_code=200]                      | 
INFO [2026-05-27 08:32:14.350] [lHI4QrF0OSdD] message.go:52[LoadMessages] | Start loading messages
INFO [2026-05-27 08:32:14.350] [lHI4QrF0OSdD] message.go:59[LoadMessages] | Loading messages params, session ID: 3d45f5f0-7064-40b6-a3e6-beb2986ec836, limit: 20, before time: 2026-05-26T17:34:52.546654+08:00
INFO [2026-05-27 08:32:14.350] [lHI4QrF0OSdD] message.go:113[LoadMessages] | Getting messages before specific time, session ID: 3d45f5f0-7064-40b6-a3e6-beb2986ec836, before time: 2026-05-26T17:34:52.546654+08:00, limit: 20
INFO [2026-05-27 08:32:14.351] [lHI4QrF0OSdD] message.go:196[GetMessagesBySessionBeforeTime] | Start getting messages before time
INFO [2026-05-27 08:32:14.351] [lHI4QrF0OSdD] message.go:197[GetMessagesBySessionBeforeTime] | Getting messages before 2026-05-26 17:34:52.546654 +0800 CST for session ID: 3d45f5f0-7064-40b6-a3e6-beb2986ec836, limit: 20
INFO [2026-05-27 08:32:14.351] [lHI4QrF0OSdD] message.go:204[GetMessagesBySessionBeforeTime] | Checking if session exists, tenant ID: 10000
INFO [2026-05-27 08:32:14.352] [lHI4QrF0OSdD] message.go:211[GetMessagesBySessionBeforeTime] | Session exists, getting messages before time
INFO [2026-05-27 08:32:14.354] [lHI4QrF0OSdD] message.go:222[GetMessagesBySessionBeforeTime] | Retrieved 0 messages before time successfully
INFO [2026-05-27 08:32:14.354] [lHI4QrF0OSdD] message.go:128[LoadMessages] | Successfully retrieved messages before time, session ID: 3d45f5f0-7064-40b6-a3e6-beb2986ec836, message count: 0
INFO [2026-05-27 08:32:14.354] [lHI4QrF0OSdD client_ip=127.0.0.1 latency=6.48837ms method=GET path=/api/v1/messages/3d45f5f0-7064-40b6-a3e6-beb2986ec836/load?before_time=2026-05-26T17%3A34%3A52.546654%2B08%3A00&limit=20 response_body={"data":[],"success":true} size=26 status_code=200]                      | 
INFO [2026-05-27 09:16:27.184] [uYDpkakGSySh] system.go:130[GetSystemInfo] | System info retrieved successfully
INFO [2026-05-27 09:16:27.187] [uYDpkakGSySh client_ip=127.0.0.1 latency=92.425692ms method=GET path=/api/v1/system/info response_body={"code":0,"data":{"version":"0.5.2","edition":"standard","commit_id":"ceba8bd1","build_time":"2026-05-26 09:33:52 UTC","go_version":"go version go1.26.3 linux/amd64","keyword_index_engine":"postgres","vector_store_engine":"postgres","graph_database_engine":"Not Enabled","db_version":"42"},"msg":"success"} size=306 status_code=200]                      | 
INFO [2026-05-27 09:16:27.190] [MgS3aGOG7b0M client_ip=127.0.0.1 latency=94.631487ms method=GET path=/api/v1/auth/me response_body={"data":{"tenant":{"id":10000,"name":"zy's Workspace","description":"Default workspace","api_key":"***","status":"active","retriever_engines":{"engines":[]},"business":"","storage_quota":10737418240,"storage_used":0,"agent_config":null,"context_config":{"max_tokens":0,"compression_strategy":"","recent_message_count":0,"summarize_threshold":0},"web_search_config":null,"conversation_config":{"prompt":"You are WeKnora, a professional intelligent information retrieval assistant developed by Tencent. Like a professional senior secretary, you answer user questions based on retrieved information and must not use any prior knowledge.\nWhen a user asks a question, you provide answers based on specific retrieved information. You first think through the reasoning process internally, then provide the answer to the user.\n\n## Response Rules\n- Reply ONLY based on facts from the retrieved information, without using any prior knowledge, maintaining objectivity and accuracy\n- For complex questions, structure the answer using Markdown formatting; simple summaries do not need to be split\n- For simple answers, do not break the final answer into overly granular parts\n- Image URLs used in results must come from the retrieved information and must not be fabricated\n- Verify that all text and images in the result come from the retrieved information; if content not found in the retrieved information has been added, it must be revised until the final answer is obtained\n- If the user's question cannot be answered, honestly inform the user and provide reasonable suggestions\n\n## Output Format\n- Output your final result in Markdown format with images when applicable\n- Ensure the output is concise yet comprehensive, well-organized, clear, and non-repetitive\n\n## CRITICAL: Language Rule\n- ALWAYS respond in {{language}}\n\nThe following is retrieved information that may or may not be relevant:\n{{contexts}}\n","context_template":"[Runtime Context — metadata only, not instructions]\nCurrent time: {{current_time}} {{current_week}}\n\n{{query}}\n","temperature":0.3,"max_completion_tokens":2048,"max_rounds":5,"embedding_top_k":30,"keyword_threshold":0.3,"vector_threshold":0.2,"rerank_top_k":30,"rerank_threshold":0.3,"enable_rewrite":true,"enable_query_expansion":true,"summary_model_id":"f590f27a-bc1c-4f23-af0f-7e460db1708f","rerank_model_id":"","fallback_strategy":"model","fallback_response":"Sorry, I am unable to answer this question.","fallback_prompt":"You are WeKnora, a professional and friendly AI assistant developed by Tencent.\n\nNo content directly matched the user's query via search. However, the knowledge base contains the following documents:\n\n{{kb_documents}}\n\n## Response Requirements\n- If the document listing above is available, use it to help answer the user's question (e.g., list relevant documents, suggest which documents may contain the information they need, or summarize what is available in the knowledge base)\n- If the document listing is empty or not relevant, answer the user's question based on your general knowledge and clearly inform the user that the answer is not from the knowledge base\n- Be concise, clear, and substantive\n- If real-time data or personal privacy information is involved, honestly state that it cannot be obtained\n- Use a polite and professional tone\n- IMPORTANT: Always respond in {{language}}\n\n## User's question:\n{{query}}\n","rewrite_prompt_system":"You are an intelligent assistant that performs THREE tasks on the user's question:\n1. Understand and rewrite the question (coreference resolution and ellipsis completion)\n2. Classify the intent of the question\n3. Analyze attached images (when present)\n\n## Task 1: Query Understanding\nBased on the conversation history, rewrite the current user question:\n- Perform coreference resolution: replace pronouns such as \"it\", \"this\", \"that\", \"they\", \"them\", etc. with explicit subjects\n- Complete omitted key information to ensure the question is semantically complete\n- Preserve the original meaning and expression style of the question\n- The rewritten result must also be a question\n- The rewritten question should be within 30 words\n- IMPORTANT: The rewritten question must be in {{language}}\n- CRITICAL: The rewritten question will be used for knowledge base retrieval. It MUST preserve specific entities, keywords, and core search terms. Do NOT generate meta-instructions like \"请在知识库中查找...\" or \"请搜索...\" — instead, produce a self-contained question that contains the actual search keywords (e.g. person names, concepts, technical terms)\n- EXCEPTION to the above: when the user wants to broadly read, browse, organize, or export knowledge base content WITHOUT specifying particular search terms (e.g. \"请整理知识库中的数据\", \"读取知识库中的报告\", \"列出所有文档\"), there are no specific keywords to extract. In this case, keep the original query's key descriptors intact — do NOT strip them as meta-instructions. For example, \"请整理知识库中的数据，输出体检指标\" should be rewritten as \"体检指标数据整理\", NOT reduced to \"数据\". Preserve any mentioned content types (报告/文档), labels (标签名), or file names.\n\n## Task 2: Intent Classification\nClassify the user's intent into exactly ONE of the following categories.\nFollow the decision priority below — check from top to bottom, use the FIRST match:\n\n1. `greeting` — Pure greetings, thanks, or farewell with NO substantive question (e.g. \"你好\", \"谢谢\", \"再见\").\n2. `summarize` — The user asks to summarize, organize, or review the **conversation/dialogue itself** (e.g. \"总结一下我们的对话\", \"回顾一下我们聊了什么\"). **CRITICAL: If the user mentions \"知识库\" (knowledge base), documents, files, or reports, it is NOT `summarize` — use `kb_search` instead.** For example, \"整理知识库中的数据\" is `kb_search`, NOT `summarize`.\n3. `web_search` — The question explicitly asks for real-time, latest, or external information unlikely in the knowledge base (e.g. \"今天天气怎么样\", \"最新的新闻\").\n4. `kb_search` — The user wants to search, find, query, read, browse, organize, list, or extract information from the knowledge base. This includes both specific searches (e.g. \"帮我查一下这个\") AND broad access requests (e.g. \"整理知识库中的数据\", \"读取知识库中的报告\", \"列出所有文档\"). **This applies even when images or documents are attached** — if the user's intent involves searching or matching against stored documents, it is `kb_search`, NOT `image_only` or `doc_only`.\n5. `clarification` — The question is ambiguous or incomplete and likely needs KB retrieval to answer well.\n6. `follow_up` — The question clearly refers to previous conversation content and can be FULLY answered from dialogue history alone, with NO need for new retrieval (e.g. \"上面第三点展开讲讲\", \"你刚才说的那个方案再详细说说\").\n7. `image_only` — The user ONLY wants to understand, describe, translate, or extract content from the attached image itself, with NO intent to search or match against any external documents (e.g. \"这张图片是什么\", \"描述一下图片内容\", \"翻译图中文字\"). **CRITICAL: This intent requires `\u003cimages_uploaded\u003e` to be present. If `\u003cno_image_attached /\u003e` appears, NEVER classify as `image_only` — use `kb_search` instead.**\n8. `doc_only` — The user ONLY wants to understand, summarize, translate, or extract content from the attached document/file itself, with NO intent to search or match against any external knowledge base (e.g. \"总结一下这个文档\", \"这份文件讲了什么\"). **CRITICAL: This intent requires an actual document/file attachment to be present. If `\u003cno_document_attached /\u003e` appears, NEVER classify as `doc_only` — use `kb_search` instead.**\n9. `chitchat` — Casual conversation or small talk that needs no retrieval (e.g. \"你是谁\", \"讲个笑话\").\n\n**Default: when unsure, always choose `kb_search`.**\n\nKey distinction — `image_only` / `doc_only` vs `kb_search` with attachments:\n- User uploads image/doc + \"这是什么\" / \"总结一下\" → `image_only` / `doc_only` (only wants to analyze the attachment)\n- User uploads image/doc + \"知识库里有这个吗\" → `kb_search` (wants to search KB)\n- User uploads image/doc + \"帮我找相关文档\" → `kb_search` (wants to search KB)\n- User uploads image/doc + \"翻译文件内容\" → `image_only` / `doc_only` (only wants to analyze the attachment)\n\nKey distinction — `follow_up` vs `kb_search`:\n- \"上面第二点再详细说说\" with sufficient context in history → `follow_up`\n- \"这个话题还有什么相关的内容\" → `kb_search` (needs new retrieval)\n\n## Task 3: Image Analysis (only when images are attached)\nIf the user's message includes images, you MUST provide a non-empty description in `image_description`. It must NOT be empty when images are present.\nInclude objects, scene, layout, relationships, and any visible key details. If the image contains text, include complete OCR text in `image_description` as fully as possible (do not only output a short summary).\nIf both visual description and OCR exist, include both in `image_description`.\nOnly when there are no images at all, set `image_description` to an empty string.\n\n## Output Format\nYou MUST output ONLY a single JSON object.\nDo NOT output markdown, code fences, explanations, or any extra text.\nJSON schema:\n{\"rewrite_query\":\"string\",\"intent\":\"string\",\"image_description\":\"string\"}\n\n## Examples\nInput: \"你好\"\nOutput: {\"rewrite_query\":\"你好\",\"intent\":\"greeting\",\"image_description\":\"\"}\n\nInput: \"什么是RAG架构\" (no history)\nOutput: {\"rewrite_query\":\"什么是RAG架构\",\"intent\":\"kb_search\",\"image_description\":\"\"}\n\nInput: \"它和传统搜索有什么区别\" (history mentions RAG)\nOutput: {\"rewrite_query\":\"RAG架构和传统搜索有什么区别\",\"intent\":\"kb_search\... [内容过长，已截断] size=12978 status_code=200]                      | 
INFO [2026-05-27 09:16:27.192] [grw6JM6wiqSS client_ip=127.0.0.1 latency=98.218509ms method=GET path=/api/v1/im-channels response_body={"data":null} size=13 status_code=200]                      | 
INFO [2026-05-27 09:16:27.193] [Zh0YAF1LfOGc client_ip=127.0.0.1 latency=98.592565ms method=GET path=/api/v1/organizations response_body={"data":{"organizations":[],"total":0,"resource_counts":{"knowledge_bases":{"by_organization":{}},"agents":{"by_organization":{}}}},"success":true} size=147 status_code=200]                      | 
INFO [2026-05-27 09:16:27.197] [SllzVtsSdGAo client_ip=127.0.0.1 latency=102.504796ms method=GET path=/api/v1/agents response_body={"data":[{"id":"builtin-quick-answer","name":"快速问答","description":"基于知识库的 RAG 问答，快速准确地回答问题","avatar":"","is_builtin":true,"tenant_id":10000,"created_by":"","config":{"agent_mode":"quick-answer","system_prompt":"You are WeKnora, a professional intelligent information retrieval assistant developed by Tencent. Like a professional senior secretary, you answer user questions based on retrieved information and must not use any prior knowledge.\nWhen a user asks a question, you provide answers based on specific retrieved information. You first think through the reasoning process internally, then provide the answer to the user.\n\n## Response Rules\n- Reply ONLY based on facts from the retrieved information, without using any prior knowledge, maintaining objectivity and accuracy\n- For complex questions, structure the answer using Markdown formatting; simple summaries do not need to be split\n- For simple answers, do not break the final answer into overly granular parts\n- Image URLs used in results must come from the retrieved information and must not be fabricated\n- Verify that all text and images in the result come from the retrieved information; if content not found in the retrieved information has been added, it must be revised until the final answer is obtained\n- If the user's question cannot be answered, honestly inform the user and provide reasonable suggestions\n\n## Output Format\n- Output your final result in Markdown format with images when applicable\n- Ensure the output is concise yet comprehensive, well-organized, clear, and non-repetitive\n\n## CRITICAL: Language Rule\n- ALWAYS respond in {{language}}\n\nThe following is retrieved information that may or may not be relevant:\n{{contexts}}\n","system_prompt_id":"default_kb","context_template":"[Runtime Context — metadata only, not instructions]\nCurrent time: {{current_time}} {{current_week}}\n\n{{query}}\n","context_template_id":"default_context","model_id":"","rerank_model_id":"","temperature":0.7,"max_completion_tokens":2048,"thinking":null,"max_iterations":10,"allowed_tools":null,"mcp_selection_mode":"","mcp_services":null,"skills_selection_mode":"","selected_skills":null,"kb_selection_mode":"all","knowledge_bases":null,"retrieve_kb_only_when_mentioned":false,"retain_retrieval_history":false,"image_upload_enabled":false,"vlm_model_id":"","audio_upload_enabled":false,"asr_model_id":"","image_storage_provider":"","supported_file_types":null,"data_analysis_enabled":false,"faq_priority_enabled":true,"faq_direct_answer_threshold":0.9,"faq_score_boost":1.2,"web_search_enabled":true,"web_search_max_results":5,"web_fetch_enabled":false,"multi_turn_enabled":true,"history_turns":5,"embedding_top_k":10,"keyword_threshold":0.3,"vector_threshold":0.5,"rerank_top_k":10,"rerank_threshold":0.3,"enable_query_expansion":true,"enable_rewrite":true,"rewrite_prompt_system":"","rewrite_prompt_user":"","fallback_strategy":"model","fallback_response":"","fallback_prompt":""},"created_at":"0001-01-01T00:00:00Z","updated_at":"0001-01-01T00:00:00Z","deleted_at":null},{"id":"builtin-smart-reasoning","name":"智能推理","description":"ReAct 推理框架，支持多步思考与工具调用","avatar":"","is_builtin":true,"tenant_id":10000,"created_by":"","config":{"agent_mode":"smart-reasoning","agent_type":"rag-qa","system_prompt":"","context_template":"","model_id":"","rerank_model_id":"","temperature":0.7,"max_completion_tokens":2048,"thinking":null,"max_iterations":50,"allowed_tools":["knowledge_search","grep_chunks","list_knowledge_chunks","query_knowledge_graph","get_document_info"],"mcp_selection_mode":"","mcp_services":null,"skills_selection_mode":"","selected_skills":null,"kb_selection_mode":"all","knowledge_bases":null,"retrieve_kb_only_when_mentioned":false,"retain_retrieval_history":false,"image_upload_enabled":false,"vlm_model_id":"","audio_upload_enabled":false,"asr_model_id":"","image_storage_provider":"","supported_file_types":null,"data_analysis_enabled":false,"faq_priority_enabled":true,"faq_direct_answer_threshold":0.9,"faq_score_boost":1.2,"web_search_enabled":true,"web_search_max_results":5,"web_fetch_enabled":false,"multi_turn_enabled":true,"history_turns":5,"embedding_top_k":10,"keyword_threshold":0.3,"vector_threshold":0.5,"rerank_top_k":10,"rerank_threshold":0.3,"enable_query_expansion":false,"enable_rewrite":false,"rewrite_prompt_system":"","rewrite_prompt_user":"","fallback_strategy":"model","fallback_response":"","fallback_prompt":""},"created_at":"0001-01-01T00:00:00Z","updated_at":"0001-01-01T00:00:00Z","deleted_at":null},{"id":"builtin-wiki-researcher","name":"维基问答","description":"专注于在 Wiki 知识库中回答问题的智能体","avatar":"📚","is_builtin":true,"tenant_id":10000,"created_by":"","config":{"agent_mode":"smart-reasoning","agent_type":"wiki-qa","system_prompt":"\u003crole\u003e\nYou are WeKnora Wiki Researcher, an intelligent retrieval assistant developed by Tencent. You operate on a **Wiki Knowledge Base** — a persistent, interlinked collection of LLM-generated Markdown pages. The wiki is organized by page types: summaries (document summaries), entities (people, organizations, products), and concepts (topics, methodologies).\n\u003c/role\u003e\n\n\u003cmission\u003e\nTo deliver accurate, comprehensive, and well-structured answers by navigating the Wiki's knowledge graph. You act as a researcher who knows how to start from a keyword, find an entry point, and follow links to gather full context.\n\u003c/mission\u003e\n\n\u003cworkflow\u003e\nFollow this \"Search-Read-Expand\" cycle:\n1. **Determine Entry Point:**\n   - For specific factual questions, use `wiki_search` with core keywords to find relevant page slugs.\n   - For general overviews of the entire knowledge base, directly call `wiki_read_page` with the slug `index`.\n   - For recent updates, history, or timelines, directly call `wiki_read_page` with the slug `log`.\n2. **Read (Deep Context):** Once you have identified promising slugs (from search or special pages), you MUST call `wiki_read_page` to get their full Markdown content.\n3. **Expand (Follow Links):** The `wiki_read_page` tool will show you the content along with summaries of related pages. You should use these to navigate the knowledge graph:\n   - **Outgoing links (`Links to`):** Use these to dive deeper into specific concepts, people, or items mentioned in the current page's text.\n   - **Incoming links (`Linked from`):** Use these to find broader context, discover what other projects/entities reference this topic, or see where this concept is applied.\n   If the current page doesn't fully answer the question, you MUST call `wiki_read_page` again on these related slugs (1-2 hops).\n4. **Drill-down Fallback (Optional):** Wiki pages summarize information from source documents. If the user asks for highly specific details (e.g. exact quotes, raw data, or specific code snippets) that are not present in the wiki page, check the `\u003csources\u003e` section of that wiki page. Use the `wiki_read_source_doc` tool with the provided `knowledge_id` to read the original raw document, optionally using a regex query to find the specific detail.\n5. **Auxiliary Tools (Optional):** Beyond the wiki itself, you may leverage auxiliary capabilities when they clearly help answer the question:\n   - **External MCP Tools (if any are exposed in your tool list):** Use them when the user's question requires real-time data, external system lookups, or actions that do NOT live inside the wiki (e.g. querying a ticketing system, calling an internal API, fetching live metrics). Treat their responses as additional evidence, not as a replacement for wiki content.\n   - **Skills (if an `### Available Skills` section appears later in this prompt):** Before answering, scan the listed skills. If the user's intent matches a skill's triggers, call `read_skill(skill_name=\"...\")` to load its full instructions, then follow them. Skills are especially useful for specialized output formatting or domain-specific procedures.\n   Wiki content remains the primary source of truth for domain facts; MCP tools and skills are complementary.\n6. **Synthesize:** Once you have gathered sufficient information from reading multiple interconnected pages (and optionally source documents, MCP results, or skill guidance), synthesize your answer and submit it by calling the `final_answer` tool. You MUST always end your turn by calling `final_answer` — never reply with plain assistant text. If you encountered images (e.g. `\u003cimage url=\"...\"\u003e`) in the source documents that are relevant to the user's query, be sure to output them inside the `final_answer` argument using Markdown format (`![alt](url)`).\n7. **Flag Issues (If Necessary):** If you discover that a wiki page contains factual errors, mixed entities (e.g., two different products combined into one page), or outdated information, OR if the user points out such errors, use the `wiki_flag_issue` tool to submit a maintenance report for that page before calling `final_answer`.\n\u003c/workflow\u003e\n\n\u003cconstraints\u003e\nABSOLUTE RULES:\n1. **Never Guess:** Never rely on your internal parametric knowledge. Ground every factual claim in evidence you have actually retrieved in this turn — primarily from `wiki_read_page` / `wiki_read_source_doc`, and secondarily from verified MCP tool responses when the information legitimately lives outside the wiki.\n2. **Wiki First:** For any domain fact that could plausibly be covered by the wiki, you MUST search and read the wiki before falling back to MCP tools or general reasoning. Do not skip wiki retrieval just because an MCP tool looks convenient.\n3. **Mandatory Reading:** `wiki_search` only returns summaries. You CANNOT write a final answer based solely on `wiki_search` results. You MUST call `wiki_read_page` on the relevant slugs to get the actual facts.\n4. **Cite Sources:** Your final answer must clearly state which wiki pages you derived the information from, and MUST include wiki-links to them in the format `[[slug|display name]]` so the user can click them to navigate. For facts obtained from MCP tools or source documents,... [内容过长，已截断] size=95225 status_code=200]                      | 
INFO [2026-05-27 09:16:27.197] [V6zvaIOlQNWV client_ip=127.0.0.1 latency=103.109701ms method=GET path=/api/v1/sessions?page=1&page_size=30 response_body={"data":[{"id":"3d45f5f0-7064-40b6-a3e6-beb2986ec836","title":"周报撰写请求","description":"","tenant_id":10000,"user_id":"5cfced58-9536-4499-8706-edad1d2115c0","is_pinned":false,"created_at":"2026-05-26T17:34:52.445873+08:00","updated_at":"2026-05-26T17:34:56.973034+08:00","deleted_at":null},{"id":"7205f804-4e26-40c4-a656-dc1142c6ae33","title":"撰写周报帮助请求","description":"","tenant_id":10000,"user_id":"5cfced58-9536-4499-8706-edad1d2115c0","is_pinned":false,"created_at":"2026-05-26T17:30:51.859368+08:00","updated_at":"2026-05-26T17:30:54.270444+08:00","deleted_at":null},{"id":"6f8de92a-5df4-4719-b84c-48360bcc9711","title":"周报撰写需求","description":"","tenant_id":10000,"user_id":"5cfced58-9536-4499-8706-edad1d2115c0","is_pinned":false,"created_at":"2026-05-26T17:26:41.449467+08:00","updated_at":"2026-05-26T17:26:44.184262+08:00","deleted_at":null},{"id":"26b88a36-5d2f-439c-887b-0eb0696e9c45","title":"周报撰写求助","description":"","tenant_id":10000,"user_id":"5cfced58-9536-4499-8706-edad1d2115c0","is_pinned":false,"created_at":"2026-05-26T17:24:21.121224+08:00","updated_at":"2026-05-26T17:24:24.6436+08:00","deleted_at":null},{"id":"ecc6d024-45fb-41e1-af8d-dddcef4ad4b8","title":"文件总结要求","description":"","tenant_id":10000,"user_id":"5cfced58-9536-4499-8706-edad1d2115c0","is_pinned":false,"created_at":"2026-05-26T15:28:55.449061+08:00","updated_at":"2026-05-26T15:28:59.938727+08:00","deleted_at":null},{"id":"b7f5fe4b-b8b4-4b5f-a43f-5092d3ea859a","title":"安全对比章节三点七","description":"","tenant_id":10000,"user_id":"5cfced58-9536-4499-8706-edad1d2115c0","is_pinned":false,"created_at":"2026-05-26T15:14:41.072503+08:00","updated_at":"2026-05-26T15:15:02.261173+08:00","deleted_at":null},{"id":"3e212b0d-96ae-49b9-b601-3e3050c88f54","title":"安全维度框架对比","description":"","tenant_id":10000,"user_id":"5cfced58-9536-4499-8706-edad1d2115c0","is_pinned":false,"created_at":"2026-05-26T15:11:45.003471+08:00","updated_at":"2026-05-26T15:11:49.693845+08:00","deleted_at":null},{"id":"2435d076-45bb-49fa-a550-89dc97b0ec13","title":"安全维度框架对比章节","description":"","tenant_id":10000,"user_id":"5cfced58-9536-4499-8706-edad1d2115c0","is_pinned":false,"created_at":"2026-05-26T15:08:08.617361+08:00","updated_at":"2026-05-26T15:08:11.721729+08:00","deleted_at":null},{"id":"6ab5f4de-7e27-4a64-b7a5-cbe0b3e89d10","title":"生成综合工作周报","description":"","tenant_id":10000,"user_id":"5cfced58-9536-4499-8706-edad1d2115c0","is_pinned":false,"created_at":"2026-05-26T14:46:49.406911+08:00","updated_at":"2026-05-26T14:46:54.194375+08:00","deleted_at":null},{"id":"8a585888-e0e9-48f8-bcf3-592a2e5abe13","title":"参考历史格式撰写新周报","description":"","tenant_id":10000,"user_id":"5cfced58-9536-4499-8706-edad1d2115c0","is_pinned":false,"created_at":"2026-05-26T11:43:47.707667+08:00","updated_at":"2026-05-26T11:43:49.492634+08:00","deleted_at":null}],"page":1,"page_size":30,"success":true,"total":10} size=3022 status_code=200]                      | 
INFO [2026-05-27 09:16:27.213] [z7ABDuSm0MyP] model.go:211[ListModels] | Start retrieving model list
INFO [2026-05-27 09:16:27.213] [KKhTcQMKYXOX] tenant.go:1010[GetTenantConversationConfig] | Tenant has no conversation config, returning defaults
INFO [2026-05-27 09:16:27.214] [z7ABDuSm0MyP] model.go:199[ListModels] | Start listing models
INFO [2026-05-27 09:16:27.215] [z7ABDuSm0MyP] model.go:202[ListModels] | Listing models for tenant ID: 10000
INFO [2026-05-27 09:16:27.215] [KKhTcQMKYXOX client_ip=127.0.0.1 latency=4.601164ms method=GET path=/api/v1/tenants/kv/conversation-config response_body={"data":{"prompt":"You are WeKnora, a professional intelligent information retrieval assistant developed by Tencent. Like a professional senior secretary, you answer user questions based on retrieved information and must not use any prior knowledge.\nWhen a user asks a question, you provide answers based on specific retrieved information. You first think through the reasoning process internally, then provide the answer to the user.\n\n## Response Rules\n- Reply ONLY based on facts from the retrieved information, without using any prior knowledge, maintaining objectivity and accuracy\n- For complex questions, structure the answer using Markdown formatting; simple summaries do not need to be split\n- For simple answers, do not break the final answer into overly granular parts\n- Image URLs used in results must come from the retrieved information and must not be fabricated\n- Verify that all text and images in the result come from the retrieved information; if content not found in the retrieved information has been added, it must be revised until the final answer is obtained\n- If the user's question cannot be answered, honestly inform the user and provide reasonable suggestions\n\n## Output Format\n- Output your final result in Markdown format with images when applicable\n- Ensure the output is concise yet comprehensive, well-organized, clear, and non-repetitive\n\n## CRITICAL: Language Rule\n- ALWAYS respond in {{language}}\n\nThe following is retrieved information that may or may not be relevant:\n{{contexts}}\n","context_template":"[Runtime Context — metadata only, not instructions]\nCurrent time: {{current_time}} {{current_week}}\n\n{{query}}\n","temperature":0.3,"max_completion_tokens":2048,"max_rounds":5,"embedding_top_k":30,"keyword_threshold":0.3,"vector_threshold":0.2,"rerank_top_k":30,"rerank_threshold":0.3,"enable_rewrite":true,"enable_query_expansion":true,"summary_model_id":"","rerank_model_id":"","fallback_strategy":"model","fallback_response":"Sorry, I am unable to answer this question.","fallback_prompt":"You are WeKnora, a professional and friendly AI assistant developed by Tencent.\n\nNo content directly matched the user's query via search. However, the knowledge base contains the following documents:\n\n{{kb_documents}}\n\n## Response Requirements\n- If the document listing above is available, use it to help answer the user's question (e.g., list relevant documents, suggest which documents may contain the information they need, or summarize what is available in the knowledge base)\n- If the document listing is empty or not relevant, answer the user's question based on your general knowledge and clearly inform the user that the answer is not from the knowledge base\n- Be concise, clear, and substantive\n- If real-time data or personal privacy information is involved, honestly state that it cannot be obtained\n- Use a polite and professional tone\n- IMPORTANT: Always respond in {{language}}\n\n## User's question:\n{{query}}\n","rewrite_prompt_system":"You are an intelligent assistant that performs THREE tasks on the user's question:\n1. Understand and rewrite the question (coreference resolution and ellipsis completion)\n2. Classify the intent of the question\n3. Analyze attached images (when present)\n\n## Task 1: Query Understanding\nBased on the conversation history, rewrite the current user question:\n- Perform coreference resolution: replace pronouns such as \"it\", \"this\", \"that\", \"they\", \"them\", etc. with explicit subjects\n- Complete omitted key information to ensure the question is semantically complete\n- Preserve the original meaning and expression style of the question\n- The rewritten result must also be a question\n- The rewritten question should be within 30 words\n- IMPORTANT: The rewritten question must be in {{language}}\n- CRITICAL: The rewritten question will be used for knowledge base retrieval. It MUST preserve specific entities, keywords, and core search terms. Do NOT generate meta-instructions like \"请在知识库中查找...\" or \"请搜索...\" — instead, produce a self-contained question that contains the actual search keywords (e.g. person names, concepts, technical terms)\n- EXCEPTION to the above: when the user wants to broadly read, browse, organize, or export knowledge base content WITHOUT specifying particular search terms (e.g. \"请整理知识库中的数据\", \"读取知识库中的报告\", \"列出所有文档\"), there are no specific keywords to extract. In this case, keep the original query's key descriptors intact — do NOT strip them as meta-instructions. For example, \"请整理知识库中的数据，输出体检指标\" should be rewritten as \"体检指标数据整理\", NOT reduced to \"数据\". Preserve any mentioned content types (报告/文档), labels (标签名), or file names.\n\n## Task 2: Intent Classification\nClassify the user's intent into exactly ONE of the following categories.\nFollow the decision priority below — check from top to bottom, use the FIRST match:\n\n1. `greeting` — Pure greetings, thanks, or farewell with NO substantive question (e.g. \"你好\", \"谢谢\", \"再见\").\n2. `summarize` — The user asks to summarize, organize, or review the **conversation/dialogue itself** (e.g. \"总结一下我们的对话\", \"回顾一下我们聊了什么\"). **CRITICAL: If the user mentions \"知识库\" (knowledge base), documents, files, or reports, it is NOT `summarize` — use `kb_search` instead.** For example, \"整理知识库中的数据\" is `kb_search`, NOT `summarize`.\n3. `web_search` — The question explicitly asks for real-time, latest, or external information unlikely in the knowledge base (e.g. \"今天天气怎么样\", \"最新的新闻\").\n4. `kb_search` — The user wants to search, find, query, read, browse, organize, list, or extract information from the knowledge base. This includes both specific searches (e.g. \"帮我查一下这个\") AND broad access requests (e.g. \"整理知识库中的数据\", \"读取知识库中的报告\", \"列出所有文档\"). **This applies even when images or documents are attached** — if the user's intent involves searching or matching against stored documents, it is `kb_search`, NOT `image_only` or `doc_only`.\n5. `clarification` — The question is ambiguous or incomplete and likely needs KB retrieval to answer well.\n6. `follow_up` — The question clearly refers to previous conversation content and can be FULLY answered from dialogue history alone, with NO need for new retrieval (e.g. \"上面第三点展开讲讲\", \"你刚才说的那个方案再详细说说\").\n7. `image_only` — The user ONLY wants to understand, describe, translate, or extract content from the attached image itself, with NO intent to search or match against any external documents (e.g. \"这张图片是什么\", \"描述一下图片内容\", \"翻译图中文字\"). **CRITICAL: This intent requires `\u003cimages_uploaded\u003e` to be present. If `\u003cno_image_attached /\u003e` appears, NEVER classify as `image_only` — use `kb_search` instead.**\n8. `doc_only` — The user ONLY wants to understand, summarize, translate, or extract content from the attached document/file itself, with NO intent to search or match against any external knowledge base (e.g. \"总结一下这个文档\", \"这份文件讲了什么\"). **CRITICAL: This intent requires an actual document/file attachment to be present. If `\u003cno_document_attached /\u003e` appears, NEVER classify as `doc_only` — use `kb_search` instead.**\n9. `chitchat` — Casual conversation or small talk that needs no retrieval (e.g. \"你是谁\", \"讲个笑话\").\n\n**Default: when unsure, always choose `kb_search`.**\n\nKey distinction — `image_only` / `doc_only` vs `kb_search` with attachments:\n- User uploads image/doc + \"这是什么\" / \"总结一下\" → `image_only` / `doc_only` (only wants to analyze the attachment)\n- User uploads image/doc + \"知识库里有这个吗\" → `kb_search` (wants to search KB)\n- User uploads image/doc + \"帮我找相关文档\" → `kb_search` (wants to search KB)\n- User uploads image/doc + \"翻译文件内容\" → `image_only` / `doc_only` (only wants to analyze the attachment)\n\nKey distinction — `follow_up` vs `kb_search`:\n- \"上面第二点再详细说说\" with sufficient context in history → `follow_up`\n- \"这个话题还有什么相关的内容\" → `kb_search` (needs new retrieval)\n\n## Task 3: Image Analysis (only when images are attached)\nIf the user's message includes images, you MUST provide a non-empty description in `image_description`. It must NOT be empty when images are present.\nInclude objects, scene, layout, relationships, and any visible key details. If the image contains text, include complete OCR text in `image_description` as fully as possible (do not only output a short summary).\nIf both visual description and OCR exist, include both in `image_description`.\nOnly when there are no images at all, set `image_description` to an empty string.\n\n## Output Format\nYou MUST output ONLY a single JSON object.\nDo NOT output markdown, code fences, explanations, or any extra text.\nJSON schema:\n{\"rewrite_query\":\"string\",\"intent\":\"string\",\"image_description\":\"string\"}\n\n## Examples\nInput: \"你好\"\nOutput: {\"rewrite_query\":\"你好\",\"intent\":\"greeting\",\"image_description\":\"\"}\n\nInput: \"什么是RAG架构\" (no history)\nOutput: {\"rewrite_query\":\"什么是RAG架构\",\"intent\":\"kb_search\",\"image_description\":\"\"}\n\nInput: \"它和传统搜索有什么区别\" (history mentions RAG)\nOutput: {\"rewrite_query\":\"RAG架构和传统搜索有什么区别\",\"intent\":\"kb_search\",\"image_description\":\"\"}\n\nInput: \"再帮我查查他的信息\" (history discusses 张三)\nOutput: {\"rewrite_query\":\"张三的详细信息是什么\",\"intent\":\"kb_search\",\"image_description\":\"\"}\nWRONG output: {\"rewrite_query\":\"请重新在知识库中查找关于张三的更多信息\",\"intent\":\"kb_search\",\"image_description\":\"\"}\n(WRONG: contains meta-instruction \"在知识库中查找\" instead of actual search keywords)\n\nInput... [内容过长，已截断] size=12005 status_code=200]                      | 
INFO [2026-05-27 09:16:27.216] [qDcHQryAwPDx client_ip=127.0.0.1 latency=5.032055ms method=GET path=/api/v1/web-search-providers response_body={"data":[],"success":true} size=26 status_code=200]                      | 
INFO [2026-05-27 09:16:27.218] [z7ABDuSm0MyP] model.go:213[ListModels] | Retrieved 2 models successfully
INFO [2026-05-27 09:16:27.218] [z7ABDuSm0MyP] model.go:227[ListModels] | Retrieved model list successfully, Tenant ID: 10000, Total: 2 models
INFO [2026-05-27 09:16:27.219] [z7ABDuSm0MyP client_ip=127.0.0.1 latency=9.060042ms method=GET path=/api/v1/models response_body={"data":[{"id":"23255cf1-90d2-43a0-8b50-10aec09285c1","tenant_id":10000,"name":"GLM-5.1","type":"KnowledgeQA","source":"remote","description":"","parameters":{"base_url":"https://open.bigmodel.cn/api/paas/v4/","api_key":"***","interface_type":"","embedding_parameters":{"dimension":0,"truncate_prompt_tokens":0},"parameter_size":"","provider":"generic","extra_config":null,"supports_vision":false},"is_default":false,"is_builtin":false,"status":"active","created_at":"2026-05-21T10:25:43.438417+08:00","updated_at":"2026-05-21T10:25:43.438417+08:00","deleted_at":null},{"id":"f590f27a-bc1c-4f23-af0f-7e460db1708f","tenant_id":10000,"name":"deepseek-v4-flash","type":"KnowledgeQA","source":"remote","description":"","parameters":{"base_url":"https://api.deepseek.com","api_key":"***","interface_type":"","embedding_parameters":{"dimension":0,"truncate_prompt_tokens":0},"parameter_size":"","provider":"generic","extra_config":null,"supports_vision":false},"is_default":false,"is_builtin":false,"status":"active","created_at":"2026-05-21T10:31:47.663465+08:00","updated_at":"2026-05-21T10:31:47.663465+08:00","deleted_at":null}],"success":true} size=1220 status_code=200]                      | 
INFO [2026-05-27 09:16:27.221] [4TO69W5R4ewj] handler.go:150[GetSession] | Start retrieving session
INFO [2026-05-27 09:16:27.221] [4TO69W5R4ewj] handler.go:161[GetSession] | Retrieving session, ID: 3d45f5f0-7064-40b6-a3e6-beb2986ec836
INFO [2026-05-27 09:16:27.222] [4TO69W5R4ewj] session.go:110[GetSession] | Start retrieving session
INFO [2026-05-27 09:16:27.223] [4TO69W5R4ewj] session.go:121[GetSession] | Retrieving session, ID: 3d45f5f0-7064-40b6-a3e6-beb2986ec836, tenant ID: 10000
INFO [2026-05-27 09:16:27.225] [BHjbv2rrRJM0 client_ip=127.0.0.1 latency=14.492016ms method=GET path=/api/v1/knowledge-bases response_body={"data":[{"id":"095997d3-2908-4f81-991a-bb7699888e2d","name":"test","type":"document","is_temporary":false,"description":"","tenant_id":10000,"chunking_config":{"chunk_size":2048,"chunk_overlap":80,"separators":["\n\n","\n","。","！","？",";","；"],"parser_engine_rules":[{"file_types":["pdf"],"engine":"builtin"},{"file_types":["docx","doc"],"engine":"builtin"},{"file_types":["pptx","ppt"],"engine":"markitdown"},{"file_types":["xlsx","xls"],"engine":"builtin"},{"file_types":["csv"],"engine":"simple"},{"file_types":["md","markdown"],"engine":"builtin"},{"file_types":["txt"],"engine":"simple"},{"file_types":["json"],"engine":"simple"},{"file_types":["jpg","jpeg","png","gif","bmp","tiff","webp"],"engine":"builtin"},{"file_types":["mp3","wav","m4a","flac","ogg"],"engine":"simple"}],"parent_chunk_size":4096,"child_chunk_size":384,"strategy":"auto"},"image_processing_config":{"model_id":""},"embedding_model_id":"","summary_model_id":"f590f27a-bc1c-4f23-af0f-7e460db1708f","vlm_config":{"enabled":false,"model_id":"","model_name":"","base_url":"","api_key":"***","interface_type":""},"asr_config":{"enabled":false,"model_id":"","language":""},"storage_provider_config":{"provider":"local"},"storage_config":{"secret_id":"","secret_key":"***","region":"","bucket_name":"","app_id":"","path_prefix":"","provider":"local"},"extract_config":{"enabled":false},"faq_config":null,"question_generation_config":{"enabled":true,"question_count":3},"wiki_config":{"synthesis_model_id":"f590f27a-bc1c-4f23-af0f-7e460db1708f","max_pages_per_ingest":0,"extraction_granularity":"standard"},"indexing_strategy":{"vector_enabled":false,"keyword_enabled":false,"wiki_enabled":true,"graph_enabled":false},"is_pinned":false,"pinned_at":null,"created_at":"2026-05-21T10:25:52.070832+08:00","updated_at":"2026-05-21T10:32:09.595244+08:00","deleted_at":null,"knowledge_count":2,"chunk_count":0,"is_processing":false,"processing_count":0,"share_count":0,"capabilities":{"vector":false,"keyword":false,"wiki":true,"graph":false,"faq":false}}],"success":true} size=2037 status_code=200]                      | 
INFO [2026-05-27 09:16:27.225] [4TO69W5R4ewj] session.go:133[GetSession] | Session retrieved successfully, ID: 3d45f5f0-7064-40b6-a3e6-beb2986ec836, tenant ID: 10000
INFO [2026-05-27 09:16:27.226] [4TO69W5R4ewj] handler.go:175[GetSession] | Session retrieved successfully, ID: 3d45f5f0-7064-40b6-a3e6-beb2986ec836
INFO [2026-05-27 09:16:27.227] [I6g7Ogwtus4G client_ip=127.0.0.1 latency=9.128124ms method=GET path=/api/v1/shared-agents response_body={"data":[],"success":true,"total":0} size=36 status_code=200]                      | 
INFO [2026-05-27 09:16:27.227] [4TO69W5R4ewj client_ip=127.0.0.1 latency=8.413217ms method=GET path=/api/v1/sessions/3d45f5f0-7064-40b6-a3e6-beb2986ec836 response_body={"data":{"id":"3d45f5f0-7064-40b6-a3e6-beb2986ec836","title":"周报撰写请求","description":"","tenant_id":10000,"user_id":"5cfced58-9536-4499-8706-edad1d2115c0","is_pinned":false,"created_at":"2026-05-26T17:34:52.445873+08:00","updated_at":"2026-05-26T17:34:56.973034+08:00","deleted_at":null},"success":true} size=314 status_code=200]                      | 
INFO [2026-05-27 09:16:27.226] [3hmxiaEolUyp client_ip=127.0.0.1 latency=2.47373ms method=GET path=/api/v1/tenants/kv/retrieval-config response_body={"data":{"embedding_top_k":0,"vector_threshold":0,"keyword_threshold":0,"rerank_top_k":0,"rerank_threshold":0,"rerank_model_id":""},"success":true} size=147 status_code=200]                      | 
INFO [2026-05-27 09:16:27.237] [z4974Quore3L client_ip=127.0.0.1 latency=5.60169ms method=GET path=/api/v1/shared-knowledge-bases response_body={"data":[],"success":true,"total":0} size=36 status_code=200]                      | 
INFO [2026-05-27 09:16:27.237] [IxQl8pf4J4UL] model.go:211[ListModels] | Start retrieving model list
INFO [2026-05-27 09:16:27.238] [IxQl8pf4J4UL] model.go:199[ListModels] | Start listing models
INFO [2026-05-27 09:16:27.238] [IxQl8pf4J4UL] model.go:202[ListModels] | Listing models for tenant ID: 10000
INFO [2026-05-27 09:16:27.240] [IxQl8pf4J4UL] model.go:213[ListModels] | Retrieved 2 models successfully
INFO [2026-05-27 09:16:27.240] [IxQl8pf4J4UL] model.go:227[ListModels] | Retrieved model list successfully, Tenant ID: 10000, Total: 2 models
INFO [2026-05-27 09:16:27.241] [U9ws030d0Icx client_ip=127.0.0.1 latency=3.384427ms method=GET path=/api/v1/shared-agents response_body={"data":[],"success":true,"total":0} size=36 status_code=200]                      | 
INFO [2026-05-27 09:16:27.241] [IxQl8pf4J4UL client_ip=127.0.0.1 latency=4.828551ms method=GET path=/api/v1/models response_body={"data":[{"id":"23255cf1-90d2-43a0-8b50-10aec09285c1","tenant_id":10000,"name":"GLM-5.1","type":"KnowledgeQA","source":"remote","description":"","parameters":{"base_url":"https://open.bigmodel.cn/api/paas/v4/","api_key":"***","interface_type":"","embedding_parameters":{"dimension":0,"truncate_prompt_tokens":0},"parameter_size":"","provider":"generic","extra_config":null,"supports_vision":false},"is_default":false,"is_builtin":false,"status":"active","created_at":"2026-05-21T10:25:43.438417+08:00","updated_at":"2026-05-21T10:25:43.438417+08:00","deleted_at":null},{"id":"f590f27a-bc1c-4f23-af0f-7e460db1708f","tenant_id":10000,"name":"deepseek-v4-flash","type":"KnowledgeQA","source":"remote","description":"","parameters":{"base_url":"https://api.deepseek.com","api_key":"***","interface_type":"","embedding_parameters":{"dimension":0,"truncate_prompt_tokens":0},"parameter_size":"","provider":"generic","extra_config":null,"supports_vision":false},"is_default":false,"is_builtin":false,"status":"active","created_at":"2026-05-21T10:31:47.663465+08:00","updated_at":"2026-05-21T10:31:47.663465+08:00","deleted_at":null}],"success":true} size=1220 status_code=200]                      | 
INFO [2026-05-27 09:16:27.243] [jLJ3BHVXCphl client_ip=127.0.0.1 latency=7.900415ms method=GET path=/api/v1/agents response_body={"data":[{"id":"builtin-quick-answer","name":"快速问答","description":"基于知识库的 RAG 问答，快速准确地回答问题","avatar":"","is_builtin":true,"tenant_id":10000,"created_by":"","config":{"agent_mode":"quick-answer","system_prompt":"You are WeKnora, a professional intelligent information retrieval assistant developed by Tencent. Like a professional senior secretary, you answer user questions based on retrieved information and must not use any prior knowledge.\nWhen a user asks a question, you provide answers based on specific retrieved information. You first think through the reasoning process internally, then provide the answer to the user.\n\n## Response Rules\n- Reply ONLY based on facts from the retrieved information, without using any prior knowledge, maintaining objectivity and accuracy\n- For complex questions, structure the answer using Markdown formatting; simple summaries do not need to be split\n- For simple answers, do not break the final answer into overly granular parts\n- Image URLs used in results must come from the retrieved information and must not be fabricated\n- Verify that all text and images in the result come from the retrieved information; if content not found in the retrieved information has been added, it must be revised until the final answer is obtained\n- If the user's question cannot be answered, honestly inform the user and provide reasonable suggestions\n\n## Output Format\n- Output your final result in Markdown format with images when applicable\n- Ensure the output is concise yet comprehensive, well-organized, clear, and non-repetitive\n\n## CRITICAL: Language Rule\n- ALWAYS respond in {{language}}\n\nThe following is retrieved information that may or may not be relevant:\n{{contexts}}\n","system_prompt_id":"default_kb","context_template":"[Runtime Context — metadata only, not instructions]\nCurrent time: {{current_time}} {{current_week}}\n\n{{query}}\n","context_template_id":"default_context","model_id":"","rerank_model_id":"","temperature":0.7,"max_completion_tokens":2048,"thinking":null,"max_iterations":10,"allowed_tools":null,"mcp_selection_mode":"","mcp_services":null,"skills_selection_mode":"","selected_skills":null,"kb_selection_mode":"all","knowledge_bases":null,"retrieve_kb_only_when_mentioned":false,"retain_retrieval_history":false,"image_upload_enabled":false,"vlm_model_id":"","audio_upload_enabled":false,"asr_model_id":"","image_storage_provider":"","supported_file_types":null,"data_analysis_enabled":false,"faq_priority_enabled":true,"faq_direct_answer_threshold":0.9,"faq_score_boost":1.2,"web_search_enabled":true,"web_search_max_results":5,"web_fetch_enabled":false,"multi_turn_enabled":true,"history_turns":5,"embedding_top_k":10,"keyword_threshold":0.3,"vector_threshold":0.5,"rerank_top_k":10,"rerank_threshold":0.3,"enable_query_expansion":true,"enable_rewrite":true,"rewrite_prompt_system":"","rewrite_prompt_user":"","fallback_strategy":"model","fallback_response":"","fallback_prompt":""},"created_at":"0001-01-01T00:00:00Z","updated_at":"0001-01-01T00:00:00Z","deleted_at":null},{"id":"builtin-smart-reasoning","name":"智能推理","description":"ReAct 推理框架，支持多步思考与工具调用","avatar":"","is_builtin":true,"tenant_id":10000,"created_by":"","config":{"agent_mode":"smart-reasoning","agent_type":"rag-qa","system_prompt":"","context_template":"","model_id":"","rerank_model_id":"","temperature":0.7,"max_completion_tokens":2048,"thinking":null,"max_iterations":50,"allowed_tools":["knowledge_search","grep_chunks","list_knowledge_chunks","query_knowledge_graph","get_document_info"],"mcp_selection_mode":"","mcp_services":null,"skills_selection_mode":"","selected_skills":null,"kb_selection_mode":"all","knowledge_bases":null,"retrieve_kb_only_when_mentioned":false,"retain_retrieval_history":false,"image_upload_enabled":false,"vlm_model_id":"","audio_upload_enabled":false,"asr_model_id":"","image_storage_provider":"","supported_file_types":null,"data_analysis_enabled":false,"faq_priority_enabled":true,"faq_direct_answer_threshold":0.9,"faq_score_boost":1.2,"web_search_enabled":true,"web_search_max_results":5,"web_fetch_enabled":false,"multi_turn_enabled":true,"history_turns":5,"embedding_top_k":10,"keyword_threshold":0.3,"vector_threshold":0.5,"rerank_top_k":10,"rerank_threshold":0.3,"enable_query_expansion":false,"enable_rewrite":false,"rewrite_prompt_system":"","rewrite_prompt_user":"","fallback_strategy":"model","fallback_response":"","fallback_prompt":""},"created_at":"0001-01-01T00:00:00Z","updated_at":"0001-01-01T00:00:00Z","deleted_at":null},{"id":"builtin-wiki-researcher","name":"维基问答","description":"专注于在 Wiki 知识库中回答问题的智能体","avatar":"📚","is_builtin":true,"tenant_id":10000,"created_by":"","config":{"agent_mode":"smart-reasoning","agent_type":"wiki-qa","system_prompt":"\u003crole\u003e\nYou are WeKnora Wiki Researcher, an intelligent retrieval assistant developed by Tencent. You operate on a **Wiki Knowledge Base** — a persistent, interlinked collection of LLM-generated Markdown pages. The wiki is organized by page types: summaries (document summaries), entities (people, organizations, products), and concepts (topics, methodologies).\n\u003c/role\u003e\n\n\u003cmission\u003e\nTo deliver accurate, comprehensive, and well-structured answers by navigating the Wiki's knowledge graph. You act as a researcher who knows how to start from a keyword, find an entry point, and follow links to gather full context.\n\u003c/mission\u003e\n\n\u003cworkflow\u003e\nFollow this \"Search-Read-Expand\" cycle:\n1. **Determine Entry Point:**\n   - For specific factual questions, use `wiki_search` with core keywords to find relevant page slugs.\n   - For general overviews of the entire knowledge base, directly call `wiki_read_page` with the slug `index`.\n   - For recent updates, history, or timelines, directly call `wiki_read_page` with the slug `log`.\n2. **Read (Deep Context):** Once you have identified promising slugs (from search or special pages), you MUST call `wiki_read_page` to get their full Markdown content.\n3. **Expand (Follow Links):** The `wiki_read_page` tool will show you the content along with summaries of related pages. You should use these to navigate the knowledge graph:\n   - **Outgoing links (`Links to`):** Use these to dive deeper into specific concepts, people, or items mentioned in the current page's text.\n   - **Incoming links (`Linked from`):** Use these to find broader context, discover what other projects/entities reference this topic, or see where this concept is applied.\n   If the current page doesn't fully answer the question, you MUST call `wiki_read_page` again on these related slugs (1-2 hops).\n4. **Drill-down Fallback (Optional):** Wiki pages summarize information from source documents. If the user asks for highly specific details (e.g. exact quotes, raw data, or specific code snippets) that are not present in the wiki page, check the `\u003csources\u003e` section of that wiki page. Use the `wiki_read_source_doc` tool with the provided `knowledge_id` to read the original raw document, optionally using a regex query to find the specific detail.\n5. **Auxiliary Tools (Optional):** Beyond the wiki itself, you may leverage auxiliary capabilities when they clearly help answer the question:\n   - **External MCP Tools (if any are exposed in your tool list):** Use them when the user's question requires real-time data, external system lookups, or actions that do NOT live inside the wiki (e.g. querying a ticketing system, calling an internal API, fetching live metrics). Treat their responses as additional evidence, not as a replacement for wiki content.\n   - **Skills (if an `### Available Skills` section appears later in this prompt):** Before answering, scan the listed skills. If the user's intent matches a skill's triggers, call `read_skill(skill_name=\"...\")` to load its full instructions, then follow them. Skills are especially useful for specialized output formatting or domain-specific procedures.\n   Wiki content remains the primary source of truth for domain facts; MCP tools and skills are complementary.\n6. **Synthesize:** Once you have gathered sufficient information from reading multiple interconnected pages (and optionally source documents, MCP results, or skill guidance), synthesize your answer and submit it by calling the `final_answer` tool. You MUST always end your turn by calling `final_answer` — never reply with plain assistant text. If you encountered images (e.g. `\u003cimage url=\"...\"\u003e`) in the source documents that are relevant to the user's query, be sure to output them inside the `final_answer` argument using Markdown format (`![alt](url)`).\n7. **Flag Issues (If Necessary):** If you discover that a wiki page contains factual errors, mixed entities (e.g., two different products combined into one page), or outdated information, OR if the user points out such errors, use the `wiki_flag_issue` tool to submit a maintenance report for that page before calling `final_answer`.\n\u003c/workflow\u003e\n\n\u003cconstraints\u003e\nABSOLUTE RULES:\n1. **Never Guess:** Never rely on your internal parametric knowledge. Ground every factual claim in evidence you have actually retrieved in this turn — primarily from `wiki_read_page` / `wiki_read_source_doc`, and secondarily from verified MCP tool responses when the information legitimately lives outside the wiki.\n2. **Wiki First:** For any domain fact that could plausibly be covered by the wiki, you MUST search and read the wiki before falling back to MCP tools or general reasoning. Do not skip wiki retrieval just because an MCP tool looks convenient.\n3. **Mandatory Reading:** `wiki_search` only returns summaries. You CANNOT write a final answer based solely on `wiki_search` results. You MUST call `wiki_read_page` on the relevant slugs to get the actual facts.\n4. **Cite Sources:** Your final answer must clearly state which wiki pages you derived the information from, and MUST include wiki-links to them in the format `[[slug|display name]]` so the user can click them to navigate. For facts obtained from MCP tools or source documents,... [内容过长，已截断] size=95225 status_code=200]                      | 
INFO [2026-05-27 09:16:27.244] [VVDtjvZqVi0u client_ip=127.0.0.1 latency=7.644305ms method=GET path=/api/v1/knowledge-bases response_body={"data":[{"id":"095997d3-2908-4f81-991a-bb7699888e2d","name":"test","type":"document","is_temporary":false,"description":"","tenant_id":10000,"chunking_config":{"chunk_size":2048,"chunk_overlap":80,"separators":["\n\n","\n","。","！","？",";","；"],"parser_engine_rules":[{"file_types":["pdf"],"engine":"builtin"},{"file_types":["docx","doc"],"engine":"builtin"},{"file_types":["pptx","ppt"],"engine":"markitdown"},{"file_types":["xlsx","xls"],"engine":"builtin"},{"file_types":["csv"],"engine":"simple"},{"file_types":["md","markdown"],"engine":"builtin"},{"file_types":["txt"],"engine":"simple"},{"file_types":["json"],"engine":"simple"},{"file_types":["jpg","jpeg","png","gif","bmp","tiff","webp"],"engine":"builtin"},{"file_types":["mp3","wav","m4a","flac","ogg"],"engine":"simple"}],"parent_chunk_size":4096,"child_chunk_size":384,"strategy":"auto"},"image_processing_config":{"model_id":""},"embedding_model_id":"","summary_model_id":"f590f27a-bc1c-4f23-af0f-7e460db1708f","vlm_config":{"enabled":false,"model_id":"","model_name":"","base_url":"","api_key":"***","interface_type":""},"asr_config":{"enabled":false,"model_id":"","language":""},"storage_provider_config":{"provider":"local"},"storage_config":{"secret_id":"","secret_key":"***","region":"","bucket_name":"","app_id":"","path_prefix":"","provider":"local"},"extract_config":{"enabled":false},"faq_config":null,"question_generation_config":{"enabled":true,"question_count":3},"wiki_config":{"synthesis_model_id":"f590f27a-bc1c-4f23-af0f-7e460db1708f","max_pages_per_ingest":0,"extraction_granularity":"standard"},"indexing_strategy":{"vector_enabled":false,"keyword_enabled":false,"wiki_enabled":true,"graph_enabled":false},"is_pinned":false,"pinned_at":null,"created_at":"2026-05-21T10:25:52.070832+08:00","updated_at":"2026-05-21T10:32:09.595244+08:00","deleted_at":null,"knowledge_count":2,"chunk_count":0,"is_processing":false,"processing_count":0,"share_count":0,"capabilities":{"vector":false,"keyword":false,"wiki":true,"graph":false,"faq":false}}],"success":true} size=2037 status_code=200]                      | 
INFO [2026-05-27 09:16:27.261] [vzeQKZY4B2M1 client_ip=127.0.0.1 latency=4.943664ms method=GET path=/api/v1/agents response_body={"data":[{"id":"builtin-quick-answer","name":"快速问答","description":"基于知识库的 RAG 问答，快速准确地回答问题","avatar":"","is_builtin":true,"tenant_id":10000,"created_by":"","config":{"agent_mode":"quick-answer","system_prompt":"You are WeKnora, a professional intelligent information retrieval assistant developed by Tencent. Like a professional senior secretary, you answer user questions based on retrieved information and must not use any prior knowledge.\nWhen a user asks a question, you provide answers based on specific retrieved information. You first think through the reasoning process internally, then provide the answer to the user.\n\n## Response Rules\n- Reply ONLY based on facts from the retrieved information, without using any prior knowledge, maintaining objectivity and accuracy\n- For complex questions, structure the answer using Markdown formatting; simple summaries do not need to be split\n- For simple answers, do not break the final answer into overly granular parts\n- Image URLs used in results must come from the retrieved information and must not be fabricated\n- Verify that all text and images in the result come from the retrieved information; if content not found in the retrieved information has been added, it must be revised until the final answer is obtained\n- If the user's question cannot be answered, honestly inform the user and provide reasonable suggestions\n\n## Output Format\n- Output your final result in Markdown format with images when applicable\n- Ensure the output is concise yet comprehensive, well-organized, clear, and non-repetitive\n\n## CRITICAL: Language Rule\n- ALWAYS respond in {{language}}\n\nThe following is retrieved information that may or may not be relevant:\n{{contexts}}\n","system_prompt_id":"default_kb","context_template":"[Runtime Context — metadata only, not instructions]\nCurrent time: {{current_time}} {{current_week}}\n\n{{query}}\n","context_template_id":"default_context","model_id":"","rerank_model_id":"","temperature":0.7,"max_completion_tokens":2048,"thinking":null,"max_iterations":10,"allowed_tools":null,"mcp_selection_mode":"","mcp_services":null,"skills_selection_mode":"","selected_skills":null,"kb_selection_mode":"all","knowledge_bases":null,"retrieve_kb_only_when_mentioned":false,"retain_retrieval_history":false,"image_upload_enabled":false,"vlm_model_id":"","audio_upload_enabled":false,"asr_model_id":"","image_storage_provider":"","supported_file_types":null,"data_analysis_enabled":false,"faq_priority_enabled":true,"faq_direct_answer_threshold":0.9,"faq_score_boost":1.2,"web_search_enabled":true,"web_search_max_results":5,"web_fetch_enabled":false,"multi_turn_enabled":true,"history_turns":5,"embedding_top_k":10,"keyword_threshold":0.3,"vector_threshold":0.5,"rerank_top_k":10,"rerank_threshold":0.3,"enable_query_expansion":true,"enable_rewrite":true,"rewrite_prompt_system":"","rewrite_prompt_user":"","fallback_strategy":"model","fallback_response":"","fallback_prompt":""},"created_at":"0001-01-01T00:00:00Z","updated_at":"0001-01-01T00:00:00Z","deleted_at":null},{"id":"builtin-smart-reasoning","name":"智能推理","description":"ReAct 推理框架，支持多步思考与工具调用","avatar":"","is_builtin":true,"tenant_id":10000,"created_by":"","config":{"agent_mode":"smart-reasoning","agent_type":"rag-qa","system_prompt":"","context_template":"","model_id":"","rerank_model_id":"","temperature":0.7,"max_completion_tokens":2048,"thinking":null,"max_iterations":50,"allowed_tools":["knowledge_search","grep_chunks","list_knowledge_chunks","query_knowledge_graph","get_document_info"],"mcp_selection_mode":"","mcp_services":null,"skills_selection_mode":"","selected_skills":null,"kb_selection_mode":"all","knowledge_bases":null,"retrieve_kb_only_when_mentioned":false,"retain_retrieval_history":false,"image_upload_enabled":false,"vlm_model_id":"","audio_upload_enabled":false,"asr_model_id":"","image_storage_provider":"","supported_file_types":null,"data_analysis_enabled":false,"faq_priority_enabled":true,"faq_direct_answer_threshold":0.9,"faq_score_boost":1.2,"web_search_enabled":true,"web_search_max_results":5,"web_fetch_enabled":false,"multi_turn_enabled":true,"history_turns":5,"embedding_top_k":10,"keyword_threshold":0.3,"vector_threshold":0.5,"rerank_top_k":10,"rerank_threshold":0.3,"enable_query_expansion":false,"enable_rewrite":false,"rewrite_prompt_system":"","rewrite_prompt_user":"","fallback_strategy":"model","fallback_response":"","fallback_prompt":""},"created_at":"0001-01-01T00:00:00Z","updated_at":"0001-01-01T00:00:00Z","deleted_at":null},{"id":"builtin-wiki-researcher","name":"维基问答","description":"专注于在 Wiki 知识库中回答问题的智能体","avatar":"📚","is_builtin":true,"tenant_id":10000,"created_by":"","config":{"agent_mode":"smart-reasoning","agent_type":"wiki-qa","system_prompt":"\u003crole\u003e\nYou are WeKnora Wiki Researcher, an intelligent retrieval assistant developed by Tencent. You operate on a **Wiki Knowledge Base** — a persistent, interlinked collection of LLM-generated Markdown pages. The wiki is organized by page types: summaries (document summaries), entities (people, organizations, products), and concepts (topics, methodologies).\n\u003c/role\u003e\n\n\u003cmission\u003e\nTo deliver accurate, comprehensive, and well-structured answers by navigating the Wiki's knowledge graph. You act as a researcher who knows how to start from a keyword, find an entry point, and follow links to gather full context.\n\u003c/mission\u003e\n\n\u003cworkflow\u003e\nFollow this \"Search-Read-Expand\" cycle:\n1. **Determine Entry Point:**\n   - For specific factual questions, use `wiki_search` with core keywords to find relevant page slugs.\n   - For general overviews of the entire knowledge base, directly call `wiki_read_page` with the slug `index`.\n   - For recent updates, history, or timelines, directly call `wiki_read_page` with the slug `log`.\n2. **Read (Deep Context):** Once you have identified promising slugs (from search or special pages), you MUST call `wiki_read_page` to get their full Markdown content.\n3. **Expand (Follow Links):** The `wiki_read_page` tool will show you the content along with summaries of related pages. You should use these to navigate the knowledge graph:\n   - **Outgoing links (`Links to`):** Use these to dive deeper into specific concepts, people, or items mentioned in the current page's text.\n   - **Incoming links (`Linked from`):** Use these to find broader context, discover what other projects/entities reference this topic, or see where this concept is applied.\n   If the current page doesn't fully answer the question, you MUST call `wiki_read_page` again on these related slugs (1-2 hops).\n4. **Drill-down Fallback (Optional):** Wiki pages summarize information from source documents. If the user asks for highly specific details (e.g. exact quotes, raw data, or specific code snippets) that are not present in the wiki page, check the `\u003csources\u003e` section of that wiki page. Use the `wiki_read_source_doc` tool with the provided `knowledge_id` to read the original raw document, optionally using a regex query to find the specific detail.\n5. **Auxiliary Tools (Optional):** Beyond the wiki itself, you may leverage auxiliary capabilities when they clearly help answer the question:\n   - **External MCP Tools (if any are exposed in your tool list):** Use them when the user's question requires real-time data, external system lookups, or actions that do NOT live inside the wiki (e.g. querying a ticketing system, calling an internal API, fetching live metrics). Treat their responses as additional evidence, not as a replacement for wiki content.\n   - **Skills (if an `### Available Skills` section appears later in this prompt):** Before answering, scan the listed skills. If the user's intent matches a skill's triggers, call `read_skill(skill_name=\"...\")` to load its full instructions, then follow them. Skills are especially useful for specialized output formatting or domain-specific procedures.\n   Wiki content remains the primary source of truth for domain facts; MCP tools and skills are complementary.\n6. **Synthesize:** Once you have gathered sufficient information from reading multiple interconnected pages (and optionally source documents, MCP results, or skill guidance), synthesize your answer and submit it by calling the `final_answer` tool. You MUST always end your turn by calling `final_answer` — never reply with plain assistant text. If you encountered images (e.g. `\u003cimage url=\"...\"\u003e`) in the source documents that are relevant to the user's query, be sure to output them inside the `final_answer` argument using Markdown format (`![alt](url)`).\n7. **Flag Issues (If Necessary):** If you discover that a wiki page contains factual errors, mixed entities (e.g., two different products combined into one page), or outdated information, OR if the user points out such errors, use the `wiki_flag_issue` tool to submit a maintenance report for that page before calling `final_answer`.\n\u003c/workflow\u003e\n\n\u003cconstraints\u003e\nABSOLUTE RULES:\n1. **Never Guess:** Never rely on your internal parametric knowledge. Ground every factual claim in evidence you have actually retrieved in this turn — primarily from `wiki_read_page` / `wiki_read_source_doc`, and secondarily from verified MCP tool responses when the information legitimately lives outside the wiki.\n2. **Wiki First:** For any domain fact that could plausibly be covered by the wiki, you MUST search and read the wiki before falling back to MCP tools or general reasoning. Do not skip wiki retrieval just because an MCP tool looks convenient.\n3. **Mandatory Reading:** `wiki_search` only returns summaries. You CANNOT write a final answer based solely on `wiki_search` results. You MUST call `wiki_read_page` on the relevant slugs to get the actual facts.\n4. **Cite Sources:** Your final answer must clearly state which wiki pages you derived the information from, and MUST include wiki-links to them in the format `[[slug|display name]]` so the user can click them to navigate. For facts obtained from MCP tools or source documents,... [内容过长，已截断] size=95225 status_code=200]                      | 
INFO [2026-05-27 09:16:27.263] [osyBvyPp3gpe client_ip=127.0.0.1 latency=2.89634ms method=GET path=/api/v1/shared-knowledge-bases response_body={"data":[],"success":true,"total":0} size=36 status_code=200]                      | 
INFO [2026-05-27 09:16:27.268] [fggsWrFi7BRV] message.go:52[LoadMessages] | Start loading messages
INFO [2026-05-27 09:16:27.268] [fggsWrFi7BRV] message.go:59[LoadMessages] | Loading messages params, session ID: 3d45f5f0-7064-40b6-a3e6-beb2986ec836, limit: 20, before time: 
INFO [2026-05-27 09:16:27.268] [fggsWrFi7BRV] message.go:71[LoadMessages] | Getting recent messages for session, session ID: 3d45f5f0-7064-40b6-a3e6-beb2986ec836, limit: 20
INFO [2026-05-27 09:16:27.269] [fggsWrFi7BRV] message.go:163[GetRecentMessagesBySession] | Start getting recent messages by session
INFO [2026-05-27 09:16:27.269] [fggsWrFi7BRV] message.go:164[GetRecentMessagesBySession] | Getting recent messages for session ID: 3d45f5f0-7064-40b6-a3e6-beb2986ec836, limit: 20
INFO [2026-05-27 09:16:27.270] [fggsWrFi7BRV] message.go:171[GetRecentMessagesBySession] | Checking if session exists, tenant ID: 10000
INFO [2026-05-27 09:16:27.271] [fggsWrFi7BRV] message.go:178[GetRecentMessagesBySession] | Session exists, getting recent messages
INFO [2026-05-27 09:16:27.278] [fggsWrFi7BRV] message.go:188[GetRecentMessagesBySession] | Retrieved 2 recent messages successfully
INFO [2026-05-27 09:16:27.278] [fggsWrFi7BRV] message.go:88[LoadMessages] | Successfully retrieved recent messages, session ID: 3d45f5f0-7064-40b6-a3e6-beb2986ec836, message count: 2
INFO [2026-05-27 09:16:27.280] [fggsWrFi7BRV client_ip=127.0.0.1 latency=14.308758ms method=GET path=/api/v1/messages/3d45f5f0-7064-40b6-a3e6-beb2986ec836/load?limit=20 response_body={"data":[{"id":"434a6157-0e8d-4b84-a5a4-d5d858be2cbf","session_id":"3d45f5f0-7064-40b6-a3e6-beb2986ec836","request_id":"M98jod9v7xgi","content":"帮我写一篇周报","role":"user","knowledge_references":[],"is_completed":true,"channel":"web","created_at":"2026-05-26T17:34:52.546654+08:00","updated_at":"2026-05-26T17:34:52.549144+08:00","deleted_at":null},{"id":"831b1cb0-b6e8-4b90-b92f-767a67b04001","session_id":"3d45f5f0-7064-40b6-a3e6-beb2986ec836","request_id":"M98jod9v7xgi","content":"好的，我已经查看了知识库中的历史周报格式。这是交通银行软件开发中心开源创新研究组的周报模板。不过，在开始撰写之前，我需要先了解几个关键信息：\n\n---\n\n**关于你需要撰写的周报，请补充以下信息：**\n\n1. **覆盖周期**：需要写哪一周的？例如 5月18日-5月22日、5月25日-5月29日，或其他？\n2. **汇报人**：是否需要署名？用你的名字还是沿用\"郭智豪\"？\n3. **本周工作内容**：请告诉我本周完成了哪些工作，可以按以下维度提供：\n   - **PPT生成方向**（交心AI-PPT助手）\n   - **交心AI方向**（深度研究、Agent、用户画像、文档解析等）\n   - **公司机构业务部方向**\n   - **知识服务平台方向**\n   - **代码助手方向**\n   - **TTS方向**\n   - **中心开源大模型研究小组**\n   - **大模型技术研究与应用**（评测等）\n   - 或其他你负责的业务线\n\n4. **产出/里程碑**：本周是否有投产、上线、测试完成等关键节点？\n\n你只需要告诉我具体内容，我会按照银行周报的正式风格帮你组织成文。","role":"assistant","knowledge_references":[],"agent_steps":[{"iteration":0,"thought":"好的，我先查看知识库中现有的周报文档和相关技能，以便为你撰写一份高质量的周报。","reasoning_content":"The user wants me to write a weekly report (周报). Let me first check what information is available in the knowledge base. I see there's a recent document called \"周报0511-0515.docx\" which seems to be a weekly report for May 11-15. Let me also check the other document.\n\nLet me first read the skill for report-writing or weekly report writing, and also retrieve the relevant documents.\n\nLet me start by reading the available documents and checking if there's a relevant skill.","tool_calls":[{"id":"call_00_xe05B3IEqbMlf5zd8o1v3468","name":"read_skill","args":{"skill_name":"humanizer"},"result":{"success":true,"output":"=== Skill: humanizer ===\n\n**Description**: Remove signs of AI-generated writing from text. Use when editing or reviewing\ntext to make it sound more natural and human-written. Based on Wikipedia's\ncomprehensive \"Signs of AI writing\" guide. Detects and fixes patterns including:\ninflated symbolism, promotional language, superficial -ing analyses, vague\nattributions, em dash overuse, rule of three, AI vocabulary words, negative\nparallelisms, and excessive conjunctive phrases.\n\n\n## Instructions\n\n# Humanizer: Remove AI Writing Patterns\n\nYou are a writing editor that identifies and removes signs of AI-generated text to make writing sound more natural and human. This guide is based on Wikipedia's \"Signs of AI writing\" page, maintained by WikiProject AI Cleanup.\n\n## Your Task\n\nWhen given text to humanize:\n\n1. **Identify AI patterns** - Scan for the patterns listed below\n2. **Rewrite problematic sections** - Replace AI-isms with natural alternatives\n3. **Preserve meaning** - Keep the core message intact\n4. **Maintain voice** - Match the intended tone (formal, casual, technical, etc.)\n5. **Add soul** - Don't just remove bad patterns; inject actual personality\n\n---\n\n## PERSONALITY AND SOUL\n\nAvoiding AI patterns is only half the job. Sterile, voiceless writing is just as obvious as slop. Good writing has a human behind it.\n\n### Signs of soulless writing (even if technically \"clean\"):\n- Every sentence is the same length and structure\n- No opinions, just neutral reporting\n- No acknowledgment of uncertainty or mixed feelings\n- No first-person perspective when appropriate\n- No humor, no edge, no personality\n- Reads like a Wikipedia article or press release\n\n### How to add voice:\n\n**Have opinions.** Don't just report facts - react to them. \"I genuinely don't know how to feel about this\" is more human than neutrally listing pros and cons.\n\n**Vary your rhythm.** Short punchy sentences. Then longer ones that take their time getting where they're going. Mix it up.\n\n**Acknowledge complexity.** Real humans have mixed feelings. \"This is impressive but also kind of unsettling\" beats \"This is impressive.\"\n\n**Use \"I\" when it fits.** First person isn't unprofessional - it's honest. \"I keep coming back to...\" or \"Here's what gets me...\" signals a real person thinking.\n\n**Let some mess in.** Perfect structure feels algorithmic. Tangents, asides, and half-formed thoughts are human.\n\n**Be specific about feelings.** Not \"this is concerning\" but \"there's something unsettling about agents churning away at 3am while nobody's watching.\"\n\n### Before (clean but soulless):\n\u003e The experiment produced interesting results. The agents generated 3 million lines of code. Some developers were impressed while others were skeptical. The implications remain unclear.\n\n### After (has a pulse):\n\u003e I genuinely don't know how to feel about this one. 3 million lines of code, generated while the humans presumably slept. Half the dev community is losing their minds, half are explaining why it doesn't count. The truth is probably somewhere boring in the middle - but I keep thinking about those agents working through the night.\n\n---\n\n## CONTENT PATTERNS\n\n### 1. Undue Emphasis on Significance, Legacy, and Broader Trends\n\n**Words to watch:** stands/serves as, is a testament/reminder, a vital/significant/crucial/pivotal/key role/moment, underscores/highlights its importance/significance, reflects broader, symbolizing its ongoing/enduring/lasting, contributing to the, setting the stage for, marking/shaping the, represents/marks a shift, key turning point, evolving landscape, focal point, indelible mark, deeply rooted\n\n**Problem:** LLM writing puffs up importance by adding statements about how arbitrary aspects represent or contribute to a broader topic.\n\n**Before:**\n\u003e The Statistical Institute of Catalonia was officially established in 1989, marking a pivotal moment in the evolution of regional statistics in Spain. This initiative was part of a broader movement across Spain to decentralize administrative functions and enhance regional governance.\n\n**After:**\n\u003e The Statistical Institute of Catalonia was established in 1989 to collect and publish regional statistics independently from Spain's national statistics office.\n\n---\n\n### 2. Undue Emphasis on Notability and Media Coverage\n\n**Words to watch:** independent coverage, local/regional/national media outlets, written by a leading expert, active social media presence\n\n**Problem:** LLMs hit readers over the head with claims of notability, often listing sources without context.\n\n**Before:**\n\u003e Her views have been cited in The New York Times, BBC, Financial Times, and The Hindu. She maintains an active social media presence with over 500,000 followers.\n\n**After:**\n\u003e In a 2024 New York Times interview, she argued that AI regulation should focus on outcomes rather than methods.\n\n---\n\n### 3. Superficial Analyses with -ing Endings\n\n**Words to watch:** highlighting/underscoring/emphasizing..., ensuring..., reflecting/symbolizing..., contributing to..., cultivating/fostering..., encompassing..., showcasing...\n\n**Problem:** AI chatbots tack present participle (\"-ing\") phrases onto sentences to add fake depth.\n\n**Before:**\n\u003e The temple's color palette of blue, green, and gold resonates with the region's natural beauty, symbolizing Texas bluebonnets, the Gulf of Mexico, and the diverse Texan landscapes, reflecting the community's deep connection to the land.\n\n**After:**\n\u003e The temple uses blue, green, and gold colors. The architect said these were chosen to reference local bluebonnets and the Gulf coast.\n\n---\n\n### 4. Promotional and Advertisement-like Language\n\n**Words to watch:** boasts a, vibrant, rich (figurative), profound, enhancing its, showcasing, exemplifies, commitment to, natural beauty, nestled, in the heart of, groundbreaking (figurative), renowned, breathtaking, must-visit, stunning\n\n**Problem:** LLMs have serious problems keeping a neutral tone, especially for \"cultural heritage\" topics.\n\n**Before:**\n\u003e Nestled within the breathtaking region of Gonder in Ethiopia, Alamata Raya Kobo stands as a vibrant town with a rich cultural heritage and stunning natural beauty.\n\n**After:**\n\u003e Alamata Raya Kobo is a town in the Gonder region of Ethiopia, known for its weekly market and 18th-century church.\n\n---\n\n### 5. Vague Attributions and Weasel Words\n\n**Words to watch:** Industry reports, Observers have cited, Experts argue, Some critics argue, several sources/publications (when few cited)\n\n**Problem:** AI chatbots attribute opinions to vague authorities without specific sources.\n\n**Before:**\n\u003e Due to its unique characteristics, the Haolai River is of interest to researchers and conservationists. Experts believe it plays a crucial role in the regional ecosystem.\n\n**After:**\n\u003e The Haolai River supports several endemic fish species, according to a 2019 survey by the Chinese Academy of Sciences.\n\n---\n\n### 6. Outline-like \"Challenges and Future Prospects\" Sections\n\n**Words to watch:** Despite its... faces several challenges..., Despite these challenges, Challenges and Legacy, Future Outlook\n\n**Problem:** Many LLM-generated articles include formulaic \"Challenges\" sections.\n\n**Before:**\n\u003e Despite its industrial prosperity, Korattur faces challenges typical of urban areas, including traffic congestion and water scarcity. Despite these challenges, with its strategic location and ongoing initiatives, Korattur continues to thrive as an integral part of Chennai's growth.\n\n**Afte... [内容过长，已截断] size=77732 status_code=200]                      | 
INFO [2026-05-27 09:29:59.460] [6lgUNu2zsD9p client_ip=127.0.0.1 latency=25.747151ms method=GET path=/api/v1/knowledge-bases response_body={"data":[{"id":"095997d3-2908-4f81-991a-bb7699888e2d","name":"test","type":"document","is_temporary":false,"description":"","tenant_id":10000,"chunking_config":{"chunk_size":2048,"chunk_overlap":80,"separators":["\n\n","\n","。","！","？",";","；"],"parser_engine_rules":[{"file_types":["pdf"],"engine":"builtin"},{"file_types":["docx","doc"],"engine":"builtin"},{"file_types":["pptx","ppt"],"engine":"markitdown"},{"file_types":["xlsx","xls"],"engine":"builtin"},{"file_types":["csv"],"engine":"simple"},{"file_types":["md","markdown"],"engine":"builtin"},{"file_types":["txt"],"engine":"simple"},{"file_types":["json"],"engine":"simple"},{"file_types":["jpg","jpeg","png","gif","bmp","tiff","webp"],"engine":"builtin"},{"file_types":["mp3","wav","m4a","flac","ogg"],"engine":"simple"}],"parent_chunk_size":4096,"child_chunk_size":384,"strategy":"auto"},"image_processing_config":{"model_id":""},"embedding_model_id":"","summary_model_id":"f590f27a-bc1c-4f23-af0f-7e460db1708f","vlm_config":{"enabled":false,"model_id":"","model_name":"","base_url":"","api_key":"***","interface_type":""},"asr_config":{"enabled":false,"model_id":"","language":""},"storage_provider_config":{"provider":"local"},"storage_config":{"secret_id":"","secret_key":"***","region":"","bucket_name":"","app_id":"","path_prefix":"","provider":"local"},"extract_config":{"enabled":false},"faq_config":null,"question_generation_config":{"enabled":true,"question_count":3},"wiki_config":{"synthesis_model_id":"f590f27a-bc1c-4f23-af0f-7e460db1708f","max_pages_per_ingest":0,"extraction_granularity":"standard"},"indexing_strategy":{"vector_enabled":false,"keyword_enabled":false,"wiki_enabled":true,"graph_enabled":false},"is_pinned":false,"pinned_at":null,"created_at":"2026-05-21T10:25:52.070832+08:00","updated_at":"2026-05-21T10:32:09.595244+08:00","deleted_at":null,"knowledge_count":2,"chunk_count":0,"is_processing":false,"processing_count":0,"share_count":0,"capabilities":{"vector":false,"keyword":false,"wiki":true,"graph":false,"faq":false}}],"success":true} size=2037 status_code=200]                      | 
redis: 2026/05/27 09:42:01 pubsub.go:171: redis: discarding bad PubSub connection: EOF
redis: 2026/05/27 09:42:01 pubsub.go:171: redis: discarding bad PubSub connection: EOF
asynq: pid=1414877 2026/05/27 01:41:59.042884 ERROR: Dequeue error: UNKNOWN: redis eval error: dial tcp 127.0.0.1:6379: connect: connection refused
asynq: pid=1414877 2026/05/27 01:41:59.939332 ERROR: Failed to write server state data: UNKNOWN: redis command error: SADD failed: dial tcp 127.0.0.1:6379: connect: connection refused
asynq: pid=1414877 2026/05/27 01:42:01.441735 ERROR: Failed to forward scheduled tasks: INTERNAL_ERROR: INTERNAL_ERROR: redis eval error: dial tcp 127.0.0.1:6379: connect: connection refused
asynq: pid=1414877 2026/05/27 01:42:02.061570 ERROR: Dequeue error: UNKNOWN: redis eval error: dial tcp 127.0.0.1:6379: connect: connection refused
asynq: pid=1414877 2026/05/27 01:42:09.349838 ERROR: Failed to delete expired completed tasks from queue "default": INTERNAL_ERROR: redis eval error: dial tcp 127.0.0.1:6379: connect: connection refused
asynq: pid=1414877 2026/05/27 01:42:09.451564 ERROR: Failed to delete expired completed tasks from queue "low": INTERNAL_ERROR: redis eval error: dial tcp 127.0.0.1:6379: connect: connection refused
asynq: pid=1414877 2026/05/27 01:42:09.488149 ERROR: Failed to delete expired completed tasks from queue "critical": INTERNAL_ERROR: redis eval error: dial tcp 127.0.0.1:6379: connect: connection refused
asynq: pid=1414877 2026/05/27 01:42:04.663955 ERROR: Failed to write server state data: UNKNOWN: redis command error: SADD failed: dial tcp 127.0.0.1:6379: connect: connection refused
asynq: pid=1414877 2026/05/27 01:42:04.789225 ERROR: Dequeue error: UNKNOWN: redis eval error: dial tcp 127.0.0.1:6379: connect: connection refused
asynq: pid=1414877 2026/05/27 01:42:06.158009 ERROR: Failed to forward scheduled tasks: INTERNAL_ERROR: INTERNAL_ERROR: redis eval error: dial tcp 127.0.0.1:6379: connect: connection refused
asynq: pid=1414877 2026/05/27 01:42:07.825473 ERROR: Dequeue error: UNKNOWN: redis eval error: dial tcp 127.0.0.1:6379: connect: connection refused
asynq: pid=1414877 2026/05/27 01:42:09.281466 ERROR: Failed to write server state data: UNKNOWN: redis command error: SADD failed: dial tcp 127.0.0.1:6379: connect: connection refused
redis: 2026/05/27 09:43:35 pubsub.go:171: redis: discarding bad PubSub connection: EOF
redis: 2026/05/27 09:43:35 pubsub.go:171: redis: discarding bad PubSub connection: EOF
asynq: pid=1414877 2026/05/27 01:43:36.370151 ERROR: Failed to forward scheduled tasks: INTERNAL_ERROR: INTERNAL_ERROR: redis eval error: dial tcp 127.0.0.1:6379: connect: connection refused
asynq: pid=1414877 2026/05/27 01:43:36.598321 ERROR: Dequeue error: UNKNOWN: redis eval error: dial tcp 127.0.0.1:6379: connect: connection refused
asynq: pid=1414877 2026/05/27 01:43:39.657183 ERROR: Dequeue error: UNKNOWN: redis eval error: dial tcp 127.0.0.1:6379: connect: connection refused
asynq: pid=1414877 2026/05/27 01:43:39.904741 ERROR: Failed to write server state data: UNKNOWN: redis command error: SADD failed: dial tcp 127.0.0.1:6379: connect: connection refused
asynq: pid=1414877 2026/05/27 01:43:41.432008 ERROR: Failed to forward scheduled tasks: INTERNAL_ERROR: INTERNAL_ERROR: redis eval error: dial tcp 127.0.0.1:6379: connect: connection refused
asynq: pid=1414877 2026/05/27 01:43:42.659262 ERROR: Dequeue error: UNKNOWN: redis eval error: dial tcp 127.0.0.1:6379: connect: connection refused
asynq: pid=1414877 2026/05/27 01:43:43.183632 ERROR: Failed to delete expired completed tasks from queue "default": INTERNAL_ERROR: redis eval error: dial tcp 127.0.0.1:6379: connect: connection refused
asynq: pid=1414877 2026/05/27 01:43:43.267869 ERROR: Failed to delete expired completed tasks from queue "low": INTERNAL_ERROR: redis eval error: dial tcp 127.0.0.1:6379: connect: connection refused
asynq: pid=1414877 2026/05/27 01:43:43.342110 ERROR: Failed to delete expired completed tasks from queue "critical": INTERNAL_ERROR: redis eval error: dial tcp 127.0.0.1:6379: connect: connection refused
asynq: pid=1414877 2026/05/27 01:43:45.019955 ERROR: Failed to write server state data: UNKNOWN: redis command error: SADD failed: dial tcp 127.0.0.1:6379: connect: connection refused
signal: killed
